,frame_number,SITI.SI,SITI.TI,VCA. E,VCA. h,VCA. epsilon,VCA. L,VCA. avgU,VCA. energyU,VCA. avgV,VCA. energyV,AGH.Blockiness,AGH.Spatial Activity,AGH.Letterbox,AGH.Pillarbox,AGH.Blockloss,AGH.Blur,AGH.TemporalAct,AGH.Blackout,AGH.Freezing,AGH.Exposure(bri),AGH.Contrast,AGH.Interlace,AGH.Noise,AGH.Slice,AGH.Flickering,cambi,fft,cubcol.1.0,cubrow.0.5,temporal,uhdhdsim,cubrow.0.6,cubcol.0.6,saturation,movement,cubrow.0,blockiness,cubcol.0.5,staticness,tone,cubcol.0,contrast,cubrow.0.3,cubcol.0.3,cubrow.1.0,blur,noise,color_fulness
0,300,20.1142,23.9656,14,0.0,0,121,117,5,140,7,0.97439,21.3451,0.0,0.0,7.17857,10.456,0.0,0.0,0.0,106.0,29.8699,0.0,0.4,4.873,0.0,0.114089,63230.30293900966,0.07809593667545733,0.08088008004258176,0.0,102.21324891498091,0.09050974503182607,0.04673134263868106,53.43252299744405,0.0,0.051854419073381015,1.181692805547741,0.09618876810621482,723.6875321940048,0.44928388235294103,0.04760384642854142,87.1784419213576,0.08850630461482965,0.10093126248927968,0.03412737534708733,2541.2274712351664,0.3375453823643039,82.27776434415499
1,301,20.7142,23.9449,14,18.1868,0,121,117,5,140,8,0.98003,21.79636,0.0,0.0,5.35714,10.248,20.60543,0.0,0.0,120.0,30.21183,0.0,0.4,5.544,-1.0,0.087879,63519.13362099551,0.07173151338424999,0.06290934748464838,5.742709470516266,102.06908758617018,0.07541966560778637,0.04606308144618757,54.212079083478,18.742283950617285,0.05131369430342623,1.155307781255446,0.062013946250117934,704.1740174060168,0.4531745098039215,0.04734535891295385,86.81211055075012,0.0770357093285386,0.07081467529760249,0.02711496131157524,2883.7424793969403,0.33976300840753365,84.0986660455038
2,302,21.4031,24.6156,14,17.3548,0,120,117,5,141,8,0.97926,22.39081,0.0,0.0,9.21429,10.463,20.60297,0.0,0.0,115.0,30.6762,0.0,0.4,5.251,-1.0,0.093583,63705.997914111846,0.07418644687758424,0.058041149575528174,5.814071137607317,101.91484108751186,0.0691733694303982,0.046644270988667004,54.839469627097806,16.034095293209877,0.051865203546276946,1.1706924016648026,0.05394309074905421,696.2095642438535,0.45784627450980386,0.047269249105378164,85.07458013682142,0.06971972524666348,0.0651844602488565,0.02538362344380746,3152.715156667506,0.33976300840753443,86.42537479598292
3,303,22.7934,24.3863,15,17.4066,0,120,117,5,141,9,0.97922,23.64249,0.0,0.0,9.46429,10.165,21.19436,0.0,0.0,109.0,31.28048,0.0,0.4,4.563,-1.0,0.109708,63761.19840857017,0.07786395260538138,0.05680971713161349,5.9295855715348535,101.64790918608622,0.06719966393450713,0.04585279632690622,55.3787397219811,14.63917824074074,0.05172990652571311,1.5654806382640944,0.049412046437487596,693.4654936411912,0.4705301960784313,0.047102090972687506,89.65038159126748,0.06907646665858157,0.06812831913059866,0.024654630661597184,3688.2905068255545,0.33976300840753454,88.47309716339264
4,304,23.7508,24.2382,15,19.2157,0,119,117,5,141,9,0.98435,24.50164,0.0,0.0,7.78571,10.074,20.99442,0.0,0.0,113.0,31.79314,0.0,0.4,5.827,-1.0,0.089513,63684.595807123034,0.07618562319659827,0.06148408306561818,6.037215181065664,101.5413346778912,0.06611256133753937,0.045312271738543665,55.70623911162953,14.289882330246913,0.05199737232968214,1.907941569144848,0.04634783868203856,691.5792986150173,0.47701843137254896,0.047232328870017284,88.01017745666407,0.06606794856876025,0.0684532025319223,0.024328251348213023,4005.230034835251,0.3436040493865977,90.14819236987269
5,305,24.5905,24.1881,15,20.3779,0,118,117,5,141,9,0.99154,25.29314,0.0,0.0,9.82143,10.228,20.88091,0.0,0.0,114.0,32.46411,0.0,0.41,5.074,-1.0,0.124983,63816.6989321218,0.07805711180768317,0.06558047882178257,6.04479518030695,101.44054337048536,0.06907807304886758,0.04567827385123964,55.963184874734765,13.388744212962964,0.05155590685069782,1.4248485748090705,0.041581266777337214,687.1636853809221,0.48587058823529405,0.047325151594278664,90.0138888928864,0.06382633220742197,0.06890162596115938,0.024365290869857954,4120.874502080363,0.34360404938660066,91.53774698634403
6,306,25.7599,24.5139,16,21.4413,0,118,117,5,141,9,0.99411,26.37656,0.0,0.0,12.67857,10.475,20.82907,0.0,0.0,111.0,33.02708,0.0,0.4,4.782,-1.0,0.109829,63923.23402932665,0.08145676171603916,0.06840575986709556,6.1092566499172065,101.27216835666097,0.07077166201891141,0.047184801398889226,55.79561454867139,12.986593364197532,0.051280082974054106,1.1869760344212632,0.03884104239745611,680.5742789850315,0.49322274509803915,0.04719477701430504,86.95582796679571,0.06180664545074722,0.07003590553612285,0.025895701356848242,4541.511459473251,0.34582167542982445,92.17097912898001
7,307,26.5975,24.9878,17,21.243,0,118,117,5,141,10,0.99481,27.27489,0.0,0.0,9.57143,10.716,21.08186,0.0,0.0,116.0,33.4157,0.0,0.4,3.513,-1.0,0.098816,63878.26404329444,0.0868576674675485,0.07040430745186234,6.246531998228043,101.10738286747109,0.07076739496313808,0.04569525906703776,55.401642410843465,12.608314043209877,0.051589973953540126,0.8184912945988394,0.03707074657545504,672.0710203112285,0.4976117647058823,0.04727646578990771,85.04806701219533,0.060336198277097644,0.07298120376739123,0.03166350603305902,4825.721405588903,0.3458216754298291,91.84863460940558
8,308,25.0317,25.3877,17,22.1516,0,117,117,5,140,9,0.99694,26.05517,0.0,0.0,7.21429,11.498,21.48931,0.0,0.0,120.0,33.60845,0.0,0.4,3.441,0.12603,0.113453,63810.357655310385,0.0882400179580621,0.0705344409858801,6.425539200125207,101.31619823675969,0.0696957384258811,0.04291418620995589,54.810755035023625,11.911072530864198,0.05221491233777553,0.923774490252051,0.03638494322966158,662.1563812080335,0.5005094509803921,0.04709575911061046,85.6549470133395,0.0593609081858685,0.07624556158857622,0.03827424844297248,3778.732278137634,0.34803930147305767,91.58760900303571
9,309,23.9025,26.2663,16,23.1476,0,117,117,6,140,9,0.9999,25.21155,0.0,0.0,8.5,11.833,21.82323,0.0,0.0,118.0,33.68816,0.0,0.41,3.874,-1.0,0.111326,63827.83251675554,0.08917350883024111,0.06793337117385169,6.591060036311562,101.5216461347424,0.06887976713717385,0.040984755641258086,54.38325971438561,11.349971064814815,0.052679611591432945,1.7256425126284003,0.03792703236213877,651.3653200367431,0.5061737254901961,0.04688240442748907,86.32195941848555,0.0613698240278427,0.07744400568205512,0.040111048339335494,3317.9205607277154,0.3480393014730582,90.50067939672849
10,310,23.6918,26.0539,16,25.1478,0,117,117,6,140,9,0.9914,25.06684,0.0,0.0,13.78571,11.792,22.57624,0.0,0.0,106.0,33.80311,0.0,0.4,3.369,-1.0,0.119804,63794.32523836563,0.08821119271895997,0.0659019964835145,6.705952269901227,101.59367665149159,0.06771014316726447,0.03950477364415618,54.00391623414593,15.232301311728396,0.05219252586965397,0.9186358673991132,0.04089435538695919,639.7984000282091,0.5135737254901961,0.046548679582427255,86.83617856189976,0.06629421454827908,0.07926137267737678,0.03937489809838445,3243.7131292292993,0.35188034245211597,90.64013467057931
11,311,24.7396,25.8398,17,24.4175,0,117,117,6,140,9,0.98919,25.97022,0.0,0.0,17.39286,11.878,22.38404,0.0,0.0,109.0,34.23598,0.0,0.4,2.877,-1.0,0.130877,63706.794833538006,0.08680431618623595,0.06390740093523709,6.732000810211881,101.45571710872156,0.06575630114762589,0.03859809803790086,53.26565401053723,17.037229938271604,0.05118861001979418,1.0085722160180122,0.04409924478114574,627.542017267354,0.5252203921568627,0.04618097234655459,86.34251992079851,0.07186191713294007,0.08021097815732457,0.03828435691600029,3553.476846025721,0.351880342452118,91.65377810962465
12,312,25.2839,25.4882,17,25.5125,0,118,118,6,139,10,1.01292,26.52639,0.0,0.0,12.17857,12.086,22.19725,0.0,0.0,112.0,34.45577,0.0,0.4,2.36,-1.0,0.102143,63640.46790718512,0.08470546845341011,0.06286877937603454,6.749016584550604,101.3292217001274,0.06439211803882335,0.043337902694394574,52.67993352442611,15.480420524691358,0.049891094989936956,0.8514546542013375,0.04713351281881417,615.5088037291516,0.5315373529411764,0.04571113819707664,88.78275471976434,0.07578291717940422,0.08222678523650494,0.038146526619798456,3687.874812318375,0.3518803424521195,92.797428990437
13,313,25.7095,25.591,18,25.621,0,117,118,6,139,10,0.99526,26.91394,0.0,0.0,14.39286,11.581,21.90195,0.0,0.0,117.0,34.68207,0.0,0.4,2.613,-1.0,0.08718,63568.57803099905,0.08295515879344662,0.06217510896402108,6.869974114589788,101.24375557007626,0.06364231182000436,0.04806909851447532,52.45423135639709,14.507523148148149,0.04826227917135755,0.7393369997258592,0.04796658161464115,604.3253065712692,0.5332077254901957,0.045223702666870313,87.57476452702129,0.07694099765310974,0.08409427960636574,0.038792240089197516,3808.1632616523066,0.35188034245211947,93.32955642190495
14,314,26.1207,25.6801,18,27.0398,0,117,118,6,139,10,1.0116,27.29003,0.0,0.0,12.60714,11.098,22.01548,0.0,0.0,113.0,34.9405,0.0,0.39,2.611,-1.0,0.091308,63504.31576940119,0.08096858480270747,0.06207293649150902,6.96897589550647,101.18828050668381,0.06404341269331437,0.045195509187413364,52.45490180121528,14.540895061728396,0.046721186514837566,0.43499369308836605,0.048846679543647284,594.0191153926434,0.5370406274509795,0.04445670458750357,84.21034927609665,0.07746037673306641,0.08565109975551022,0.038103550878195246,3920.2588957288353,0.3480393014730514,93.94602635341153
15,315,26.7245,25.7054,18,27.0987,0,117,118,6,139,11,0.99886,27.87697,0.0,0.0,9.35714,10.916,22.09418,0.0,0.0,111.0,35.11919,0.0,0.39,2.938,-1.0,0.108695,63470.87735109934,0.0794867173786173,0.06214616700244089,7.0720264353663564,101.13265852835073,0.06472785820065909,0.0444656747940828,52.56907088668258,17.676359953703702,0.04535620405931651,0.6232775359952453,0.049410732840184254,584.7737070053572,0.5381086274509801,0.04378732461427631,85.5603635166546,0.07756690663745042,0.08557366904112652,0.037627320245587896,4126.413069580003,0.3458216754298287,94.71894757968792
16,316,28.0794,25.3897,19,25.143,0,116,118,7,139,11,0.99064,29.08856,0.0,0.0,11.78571,10.249,22.10848,0.0,0.0,114.0,35.10797,0.0,0.39,3.347,0.12551,0.130893,63504.529456225544,0.0780917744175222,0.0645707356486355,7.167261775912383,100.92743707884765,0.06656013396533832,0.04456641344535361,52.4482231611087,18.611159336419753,0.044107927004580647,0.7611575786517916,0.04923539519122339,576.1720483987375,0.5377290196078433,0.04374724955177048,86.0380035158954,0.07752163356642759,0.08555816656063474,0.037480212090664156,4819.406685913387,0.3518803424521151,94.95111384474552
17,317,28.9909,25.2196,19,25.2025,0,116,118,7,139,11,0.9987,29.92646,0.0,0.0,12.25,10.281,21.83495,0.0,0.0,115.0,35.19557,0.0,0.39,3.162,-1.0,0.129821,63491.14209854275,0.0765539933535919,0.06606627426788471,7.175404465073528,100.78235122739895,0.06854597843465227,0.04506514142186004,52.278520183798705,17.798225308641975,0.04298277811724538,0.6315588443113621,0.04920905619869701,568.1500112398215,0.5379317647058823,0.04325227538287335,85.26234367819158,0.07787926784491574,0.08721994445368278,0.03707662970321265,5205.526272972926,0.34966271640889124,95.3856931087129
18,318,29.1973,25.1922,20,24.2974,0,116,118,7,139,12,1.00346,30.13595,0.0,0.0,9.64286,10.19,21.69804,0.0,0.0,113.0,35.26891,0.0,0.38,3.222,-1.0,0.128047,63547.40019234889,0.07533488115136361,0.06865799738674891,7.154136928132645,100.72229639074308,0.06946360279537916,0.04783181109867904,52.134064285843465,16.693431712962962,0.04196344576829241,0.681764023562154,0.049086838209173755,561.0733851613472,0.5373109411764706,0.0430849077794636,86.41970309688878,0.07857637136214661,0.08910721000286599,0.036752808000803855,5192.2466248579085,0.35188034245212013,96.03646985519211
19,319,28.9703,24.265,20,25.6245,0,116,118,7,139,12,0.99678,30.0519,0.0,0.0,11.71429,10.493,21.68888,0.0,0.0,121.0,35.17398,0.0,0.39,3.078,-1.0,0.089117,63678.64336358278,0.07465160210214225,0.069563048380382,7.168194774997714,100.63137336451084,0.06958264322726557,0.05121083014911162,52.2014096107012,15.765914351851851,0.04115416498389915,0.9321086280079511,0.04871328661057604,555.3002833829953,0.5336745098039215,0.04321266717089268,85.55133585720695,0.07900165401278567,0.09011443248236863,0.03657315579843924,4972.8874283549885,0.351880342452125,96.50213358071281
20,320,29.3548,23.1468,20,24.873,0,117,118,7,139,12,1.00885,30.4606,0.0,0.0,8.75,10.238,20.89638,0.0,0.0,116.0,35.08325,0.0,0.38,3.269,-1.0,0.091954,63699.59817960061,0.07335080501201012,0.07207182788844738,7.087634621329105,100.51982609653672,0.06896822287359874,0.053990293359338797,52.117406397690004,17.185715663580247,0.04074650813575662,0.881462965118387,0.048375131043752226,550.6987452654582,0.5303596078431373,0.043242738668937526,87.63815004597913,0.07930258627408181,0.09160961160387615,0.0362373464409555,5342.144482712013,0.35409796849535224,97.19155564272307
21,321,29.8445,22.5182,20,23.0124,0,117,118,7,139,12,0.99371,30.9626,0.0,0.0,9.75,10.219,19.93451,0.0,0.0,117.0,35.00137,0.0,0.39,3.286,-1.0,0.086464,63704.228906611825,0.07239886026528401,0.0734261558397087,6.979636132174186,100.45035364356468,0.06992758979182193,0.05676468692776898,52.10334815508053,16.62475887345679,0.040131507791012114,0.6120180592610117,0.04825380084240439,547.1677500837351,0.5292690196078431,0.04337958263667721,85.53243634172269,0.07954100868422563,0.09229291570190731,0.035874187758838064,5680.595196016175,0.3540979684953547,97.30394072457983
22,322,30.2784,21.797,20,23.794,0,117,118,7,139,12,1.01312,31.35635,0.0,0.0,6.85714,10.207,19.42659,0.0,0.0,114.0,34.89718,0.0,0.39,3.958,-1.0,0.1044,63722.292194894675,0.07173783218976415,0.0743904946149968,6.915200124812275,100.39473577544041,0.06946651219915936,0.05983685805222196,51.99881697289738,15.488667052469136,0.03928625482433344,0.8459206206134032,0.048484895434606295,544.769236802471,0.5257701960784315,0.04364119786129922,87.52271409304807,0.07969926316439806,0.09377300402454472,0.03539035090576945,5994.718179698163,0.35409796849535274,97.89209540043343
23,323,30.7014,21.0795,20,23.3121,0,117,118,7,139,12,0.99369,31.7243,0.0,0.0,8.46429,10.2,18.81324,0.0,0.0,117.0,34.9381,0.0,0.39,4.047,-1.0,0.090469,63892.76811560945,0.07176163623981649,0.07534910820609854,6.818479143134492,100.27658905599725,0.06977860657620945,0.061719185420498326,52.121916217568476,14.387104552469136,0.03863594685942688,0.6377709361925147,0.04890930104095531,543.423761195995,0.5260360784313727,0.04401076815979108,89.38286574803888,0.07991322569214339,0.09411743909543373,0.03504998739544268,6554.551270774952,0.3540979684953552,98.63929440881974
24,324,31.1619,20.6392,21,22.8738,0,117,118,7,139,12,1.00076,32.29423,0.0,0.0,9.07143,10.227,18.21206,0.0,0.0,113.0,34.85854,0.0,0.39,4.502,0.12526,0.082888,63905.48604442681,0.07214879512185253,0.07639910252213308,6.780131210927788,100.11734695420901,0.06975788233972582,0.06259931574814323,52.28413560655382,14.307581018518519,0.038088473537625914,1.023730421769522,0.04943201467606495,542.9313558323781,0.5232113725490197,0.043814702829419724,88.3806047824587,0.08002662940688972,0.09364220601103604,0.034925899392786335,6881.65501780853,0.36015663551764393,99.87419602461236
25,325,31.4666,20.074,21,21.077,0,117,118,7,139,12,1.00285,32.6889,0.0,0.0,9.32143,10.307,17.8429,0.0,0.0,114.0,34.72796,0.0,0.39,4.492,-1.0,0.064791,63794.127556665255,0.07190652112036973,0.07616087422192155,6.659694584386323,100.05955964714202,0.06990450102759276,0.06300727393617485,52.36036098150559,14.350887345679013,0.03767981478831776,0.8015756391781423,0.05002033225108502,543.1477732215732,0.5182623529411765,0.04554327543155849,87.94549288039751,0.08025522801224741,0.09346849823416463,0.0347149296409096,7145.2277174894225,0.36015663551764526,100.61746254768555
26,326,31.9569,18.9877,21,20.7388,0,117,118,7,139,12,0.99626,33.17616,0.0,0.0,8.07143,10.234,17.39035,0.0,0.0,118.0,34.37704,0.0,0.39,4.784,-1.0,0.068147,63850.56873732557,0.07229005149553694,0.07727179902317927,6.533519281080056,99.97412041793342,0.0696530775479103,0.06434580073140535,52.42993861068914,12.617283950617283,0.03732399758528699,1.0829946936749881,0.0505145941764842,543.9096169212391,0.5172592156862746,0.045565116121990365,87.06303480175048,0.08017414767241433,0.09405622454163422,0.03474068987380134,7413.6475840083085,0.3601566355176454,100.97790338699582
27,327,31.9381,18.9475,21,20.531,0,117,118,7,139,12,1.00634,33.12932,0.0,0.0,6.32143,10.123,16.44975,0.0,0.0,117.0,34.1467,0.0,0.39,4.434,-1.0,0.0768,63817.0234649517,0.07290862792511064,0.07669669595544451,6.331478735219525,100.00025602812897,0.06940410937732139,0.06514314090701022,52.41690722806954,11.329523533950617,0.037035212944752066,1.0326733885400785,0.05096453122952826,545.1206605449418,0.5149149019607844,0.04597823259108339,87.13708737060642,0.07995762216135291,0.0943110603913074,0.03481180458976009,7360.073655221987,0.3601566355176445,101.08206391039707
28,328,31.6036,19.004,21,20.9322,0,117,118,7,139,12,0.99207,32.80645,0.0,0.0,6.5,10.014,16.41057,0.0,0.0,117.0,33.95289,0.0,0.39,4.538,-1.0,0.074521,63986.28532904136,0.07376625242864727,0.07657265108119624,6.170283820386669,100.09865464415611,0.06910306786846238,0.06618865487189866,52.418549149124715,10.495466820987655,0.037173461639253565,0.783876758555021,0.05137589503422852,546.6061569356709,0.5135491764705863,0.04614384170331561,87.01300582738598,0.07972289763207127,0.09493494653165667,0.03481544630986941,7022.241232992275,0.3563155945385845,101.23014395231371
29,329,31.5624,19.1844,21,19.8108,0,118,118,7,139,12,1.00384,32.77447,0.0,0.0,9.85714,10.084,16.42702,0.0,0.0,112.0,33.84642,0.0,0.39,4.696,-1.0,0.061516,64132.586319507056,0.07503469138946321,0.07647274732225047,6.037578624380484,100.11648174728501,0.06941049890652691,0.065949075317585,52.16975007233796,9.709346064814815,0.03760457998567794,1.2697502864790877,0.05172961428285917,548.1803462668671,0.5146470588235293,0.04670445589511519,86.11465340919413,0.08005542205547841,0.09566926996806349,0.03475351485614407,7048.805860316996,0.3563155945385879,100.88525622283967
30,330,31.4418,19.5835,21,18.233,0,118,118,7,139,12,1.00173,32.67414,0.0,0.0,9.42857,10.094,16.56094,0.0,0.0,113.0,33.70065,0.0,0.39,4.935,-1.0,0.076627,64055.16456474286,0.07653268285300407,0.07591312090736088,5.9844825570011855,100.158472351378,0.07063434556006003,0.06581822510342918,51.79987853250386,9.617525077160494,0.037533159861858435,0.7536655376029743,0.05191954693585991,549.542679054108,0.5137156862745098,0.04723180165816336,83.94242400980406,0.08015065360922434,0.09548858177556614,0.03449852948738405,6871.441691127876,0.35631559453858364,99.91180026280318
31,331,31.4439,20.2546,21,19.4817,0,118,118,7,139,12,0.99503,32.61594,0.0,0.0,8.64286,10.182,16.91143,0.0,0.0,117.0,33.74286,0.0,0.39,4.776,-1.0,0.07206,63917.41404787998,0.07772629059056596,0.07560777284365652,5.989494564559592,100.17933558170043,0.07196446429843856,0.06695988190336538,51.372983202522185,9.484567901234568,0.0369999358422378,0.8361823943416717,0.05205825348360861,550.6370748853765,0.5142109803921568,0.04768725199220747,84.50659353445826,0.08120286014724085,0.09471479978759119,0.03440787219727688,6934.118074523804,0.3540979684953551,99.37232508652399
32,332,30.9683,21.0213,21,20.3972,0,118,118,7,139,12,1.00577,32.13836,0.0,0.0,8.67857,10.201,17.5247,0.0,0.0,121.0,34.13653,0.0,0.39,4.765,0.12629,0.068984,63960.2920971589,0.07793908752389979,0.07548868898234318,6.038790662852381,100.27669797508753,0.07253347150728166,0.06931130247961943,51.2262771041305,9.362268518518519,0.03661403519812856,1.2500317727573815,0.0521898639595292,551.5332137695326,0.5185286274509804,0.04768391326988356,86.57046623803052,0.08218661913392443,0.09395765219071882,0.034247488764403165,6304.230927215542,0.35631559453858,99.67167245798396
33,333,30.9091,21.623,21,22.2373,0,118,118,7,138,12,0.99695,32.10653,0.0,0.0,8.17857,10.159,18.17157,0.0,0.0,120.0,34.33215,0.0,0.39,4.826,-1.0,0.06913,63940.946400941764,0.0785472256083445,0.07522326613766409,6.1503243687251965,100.33192902595644,0.07269240338819719,0.0701369094147015,51.10703682605131,9.488377700617283,0.03625185298056851,1.2159064617641362,0.0523741130189504,552.2874226768613,0.5193239215686274,0.047731410512442306,86.32969172518185,0.08185079164009756,0.0937459436147014,0.03413510133093427,6162.738881820751,0.3563155945385816,100.02808103891346
34,334,30.9838,21.9371,21,23.068,0,118,118,7,138,12,0.9921,32.24485,0.0,0.0,9.21429,10.066,18.67064,0.0,0.0,119.0,34.46689,0.0,0.39,5.115,-1.0,0.064396,63919.856219909416,0.0787384991891613,0.07535239314340934,6.217056361490921,100.34238120065774,0.07268146209475393,0.0715828649049837,50.851790628315484,10.128616898148149,0.0358963785007327,0.9971650378546058,0.052636589680232736,552.9050295281908,0.5187530784313705,0.047507814952064555,87.12782780416785,0.08169176730654422,0.09323217187120643,0.033858792799554976,6271.72022560496,0.35631559453858114,100.5903567383466
35,335,31.0294,22.4046,21,22.0596,0,118,118,7,138,11,1.00682,32.2599,0.0,0.0,8.28571,9.851,18.92329,0.0,0.0,120.0,34.54371,0.0,0.39,5.081,-1.0,0.077449,63815.79602306461,0.0790942398595074,0.07575695346451104,6.292587274749513,100.36550630895037,0.0729319911086541,0.07194691084451363,50.68415700653453,10.591097608024691,0.03554896483832284,1.1625799394861474,0.05319080989603909,553.3849246288852,0.5154705882352941,0.04740686117707131,86.1488526460377,0.08146235170780876,0.0925379427405054,0.033706255686138685,6302.741598736404,0.35631559453857714,101.12119616758355
36,336,30.5648,23.0698,21,22.3971,0,118,118,7,138,11,1.00528,31.84293,0.0,0.0,10.96429,9.793,19.31621,0.0,0.0,119.0,34.49254,0.0,0.39,4.673,-1.0,0.06401,63685.341249483856,0.0789790817316997,0.07637252353910727,6.35846833748234,100.44183731677205,0.07329446405396943,0.07185981231041072,50.5325848614728,10.883921682098766,0.035231752214444204,1.1170841564167642,0.054182747532782946,553.7873336192717,0.513841568627451,0.047162531727819666,86.26225017484666,0.08132256840802547,0.09191258706671121,0.0336041935937719,5982.959648703628,0.3563155945385797,101.36968879098401
37,337,29.7676,23.6574,20,23.372,0,118,118,7,138,11,1.00066,31.13776,0.0,0.0,9.5,9.828,19.87622,0.0,0.0,124.0,34.56208,0.0,0.39,5.157,-1.0,0.063026,63807.544251903106,0.07913662796617758,0.07722982490045682,6.472716858383857,100.56521476513366,0.07381322053786439,0.07123210108529945,50.4377616599754,11.768663194444445,0.03491777426651599,1.3109805280620153,0.05568904755370377,553.9825097451619,0.5118607843137256,0.04697459606349717,85.91306754580586,0.08143981385813119,0.09141586951877231,0.033580898659615596,5590.968599793708,0.35631559453858097,101.52966151773657
38,338,29.8063,24.6293,20,25.6201,0,118,118,7,138,11,1.00354,31.09695,0.0,0.0,9.32143,9.812,20.36483,0.0,0.0,125.0,34.73226,0.0,0.39,4.559,-1.0,0.073989,63845.93108142467,0.07901771224472257,0.07873304018441749,6.600174436917302,100.55971690064302,0.0744948660004209,0.07078105122567742,50.227222395531925,13.038001543209877,0.03462488058861279,0.9492972584787979,0.05691492136758658,553.87383398099,0.5124866666666668,0.046800704285136184,86.22107223865038,0.08130814866940873,0.09072547408384685,0.03336117405894369,5690.82439725953,0.3540979684953562,101.70196687277675
39,339,29.5561,24.9181,20,27.1505,0,118,118,7,138,11,0.99771,30.93538,0.0,0.0,7.71429,9.629,21.1989,0.0,0.0,125.0,34.97606,0.0,0.39,5.086,-1.0,0.069636,63834.525998988145,0.0787887708033581,0.07778360971353457,6.712258036902403,100.6003469431935,0.07591442802203732,0.07046264880847472,50.08017288019627,13.860966435185185,0.034314336765826244,0.8425705522788172,0.058213695680845806,553.3916862210112,0.5145262745098039,0.0467043949753863,87.92050715735546,0.08114254188660866,0.08997372599910601,0.03320833520041503,5642.190845305933,0.3563155945385817,101.76903198426483
40,340,30.2676,25.1126,21,27.1056,0,119,118,8,138,11,1.00454,31.52109,0.0,0.0,9.10714,9.703,21.43441,0.0,0.0,122.0,35.3942,0.0,0.39,5.047,0.12551,0.069683,63819.98473631744,0.07855491329689519,0.07756509736686502,6.7916151511906735,100.50480323791687,0.07702360426169905,0.07015984591638727,49.82933100947628,14.66232638888889,0.0340172134538116,1.007615052304147,0.05932941652057143,552.594589449283,0.5197478431372549,0.04670581128739401,89.78953993524394,0.08127733656145208,0.08929354871355237,0.03308705968774652,6017.628681046024,0.35409796849535574,101.91226089975231
41,341,30.3723,25.7295,21,25.3336,0,119,118,8,138,11,0.99827,31.61966,0.0,0.0,7.92857,9.826,21.60898,0.0,0.0,120.0,35.6864,0.0,0.39,4.628,-1.0,0.092059,63715.93721132296,0.07843847355617703,0.07822550439503234,6.750598407878722,100.47656216655915,0.07811407010205644,0.07000286986495058,49.6520805829837,14.879677854938272,0.03371899838299407,1.287474759847311,0.06137833176849162,551.66068996766,0.5238882352941177,0.046590428049197635,85.6227922403073,0.08101595206306783,0.08865696230986185,0.03311202348939517,5821.608606109783,0.35409796849535274,101.70863326246344
42,342,30.4776,26.1383,21,27.2113,0,119,118,8,138,11,1.01136,31.61559,0.0,0.0,7.0,10.101,22.13368,0.0,0.0,124.0,35.8833,0.0,0.38,4.375,-1.0,0.094088,63801.97543705954,0.07800096930912784,0.07898039780694031,6.697504127321896,100.47041004551731,0.07796806424502412,0.06985620511032005,49.488616001458816,15.134789737654321,0.03342249707526581,1.0848790795267864,0.06292994402127139,550.7107671224776,0.5249874509803921,0.046567793925088745,86.24052223291304,0.08069398654640936,0.08794174603096783,0.03307117940964271,5873.598626150172,0.3518803424521235,100.96572253904552
43,343,29.6266,26.2092,20,25.8415,0,119,118,7,138,11,1.00321,30.69908,0.0,0.0,11.39286,10.353,22.47584,0.0,0.0,125.0,36.07433,0.0,0.38,4.633,-1.0,0.086507,63739.19018033376,0.07791454311297613,0.07820806031886691,6.707961275243366,100.63375946210407,0.07811279152575985,0.0699637825068568,49.378819595148535,16.19261188271605,0.033122853727042996,1.0765447077227828,0.06343148956018428,549.6079530050508,0.5244517647058824,0.046686207231316765,88.10307825911414,0.08014780094244389,0.08724716989978025,0.03321966001508435,5319.204548567289,0.35188034245211974,100.86270130261087
44,344,28.5648,26.428,20,26.4329,0,119,118,7,138,11,1.00585,29.7187,0.0,0.0,14.17857,10.232,22.52967,0.0,0.0,125.0,36.11439,0.0,0.38,4.575,-1.0,0.071823,63892.41661693182,0.07881504562329954,0.07770097445783984,6.83693610798362,100.77357198985905,0.0784591928817587,0.07038540368137788,49.38358071409626,16.973765432098766,0.0328283633551679,0.9752527461175642,0.06292695055028004,548.3152463495206,0.5222721568627451,0.04684728682343231,85.88061139847329,0.07969761975290598,0.08662093908172898,0.03356910624204359,4778.484264758724,0.3480393014730548,100.0850849912717
45,345,28.6236,25.4831,19,27.5131,0,120,118,7,138,11,1.00343,29.64219,0.0,0.0,14.67857,10.251,22.71558,0.0,0.0,125.0,35.67875,0.0,0.38,4.352,-1.0,0.078762,63736.44560763186,0.079407467158954,0.07735752435336911,6.917139827914407,100.75673235933492,0.07867480374327225,0.06980802371723056,49.531955483519,16.85691550925926,0.032545569992817075,0.9180898306684103,0.0642968119214357,546.7609706699885,0.5155003921568628,0.04703493255503655,86.04183455049524,0.07920156210833987,0.08605875453018706,0.033912559118261146,5079.560773486316,0.34582167542982667,97.33189121115647
46,346,29.0582,25.2345,19,27.3324,0,120,118,7,138,10,1.00283,30.02657,0.0,0.0,9.75,9.759,21.90795,0.0,0.0,126.0,35.54241,0.0,0.38,4.163,-1.0,0.066152,63602.8443497229,0.07887033407302052,0.07698725316617332,6.897295497887936,100.66281727320265,0.07960727007336005,0.06983798428825637,49.60076923134886,16.728636188271604,0.03227384161508662,0.8151548980740164,0.06586455071067089,544.9089240930155,0.5137682352941176,0.04727351266092011,87.64754866254312,0.07883019844934501,0.08558723365055781,0.03384561054265981,5528.9596842399715,0.34803930147305023,95.13437594861199
47,347,29.5467,25.1034,19,27.2974,0,120,118,7,138,10,0.9993,30.38845,0.0,0.0,6.35714,9.734,21.68885,0.0,0.0,125.0,35.44378,0.0,0.38,4.154,-1.0,0.060187,63836.62261377757,0.07902856592642359,0.07654955017164015,6.861684448979438,100.61700749354843,0.08035976021370018,0.06964855143295477,49.57245400511188,16.491994598765434,0.03201281751783021,0.9192578514484064,0.06559478234479353,542.6686907817805,0.5118909803921569,0.04724132227208764,86.14725612546353,0.07880320569763384,0.08513569594538316,0.034121141043891454,5856.751068417242,0.34360404938659855,93.23019684971621
48,348,30.0011,25.3635,19,26.6502,0,120,118,7,138,10,0.99993,30.76621,0.0,0.0,4.96429,9.641,21.57957,0.0,0.0,125.0,35.10054,0.0,0.38,4.264,0.1259,0.061675,64042.06395208564,0.08025314463197503,0.07632650499239434,6.769730418244111,100.56920991275365,0.08092335506830076,0.06940482460702074,49.606773093894674,16.29393325617284,0.03176971817599021,1.0604126989066287,0.06507306602761666,540.1488675303616,0.5096145098039215,0.04708753540412485,86.03403549754351,0.07867707092383389,0.08464316866591892,0.03409248337745321,6108.146010466674,0.34360404938659794,90.56495861839183
49,349,28.8384,25.5435,19,25.5297,0,121,118,6,138,10,0.99236,29.77967,0.0,0.0,7.92857,10.42,21.80573,0.0,0.0,124.0,34.66586,0.0,0.38,4.757,-1.0,0.04993,64091.80258924916,0.08061293570380833,0.07606645319802727,6.694138264763247,100.70521431392959,0.08075745389904249,0.0694573613337959,49.60913142451533,16.04933449074074,0.03153726375036532,1.0754626559717007,0.06538368698245034,537.4400479387841,0.5057745098039216,0.047057628985349036,86.33714478490474,0.07832468824587545,0.08417350688916779,0.035082199870306294,5523.706278056057,0.34360404938659755,88.92808794820485
50,350,28.8342,25.2084,19,25.3995,0,121,118,6,138,10,1.00958,29.71077,0.0,0.0,4.17857,10.572,21.95945,0.0,0.0,124.0,34.50754,0.0,0.38,5.276,-1.0,0.053931,63927.73327095475,0.08045162271921373,0.07553841386990622,6.626707198604681,100.71451385366385,0.0810098718659309,0.07001323345595478,49.562987527729554,15.86328125,0.031317463402232355,0.8565226467108409,0.06681575201581821,534.5128426914437,0.5020909803921569,0.04708675876016564,88.632242466679,0.07809772417676916,0.08376664205106116,0.035295341577992634,5534.5220691971335,0.343604049386599,88.37075602102979
51,351,28.7843,24.8308,18,25.5419,0,121,118,6,138,10,0.99349,29.52977,0.0,0.0,2.92857,10.533,21.67207,0.0,0.0,122.0,34.09414,1e-05,0.39,4.977,-1.0,0.055363,64037.3642845601,0.08123081167957318,0.07543322772060627,6.5159975462421516,100.69403840003858,0.0823385459987504,0.07015751098122909,49.349760455849726,15.528018904320987,0.031126848060869884,0.850986020321174,0.06746130379416132,531.312801673959,0.49566235294117644,0.04692166433831521,84.58116803830464,0.07792755753018499,0.08336795965767653,0.03572132034021871,5513.021252594608,0.34360404938659866,88.29499718067967
52,352,28.8808,24.8541,18,25.1459,0,121,118,6,138,10,1.00903,29.48613,0.0,0.0,2.92857,10.58,21.34244,0.0,0.0,116.0,33.82404,0.0,0.39,4.081,-1.0,0.054077,64082.92715654694,0.08260459540058997,0.07598693582236979,6.422489166285092,100.70383781678558,0.08398116124817981,0.07065233385250186,49.31301013334298,15.074266975308642,0.030950770223518886,0.8773465248311987,0.06725216471997235,527.8733514799272,0.49125686274509806,0.04685467634363057,84.24082433756479,0.07778755363254038,0.08302547307561672,0.03587063057067337,5666.635673056509,0.3480393014730547,88.63371879398207
53,353,27.4689,25.3168,18,25.0385,0,121,118,6,138,10,0.99982,28.29212,0.0,0.0,2.07143,10.583,21.36197,0.0,0.0,114.0,33.57909,0.0,0.39,3.984,-1.0,0.068725,63705.56038226775,0.08159653906262487,0.07796778090455858,6.398235112235274,100.8930684677508,0.08470701964740338,0.07113187519580001,49.0436488022039,14.859712577160494,0.0308043790522127,0.6272892203016945,0.0672522032151268,524.1417870465333,0.48988156862745097,0.04657973370534301,85.08817756505194,0.07779801689919497,0.08268710245157672,0.03584784931739315,5175.312413946076,0.3480393014730565,87.91417178182643
54,354,25.355,26.337,18,25.5771,0,121,118,6,138,9,0.99846,26.61255,0.0,0.0,5.10714,11.466,21.74921,0.0,0.0,114.0,33.54356,1e-05,0.39,4.082,-1.0,0.068837,63504.449398018405,0.08120684299987382,0.0778410820742481,6.438776979402497,101.2283110218715,0.08472999293465491,0.071598279031315,48.87773565598476,15.117862654320987,0.03068553548802585,0.908786583183799,0.06726998526719133,520.1128117213877,0.49374117647058824,0.04621625839425222,84.81061523999513,0.07787452910378163,0.08236419697361401,0.035867034554595105,3777.3816907953883,0.35188034245211686,87.75625694394789
55,355,25.0532,26.8464,18,25.3836,0,121,118,6,138,10,0.99525,26.45573,0.0,0.0,7.03571,11.751,22.62498,0.0,0.0,117.0,33.62786,1e-05,0.39,4.767,-1.0,0.074711,63670.303006208225,0.08127875628938673,0.07712094764310735,6.490220068142667,101.29805757279726,0.08407233939903745,0.07201832768133469,48.666709617332174,15.083188657407407,0.030602379434137537,0.5643474009909357,0.06747684143413747,515.845084159896,0.49703476470588226,0.04595108065131162,86.18668236127684,0.07795293509544088,0.08198389532416163,0.035750794700917146,3444.7378113661666,0.3518803424521197,88.13274070589428
56,356,27.3549,27.8461,19,27.0892,0,120,118,7,138,10,1.00021,28.46471,0.0,0.0,6.64286,11.433,23.08451,0.0,0.0,122.0,34.07895,0.0,0.39,4.328,0.12603,0.078268,63782.34322759281,0.08138489448868237,0.07678810817787736,6.497983733360883,100.97148977763749,0.08373333078706341,0.07241404500333143,48.52710413049768,15.737847222222221,0.03052540221121853,0.7542275204401229,0.06770989411474228,511.4427635029118,0.49991137254901963,0.045734078220250184,87.14733245961921,0.07793464303788925,0.08163076747060638,0.03575649936865976,4302.847793333857,0.3518803424521222,90.46924266373662
57,357,27.7755,28.8878,19,25.1704,0,120,118,7,138,10,1.00332,28.93706,0.0,0.0,5.17857,11.317,23.94636,0.0,0.0,121.0,34.42141,0.0,0.39,3.394,-1.0,0.069321,63742.85519206235,0.08119707003787735,0.07639709993861414,6.534558018364392,100.91453395701572,0.08339711511556784,0.07273753220638784,48.11722461088204,16.375578703703702,0.030485533953399608,0.6125761650710657,0.06801688402926212,506.9422848050298,0.5046749019607844,0.04553350472603611,87.41181129745091,0.07794385476845461,0.0812672022933677,0.03564747289160263,4498.685123566926,0.3540979684953502,93.52206604434208
58,358,28.1792,29.631,19,25.3465,0,119,118,7,137,10,1.00124,29.44824,0.0,0.0,2.92857,11.465,24.8329,0.0,0.0,120.0,34.66224,0.0,0.39,3.444,-1.0,0.078351,63870.89914206089,0.08164559246162677,0.07602768038376724,6.557765904633942,100.86509902984068,0.0830971725448585,0.07299579733170021,47.56393055856964,17.180459104938272,0.030477256686732672,0.8671137035626612,0.06839797324900865,502.32338149602987,0.509450980392157,0.04533403784768902,84.93191186968416,0.07792729601775274,0.0809695389495931,0.035453791454067816,4585.617358137084,0.35409796849535274,95.65278912069357
59,359,28.4954,30.2585,19,25.4586,0,119,118,7,137,10,0.99881,29.80841,0.0,0.0,4.25,11.151,25.46339,0.0,0.0,121.0,34.77393,0.0,0.39,3.679,-1.0,0.07368,63718.952266713364,0.08207626776382941,0.07579509011934003,6.604710370188391,100.85005564652243,0.08277380264384468,0.07321804962846391,46.989896797839506,17.721354166666668,0.030482025268284255,0.604476629783366,0.06883255954404711,497.5617530003858,0.5122705882352941,0.045133561788797266,86.03405958395062,0.07778202564506674,0.0807181513542867,0.03525595302747393,4594.236430395463,0.35409796849535313,97.64163304740572
60,360,27.8119,30.0646,19,25.9006,0,119,118,7,137,9,0.99706,29.283,0.0,0.0,6.25,10.987,26.00382,0.0,0.0,119.0,34.92422,0.0,0.39,3.467,-1.0,0.067657,63752.11485173425,0.08260812875887925,0.0758953465103495,6.650621896104023,100.97166049970988,0.08279581235142373,0.07379346826322158,46.45016065055941,17.971161265432098,0.030249696781601425,0.5469372372917877,0.06925344613185568,492.62622577886026,0.5113705882352941,0.04489365563701837,84.61199282323126,0.077714672666838,0.08072632313925854,0.03531959759954271,4408.031214843022,0.35409796849535374,99.46131506362075
61,361,27.2878,29.3426,19,24.5281,0,119,118,7,136,9,0.99408,28.93878,0.0,0.0,5.35714,11.051,25.83174,0.0,0.0,120.0,35.26051,0.0,0.39,3.793,-1.0,0.056746,63928.02369601971,0.08355664200887511,0.07581575880022773,6.660024275774786,101.05871433828682,0.08303973391191322,0.07440947179414154,45.85947842068142,18.359712577160494,0.02977196028408216,1.2401587462334183,0.07033438213959285,487.6137893982769,0.5158230392156863,0.04463816893167554,88.2055249670133,0.07767579172570499,0.0808811174726574,0.03600648161826583,4228.573011615782,0.3540979684953551,100.75689496942101
62,362,26.7718,29.4968,19,23.1626,0,119,118,7,136,8,0.99037,28.53834,0.0,0.0,5.78571,11.26,25.20757,0.0,0.0,119.0,35.26925,0.0,0.39,3.933,-1.0,0.047147,63958.93158719194,0.08423793550979797,0.07594960052010162,6.700925250225146,101.1301700422072,0.08322769204019177,0.0749558101340741,45.40213615511671,18.215470679012345,0.029292635927026967,1.1697195662142303,0.07132275311623565,482.65880408556455,0.5150917647058824,0.04437801746470905,88.16852922859348,0.07773229699634752,0.08083482925972127,0.037782037026668484,4037.2894873087025,0.3563155945385837,101.89085232130016
63,363,26.3232,29.6515,19,22.6078,0,119,118,7,135,8,0.98819,28.27037,0.0,0.0,4.35714,11.733,25.33567,0.0,0.0,121.0,35.20419,0.0,0.39,4.021,-1.0,0.044815,64044.690460349855,0.08541382958919952,0.07600715270162876,6.774244309383901,101.16715924220394,0.08345011109747684,0.07559533314753615,44.717521384910306,17.86689814814815,0.028812304768750307,1.0887134166967565,0.07236467142343396,477.83355024429534,0.5154882745098038,0.04411761585055711,85.12750413429309,0.077939800616575,0.08052098536720538,0.039843255829686994,3904.9411994888537,0.36015663551764354,103.02846812794947
64,364,26.2018,30.0392,19,23.3702,0,119,119,7,135,9,0.98696,28.26933,0.0,0.0,4.5,11.364,25.46586,0.0,0.0,121.0,35.3331,0.0,0.39,4.033,0.12796,0.045498,63874.32263729717,0.08618004014947366,0.07553725536158082,6.832105630171491,101.13790804317335,0.08316164726440174,0.07623946807976105,44.2045851342472,18.006510416666668,0.028234618143886336,1.0838563513926252,0.07343490197990411,473.1554157699974,0.5146670588235294,0.043846849517987514,87.19985936869818,0.07839891087398805,0.07997283265868793,0.04272553888642402,3895.1695656680904,0.36015663551765087,103.39932900350709
65,365,26.3823,30.8222,20,24.6054,0,118,119,7,135,9,0.99001,28.49487,0.0,0.0,4.35714,11.19,25.82054,0.0,0.0,118.0,35.59015,0.0,0.39,3.608,-1.0,0.049177,63968.24444554326,0.08602762852111856,0.07536068173689103,6.925804045056768,101.08758805042896,0.08266612724050697,0.07694521684992872,44.244058114511,17.074025848765434,0.027743157190105075,0.9422137707260713,0.07444781494952017,468.7616480682277,0.520378215686271,0.043614715757736025,85.87368455059095,0.07883686309396759,0.07991416938580416,0.04593821727143165,3930.1915199750956,0.3623742615608747,104.60484921282286
66,366,26.961,30.7446,20,25.7185,0,118,119,8,135,9,0.98634,29.01724,0.0,0.0,3.60714,10.67,26.48814,0.0,0.0,120.0,35.8495,0.0,0.39,3.646,-1.0,0.042078,63913.64890002179,0.08538966903244283,0.07564409414079798,7.044723670293405,100.9820778564023,0.08242237841447725,0.07727141787312941,44.743602799780575,16.241078317901234,0.027263728296466647,0.8848579431620706,0.07541900099276144,464.6071079580975,0.5226772549019607,0.04346299324467129,83.64520871289635,0.07942107696732877,0.07937629891395466,0.04770520483175798,4141.154396249069,0.36237426156087604,105.41948529453309
67,367,28.6062,31.8396,21,27.0398,0,117,119,8,135,10,0.99323,30.42652,0.0,0.0,2.25,10.369,26.41263,0.0,0.0,123.0,36.19699,1e-05,0.39,3.689,-1.0,0.038788,64053.2166512338,0.08597949946151362,0.07581199731832472,7.207092068697121,100.72406670303619,0.08224116568985514,0.0778219232554423,44.97282993646316,15.904320987654321,0.026681418760245778,1.3160313862683124,0.0764347650289248,460.62019998886643,0.5226223529411764,0.04334218742337091,86.08141222686152,0.08020947259649494,0.07867184519166061,0.050805809041481985,5008.432415613739,0.3645918876041078,106.74464361549836
68,368,30.7539,33.0201,22,29.817,0,118,119,8,136,10,0.99325,32.20532,0.0,0.0,3.32143,10.018,27.34438,0.0,0.0,124.0,36.53352,0.0,0.39,3.697,-1.0,0.042723,64181.642092710616,0.08644870167284838,0.07630323623394744,7.405223357852285,100.3794095233217,0.08237697784720285,0.07844673771686475,44.99831983778212,16.210310570987655,0.025978062130508107,0.573114120040526,0.07745174485999103,456.8343617119435,0.5305835294117646,0.043334430015066545,88.42348153006378,0.08157865825270386,0.07812455245162987,0.05135522284735351,6219.686827797462,0.36459188760410743,107.01831273688927
69,369,28.2363,33.2272,21,33.7504,0,118,119,8,136,10,0.99904,29.98834,0.0,0.0,3.57143,10.538,28.37165,0.0,0.0,121.0,36.66808,0.0,0.39,3.545,-1.0,0.040692,64125.28807853248,0.08678868602666352,0.07655702152622207,7.557740633280443,100.76623362920428,0.08268182274277637,0.07890889211035546,45.19410366482205,16.914834104938272,0.025508358854473577,0.8335011932072048,0.07828295846906133,453.31991145012745,0.5372650980392157,0.04338143687732928,87.22522607530678,0.0819199965633325,0.07795318556851338,0.05186545731994281,4627.783249206777,0.36459188760410705,107.00576190403646
70,370,27.2891,33.5403,20,33.0428,0,118,119,8,136,10,1.00135,29.08666,0.0,0.0,4.92857,10.306,28.5412,0.0,0.0,121.0,36.74019,0.0,0.39,3.387,-1.0,0.044789,64179.667465906685,0.08728599835790952,0.07666647243334182,7.610634077457462,100.89764487042514,0.08323670014733522,0.07909114549183649,45.66367179964795,17.129822530864196,0.0252640423908386,0.5733088178306982,0.07911747746266178,450.08728805739185,0.5361796078431373,0.04372927862499553,86.65152864547454,0.08161987404190778,0.07781281596776526,0.05248019117631535,4311.353741586312,0.3623742615608801,106.86636505666469
71,371,26.2862,33.0623,19,32.5708,0,119,119,7,137,10,0.9998,28.16949,0.0,0.0,4.32143,10.148,28.80959,0.0,0.0,121.0,36.6388,0.0,0.39,3.312,-1.0,0.03897,64333.61678841946,0.08815798141371126,0.07697977474683111,7.698544836044835,101.03591694625506,0.08385744718268995,0.07951756069196486,45.86694034529321,18.16893325617284,0.02500687984920402,0.8345203424188086,0.07983396434295324,447.05421969598314,0.5312113725490196,0.04443253869586855,84.68268435788315,0.08117781490686748,0.07750841067752684,0.05317154523228375,4124.057075679794,0.3623742615608805,106.17757994244958
72,372,25.649,32.3614,19,31.6373,0,119,119,7,137,10,1.00272,27.5028,0.0,0.0,3.17857,9.955,28.39361,0.0,0.0,122.0,36.61611,0.0,0.39,3.324,0.12796,0.040353,64370.67382247106,0.08942587615246865,0.0771035492615294,7.703897737412421,101.14194139611962,0.08435901737308775,0.07921241189789721,46.229714099271796,18.849729938271604,0.02505444356572812,0.6383056062862864,0.08034947917870149,444.15550371028104,0.5271776470588236,0.04516596212506184,88.80626833877501,0.0806259988963699,0.07742524135257574,0.053638132446478554,4018.854108497026,0.3623742615608771,104.7496188921647
73,373,24.2125,30.9911,18,30.9181,0,120,119,7,137,10,1.00566,26.02098,0.0,0.0,2.89286,9.88,27.79299,0.0,0.0,121.0,36.47616,0.0,0.39,3.504,-1.0,0.0485,64425.22185637394,0.09105850729266826,0.07728170646540913,7.614474621760329,101.36932531293976,0.08485243350089756,0.07905363272764175,46.674949928566264,18.95413773148148,0.02536936175506171,0.6781444307550232,0.08009698952587897,441.3740189015694,0.5197372549019608,0.046286003684479105,88.58365821625324,0.08026789339146259,0.07702026423953713,0.053970494429951096,3670.716635799075,0.36237426156087427,103.1411137283122
74,374,22.8084,29.64,17,30.0354,0,120,118,6,137,9,1.00546,24.49624,0.0,0.0,1.60714,9.846,26.62745,0.0,0.0,119.0,36.03675,0.0,0.39,4.0,-1.0,0.035128,64365.92500092595,0.0925595669328197,0.07744747586907631,7.489316958552258,101.60815476241487,0.08482874897596472,0.07929014926425026,46.88009003062307,18.594521604938272,0.025770562814948567,0.5385016612838937,0.08009396003397033,438.57773943016423,0.5094737254901961,0.047564636574104736,86.62221932902597,0.07997292398834355,0.07695160237517717,0.05447885363129725,3428.7662772870763,0.36015663551764726,101.48007885625768
75,375,22.1615,27.9094,16,27.0155,0,121,118,6,137,9,1.0028,23.71288,0.0,0.0,0.82143,9.957,25.49331,0.0,0.0,121.0,35.50407,0.0,0.39,5.01,-1.0,0.03053,64510.99442467598,0.09562238697752394,0.07727495245476863,7.305769155710638,101.77537765599703,0.08471515686131055,0.07953930120692777,46.60747386791088,17.497154706790123,0.026114329951954028,0.6850758654746093,0.0797447143366578,435.6902452153725,0.4991400000000001,0.04823971069291474,86.524162076181,0.07955241001121352,0.07716429888381296,0.055137478032921156,3283.6250636553527,0.35631559453857625,99.57688418747253
76,376,22.347,26.5395,16,23.7983,0,121,118,5,137,8,0.99797,23.71592,0.0,0.0,0.96429,9.982,24.02201,0.0,0.0,121.0,35.00959,0.0,0.39,4.855,-1.0,0.028201,64414.91232634035,0.09811272965125996,0.07660548492051276,7.099415136498907,101.82697353818813,0.08456736265937907,0.0796479027891924,45.95894142433449,16.517023533950617,0.026475682556830422,0.7409516614636403,0.07985094120701566,432.67311847424736,0.4973091372549019,0.048029103787782954,85.42652081702052,0.07926182838412875,0.07741015282342524,0.0558056938896659,3353.0907346649096,0.35409796849535247,97.68748157606619
77,377,24.1801,25.494,16,21.9703,0,122,118,5,136,7,0.98158,25.2742,0.0,0.0,1.21429,9.885,22.83903,0.0,0.0,120.0,35.01398,0.0,0.39,4.584,-1.0,0.026901,64456.6120392604,0.10127204722683594,0.07595350065048505,6.958030760590903,101.61080265972382,0.08518178760874259,0.07972948139538504,44.69998941303771,15.530864197530864,0.026742577662442733,1.0598895238164847,0.08012482978448342,429.5214580795046,0.5018380392156863,0.04835910276925526,84.5009298045852,0.07921197423636214,0.07697491542768634,0.05650525249063735,3974.9586178740333,0.354097968495348,95.947185974297
78,378,25.6581,25.3687,17,22.1933,0,122,118,6,135,7,1.00952,26.61525,0.0,0.0,3.85714,9.556,21.92942,0.0,0.0,120.0,34.98717,0.0,0.39,5.282,-1.0,0.028159,64498.46410911243,0.1055627305036094,0.07567599162912222,6.86956144783615,101.44545159956456,0.08593333325670327,0.07979596202276944,43.5463740972825,15.051649305555555,0.026950185889070038,0.9133736393019471,0.08063544492807387,426.3032984764091,0.511563137254902,0.048693093768205055,84.46921684101551,0.07896743237893802,0.07607022102947483,0.05713450279782496,4454.083205826773,0.3518803424521218,95.72216550140499
79,379,26.3672,25.627,17,20.7275,0,123,118,6,135,7,1.00701,27.33835,0.0,0.0,7.21429,9.355,21.82642,0.0,0.0,121.0,34.25148,0.0,0.39,4.27,-1.0,0.033857,64515.926910561335,0.10951528946695949,0.0755028434436735,6.825505493215248,101.37497870978953,0.08665153663671665,0.07964076476174768,42.558670609085645,14.378761574074074,0.02709757441895204,0.7926227634713332,0.08134130175865317,423.10293464243887,0.5028745490196078,0.04895261462946605,84.27194988913595,0.07869036537953872,0.07536074713851944,0.05745153596878058,4639.474727160494,0.35188034245212135,96.02497647925475
80,380,26.373,26.3583,17,20.2665,0,123,118,6,135,7,1.00592,27.36841,0.0,0.0,7.92857,9.487,22.04085,0.0,0.0,121.0,33.41176,0.0,0.4,4.39,0.12731,0.039324,64448.2848759042,0.1130398933897853,0.07504508412177474,6.88937638284079,101.35511648192309,0.08789884243791049,0.07944733013788514,42.049901514877504,13.966965663580247,0.02698963704169496,0.695283443471829,0.08173997458576279,420.3248811268042,0.49224588235294114,0.04907282544423418,88.22019149223031,0.07852637086543089,0.0743862528714279,0.05766022903784086,4663.30497665157,0.35188034245212024,96.28579917428118
81,381,24.8503,26.3144,17,21.5483,0,123,118,6,135,7,0.9936,26.01574,0.0,0.0,9.71429,10.275,22.65771,0.0,0.0,119.0,32.89897,0.0,0.4,4.358,-1.0,0.036864,64132.163884250745,0.11407041140337212,0.07443987524165907,7.053647238465497,101.60151870156874,0.0873446132270738,0.07837104209202887,42.178132987316744,13.326195987654321,0.026935068476373746,0.4129993735775393,0.08220655405685774,418.12708493818394,0.48326666666666673,0.04979513780665883,86.18566395527998,0.07820675816657724,0.07348562914419332,0.05769736300395588,3850.7709276717674,0.3436040493865951,97.3947541628061
82,382,23.6198,26.2834,16,21.3685,0,123,118,6,135,7,0.9942,24.86345,0.0,0.0,7.28571,11.003,22.62286,0.0,0.0,119.0,32.73691,0.0,0.39,4.685,-1.0,0.044774,64032.69168861569,0.11431478383875208,0.07390442568397265,7.161927063784949,101.80670123638436,0.0872818592873766,0.07762955635586541,42.786820023148145,12.400221836419753,0.02698622237394593,0.5734507679818073,0.0825806374567682,416.3920450526397,0.47432666666666673,0.050900846351172674,84.23855166353127,0.0778090924398191,0.07190733798574248,0.05773136284417181,3245.5781545005602,0.3397630084075327,97.95373376868578
83,383,22.391,26.6509,16,23.1897,0,123,118,6,135,7,1.00021,23.73309,0.0,0.0,12.96429,11.323,22.60141,0.0,0.0,118.0,32.92433,0.0,0.39,4.469,-1.0,0.048495,64168.19245577121,0.11494694890968475,0.0734444277242951,7.262650954991085,102.0162697778448,0.086975298327162,0.07700078180896482,43.46262124144001,12.690972222222221,0.027022807017824498,0.6625036387596861,0.08317111397093499,415.031385210647,0.4824349019607843,0.051001019755862284,84.4036589504286,0.0772857523885703,0.07073111254239951,0.05767787851860552,2838.6609578366556,0.3375453823643033,97.72019277420935
84,384,21.6493,26.5279,15,23.8911,0,122,118,6,135,7,1.00734,23.11033,0.0,0.0,11.57143,12.261,22.89843,0.0,0.0,113.0,32.71007,0.0,0.39,4.784,-1.0,0.054219,64133.17621361728,0.11522675876428165,0.07288951335973967,7.389425312521351,102.106707672258,0.08668211514292652,0.07644019752141028,43.71171306092062,12.867862654320987,0.02701309427789747,0.8032981533093395,0.08367243600923636,413.839717072993,0.4784153333333331,0.05105942687918251,86.39213250854897,0.07682354210910976,0.0702987186115191,0.057661928638986004,2570.6886114652652,0.3375453823643025,97.00129020995782
85,385,22.092,26.2789,16,23.1651,0,122,118,6,135,7,1.00371,23.50906,0.0,0.0,11.07143,12.167,22.79205,0.0,0.0,114.0,32.63741,0.0,0.39,4.092,-1.0,0.051775,64009.766968381744,0.11550121255184158,0.07296702419831504,7.413757806679473,102.03203311525849,0.08619570799869081,0.07627090226684322,43.89636456524884,12.858989197530864,0.026968430453440405,0.8854969825295794,0.08565338707561415,412.68821916808633,0.4776976470588235,0.05027081376114207,84.72829064968315,0.0763638950769031,0.06927317948981514,0.05762585605462339,2668.146086627647,0.33976300840753143,97.2695475999281
86,386,22.7658,26.4556,16,23.7561,0,122,118,6,135,7,0.99789,24.16384,0.0,0.0,12.67857,11.14,22.57632,0.0,0.0,116.0,32.60252,0.0,0.39,4.305,-1.0,0.053181,63999.29286166509,0.11545981808884206,0.07258551870272603,7.387614173147938,101.9466073261757,0.08592701986849499,0.07599798627734551,43.89469627097801,12.679012345679013,0.026930404172934068,0.951967778063478,0.08667673817092021,411.48079378859603,0.4808098039215687,0.050117193595181186,86.08142217691815,0.07598538864562443,0.06816360992072684,0.05745667104844158,2896.291232811514,0.3397630084075349,97.56384504074539
87,387,23.4019,26.7026,16,23.3609,0,122,118,6,135,7,1.00348,24.81994,0.0,0.0,11.32143,10.811,22.73412,0.0,0.0,125.0,32.6959,0.0,0.39,3.771,-1.0,0.053792,64000.48832774761,0.11576560669767137,0.0720950450814469,7.385901717081179,101.81018007699154,0.08565271748421784,0.07587885299222204,44.10152237503617,12.742621527777779,0.02696058162711743,1.3857255818831007,0.08688322117102375,410.173229818938,0.4803447058823529,0.04971001059005276,86.77110579410189,0.07580957985008141,0.06723278557671104,0.05748386144879641,3113.7744548972705,0.34582167542981995,96.73516548371636
88,388,23.6652,27.1003,16,23.2611,0,122,118,6,135,7,1.00303,25.10027,0.0,0.0,10.39286,10.743,22.94768,0.0,0.0,111.0,32.66315,0.0,0.39,4.262,0.12526,0.059829,64004.56500248595,0.11630728953274347,0.07187617089711788,7.376387123684385,101.77724232844481,0.08560483125536562,0.07599193598500936,44.22583346896701,13.221402391975309,0.026550098247648472,0.7419161010501039,0.08706939178519807,408.77186709277464,0.4856440980392157,0.0494385320077119,84.44646862619707,0.07560327951457907,0.06599376720397811,0.05732449984981644,3180.25203095997,0.3518803424521173,96.667132717735
89,389,23.8391,27.3294,16,22.85,0,122,118,6,135,7,1.00339,25.29758,0.0,0.0,8.67857,10.693,23.2821,0.0,0.0,110.0,33.02624,0.0,0.39,4.081,-1.0,0.058533,64034.79141807555,0.11657264495580343,0.07134757438813519,7.391038797588527,101.73009312735091,0.08518282543757216,0.0759168586876605,44.22746333369502,13.990644290123457,0.025926859212798345,0.6143305629531142,0.08731927099287466,407.225636659982,0.49022039215686264,0.048981364848509276,86.90998350661972,0.07533898322818097,0.06466367888397666,0.05728468874422616,3209.3670772629657,0.35188034245212013,96.86074617910535
90,390,23.8027,27.4885,16,22.8563,0,122,118,6,135,7,1.0019,25.31162,0.0,0.0,9.39286,10.908,23.48338,0.0,0.0,113.0,33.19275,0.0,0.39,4.128,-1.0,0.069212,63962.14370445812,0.11629735878346169,0.0709646952513994,7.382205809194884,101.71607832006691,0.08450240862141936,0.07622697337439169,44.05661632396557,15.496720679012345,0.025615768410813818,0.8747817956148752,0.08779963970916023,405.5378131588216,0.49502303921568364,0.049300294982933875,87.69115778763991,0.07510781044924943,0.06364521822482758,0.05740823219479602,3217.0035025764796,0.3518803424521189,97.74566680979964
91,391,23.4571,27.931,16,23.7289,0,121,118,6,135,7,1.00313,25.0944,0.0,0.0,8.0,11.163,23.62902,0.0,0.0,111.0,33.19124,0.0,0.39,4.279,-1.0,0.064627,63821.181184412875,0.11580221209171364,0.07090857393100283,7.417448644880135,101.69572207665527,0.08397753324617098,0.0760449360809994,43.787723870924964,16.650077160493826,0.025577332766093298,0.7311942789959807,0.0889464921419263,403.7581880591144,0.49506117647058834,0.049622463849582465,89.04309623459571,0.07401700768520296,0.06297527361370904,0.05729901443954954,3206.4067779820493,0.3518803424521213,98.84640556866509
92,392,21.9203,28.1365,16,25.3905,0,121,118,6,135,7,0.99887,23.70922,0.0,0.0,9.03571,12.031,24.00271,0.0,0.0,112.0,33.13618,0.0,0.39,4.267,-1.0,0.078547,63725.065059655084,0.11562636665326306,0.07057174630584558,7.551629796939239,101.9240592773796,0.08319852628548777,0.07594480650203057,43.55379156418789,17.628858024691358,0.025568591590239397,0.5873810888714918,0.09017358826323849,401.91100602009186,0.49147215686274515,0.05003777651572545,85.75768286048906,0.07301791238360225,0.06260610169839392,0.05735059391920044,2687.5650977501996,0.3518803424521166,101.32676908006655
93,393,20.3691,28.0841,15,24.4676,0,122,118,6,135,8,1.00396,22.33335,0.0,0.0,6.10714,13.173,24.17791,0.0,0.0,113.0,32.94969,0.0,0.39,3.896,-1.0,0.083133,63758.710601971296,0.11541433220460529,0.07066183268165252,7.564023681233237,102.15393369948806,0.0825529723884291,0.07530476782293709,43.56000302161699,18.61053240740741,0.02555037719850757,0.4192199733146883,0.09057794742600414,400.0078740531926,0.48919913725490183,0.05004327848985027,89.68794585707082,0.07228381072846023,0.06175743827786811,0.05735171850743851,2275.715818174102,0.33976300840753576,101.75741451306934
94,394,20.1714,26.9678,15,22.5889,0,122,118,6,136,8,1.00103,22.05447,0.0,0.0,7.64286,13.737,24.14092,0.0,0.0,116.0,33.04201,0.0,0.38,5.035,-1.0,0.097165,63723.77519761956,0.11518803137079185,0.06999892733453054,7.539643074379795,102.15514361746797,0.08211906963876822,0.07477278678817327,43.74673537266107,19.450038580246915,0.025561187309643317,0.5648698816618914,0.09078318994214468,398.02248306346934,0.49035764705882356,0.050283079223013026,87.27467473184144,0.07170785894582199,0.061221738219419716,0.05730882033345911,2226.098672604778,0.3375453823643051,101.55376979575784
95,395,20.4342,25.7781,14,22.6106,0,122,118,6,136,8,1.00082,22.08545,0.0,0.0,6.32143,14.155,23.18617,0.0,0.0,121.0,33.48463,0.0,0.38,4.481,-1.0,0.118609,63688.76966326553,0.11495208600569692,0.06981303725478843,7.463464637696634,102.10246922085585,0.08166202878414794,0.07436291076205154,44.01739313573013,20.809895833333332,0.025570592975306297,0.508362811252056,0.09075690846111097,395.9987836548351,0.4980529411764705,0.050786993154104336,85.28699140647892,0.0712197612336458,0.06067418051214566,0.0572599422779998,2273.333349339314,0.3375453823642985,102.74807785706793
96,396,22.0378,25.6588,15,22.1473,0,122,118,6,135,8,1.00456,23.36617,0.0,0.0,4.46429,13.56,22.17108,0.0,0.0,125.0,34.43004,0.0,0.39,4.324,0.12551,0.118808,63616.00182345818,0.11505877721924203,0.06913243426058042,7.393987000017652,101.87159841722942,0.081243226090085,0.0749120240572508,43.96932644314236,21.839747299382715,0.02560960256152266,0.9520479541927908,0.09053343829851491,393.9559115153834,0.5015796078431373,0.051081061973183677,87.8295331666167,0.07057870829981099,0.060192020748629296,0.0572166327754961,2718.3790487153606,0.33148671534201024,104.84246795780729
97,397,23.2533,24.9035,15,21.3126,0,122,118,6,135,8,1.00704,24.37983,0.0,0.0,3.57143,11.991,22.11609,0.0,0.0,126.0,34.80141,0.0,0.39,4.619,-1.0,0.130355,63382.91347349419,0.11500154817068675,0.06800073078949985,7.3212225838428635,101.6457103077459,0.0806536403868851,0.07543478999036547,43.926180992597416,22.253954475308642,0.02563110028494434,0.7132842081885725,0.09011633442463239,391.94045490242235,0.4977152941176469,0.05072901876907159,88.32306146076702,0.07004001387177233,0.05987563992646156,0.05716226263615018,3382.2570756310133,0.33148671534200763,106.88392228251806
98,398,24.3925,24.4376,15,21.1656,0,122,118,6,135,8,1.00294,25.52685,0.0,0.0,4.57143,12.294,21.50965,0.0,0.0,126.0,35.2823,0.0,0.39,5.064,-1.0,0.142672,63527.76089270016,0.11490580760264962,0.06666659754467157,7.290394906731084,101.45724720726872,0.07997552197407228,0.07585971555838791,44.157524579837,22.198543595679013,0.025659790556361525,0.7043754513618943,0.0897460365451147,389.95561275909955,0.49791215686274504,0.05068537469378557,85.85257258907899,0.0695952999922754,0.05961175987922547,0.057128075009728385,4359.536036142635,0.33148671534200397,108.42786686338226
99,399,24.3653,,15,21.9741,0,122,118,6,135,8,1.00231,25.54362,0.0,0.0,3.75,11.192,21.10046,0.0,0.0,125.0,35.5354,0.0,0.39,4.557,-1.0,0.148952,63642.477074535454,0.11488694533257478,0.06646170928332347,7.302801507012432,101.46232682045746,0.07856186118869754,0.07654732989356826,44.27716987515673,22.15210262345679,0.025694330178361712,0.6645829444933403,0.08919662331745658,388.0168653236994,0.4959592156862745,0.05056668387108819,86.61327115232646,0.0689916881864352,0.059597126799629786,0.05712917202224408,4318.195789246831,0.32926908929878573,109.42724723288852
