,frame_number,SITI.SI,SITI.TI,VCA. E,VCA. h,VCA. epsilon,VCA. L,VCA. avgU,VCA. energyU,VCA. avgV,VCA. energyV,AGH.Blockiness,AGH.Spatial Activity,AGH.Letterbox,AGH.Pillarbox,AGH.Blockloss,AGH.Blur,AGH.TemporalAct,AGH.Blackout,AGH.Freezing,AGH.Exposure(bri),AGH.Contrast,AGH.Interlace,AGH.Noise,AGH.Slice,AGH.Flickering,cambi,cubcol.1.0,cubcol.0,cubrow.0.6,cubrow.1.0,saturation,movement,color_fulness,temporal,cubrow.0,blur,staticness,tone,fft,noise,cubcol.0.6,uhdhdsim,cubcol.0.3,blockiness,cubcol.0.5,cubrow.0.3,cubrow.0.5,contrast
0,200,50.2355,21.2568,41,0.0,0,118,114,18,138,18,1.00115,51.21748,0.0,0.0,4.71429,5.148,0.0,0.0,0.0,127.0,28.08012,4e-05,1.61,1.491,0.0,0.0,0.1356771196598231,0.08728165608115045,0.13203444189263758,0.12914288348245806,61.054749477056816,0.0,84.12287378174592,0.0,0.27183217154663364,23526.330729799414,603.3064910723858,0.42107058823529414,67752.17827852927,0.5658755399409557,0.09784178819017239,95.44845362008661,0.16574660226844706,1.4179793770520244,0.0972968545167947,0.21634277641227612,0.13939675825482706,88.65224704088126
1,201,50.0228,20.3684,41,20.1532,0,118,114,18,138,18,0.99979,50.99762,0.0,0.0,4.32143,5.16,18.25896,0.0,0.0,127.0,27.74999,2e-05,1.61,1.57,-1.0,0.0,0.11649528946215616,0.08600848769889341,0.11591890736199888,0.11042335996983227,61.019393732518324,12.583092206790123,83.01248429826737,5.898366584310568,0.2683511551139432,23443.185841304916,581.9378272133092,0.4185172549019608,67644.2092959622,0.5620344989619012,0.09329961589244959,95.5448554190012,0.14882089193052037,1.3069534442054518,0.09311206373832584,0.20305435359025767,0.1273473026985496,86.92128985972144
2,202,49.3449,19.7568,40,19.0777,0,118,114,18,138,18,1.00278,50.31822,0.0,0.0,4.35714,5.206,17.49243,0.0,0.0,127.0,27.56107,1e-05,1.62,1.652,-1.0,2e-06,0.11474740947290683,0.08510523085330665,0.11274318269562374,0.10800491547508,61.120927787121424,10.560860339506172,82.26692921165252,5.458841508716291,0.26637299073276227,22488.031041342805,566.155751985855,0.41758509803921573,67461.46078529573,0.5559758319396007,0.09321006373231981,95.66330925370426,0.14700294867352795,1.0726448427928623,0.09357354819243682,0.20394311383573369,0.12315116983151347,85.1938736671972
3,203,50.3088,19.9565,41,19.1847,0,118,113,18,138,18,1.00233,51.26108,0.0,0.0,3.17857,5.152,16.96535,0.0,0.0,126.0,27.52083,3e-05,1.61,1.455,-1.0,2.5e-05,0.11290308981224192,0.0858821899535408,0.11104777816213944,0.10667119437397103,61.41950216411073,9.440104166666666,82.13087953161127,5.464128279274404,0.2652888810416756,23409.038400343867,554.0584366966679,0.421151372549017,67607.98941686422,0.5680931659841818,0.09245465692666623,95.39324453922899,0.14721966743158124,1.0852663768664652,0.09340556789962193,0.20571995115723546,0.12104054827582887,86.21611918999339
4,204,50.408,19.5191,41,18.8839,0,118,113,18,138,18,1.00407,51.26348,0.0,0.0,4.35714,5.16,17.1395,0.0,0.0,126.0,27.49168,2e-05,1.61,1.485,-1.0,0.0,0.1116969382300612,0.08534787368771017,0.10878343419698479,0.10461133927408907,61.534165747371716,8.141975308641975,81.97280079988006,5.929297886855572,0.2664532319017518,23544.736772714925,544.151300024187,0.42383843137254895,67577.6549269951,0.564252125005123,0.09164478684868534,95.40919453544666,0.14608420204126535,0.7880315852690666,0.09021122939896883,0.20474163116277813,0.11966207744132404,85.7234074679109
5,205,49.7553,19.3034,40,19.6694,0,118,113,18,138,18,1.00223,50.46949,0.0,0.0,4.03571,5.154,16.76359,0.0,0.0,125.0,27.40998,2e-05,1.6,1.368,-1.0,0.0,0.1104627597351733,0.08516687848575288,0.10816281099195528,0.10368424812917491,61.59296351303289,7.084153163580247,81.83808593323243,5.658325236589418,0.2659477680834493,22937.992679215684,536.5683953257674,0.42415333333333327,67547.86925051783,0.5537582058963667,0.09114354580927735,95.6407142036072,0.14520057554566965,1.1450480663316125,0.0905860351411843,0.2026728637185098,0.11689975455671768,88.43503279501842
6,206,50.3154,20.4104,41,17.7578,0,118,113,18,138,18,1.00043,51.16099,0.0,0.0,5.35714,5.184,16.57864,0.0,0.0,125.0,27.56744,1e-05,1.61,1.375,-1.0,0.0,0.11060968707347843,0.08562958949417415,0.10782400954385635,0.10370835180730427,61.64026745454765,6.36009837962963,81.648693705363,5.240315325129789,0.2656164365564596,23413.192255591774,530.9839625973084,0.4261466666666667,67583.25954815821,0.5620344989618937,0.09134671865727449,95.47997974377061,0.14476012527773474,1.2719387853651363,0.08946952705302916,0.20245234347598073,0.11761211776651198,87.89920457104604
7,207,51.0642,19.724,41,18.4354,0,118,113,18,138,18,1.00189,51.88111,0.0,0.0,3.5,5.175,17.53107,0.0,0.0,125.0,27.74508,3e-05,1.6,1.35,-1.0,0.0,0.10877948126060463,0.08574422531571294,0.1062927953652358,0.10280001724202288,61.621498390480326,6.145543981481482,80.7260137472858,6.001097561221648,0.2656678194062717,24346.31448493764,526.3743254540477,0.4321960784313725,67756.00070378989,0.564252125005131,0.09051383056239276,95.32669668615279,0.14360128333098376,1.1144776772904232,0.08757575728284829,0.20167432148029707,0.11529231448278948,87.35808251219248
8,208,50.5243,19.4838,40,18.2778,0,118,113,18,138,18,1.00284,51.19,0.0,0.0,4.10714,5.217,16.94069,0.0,0.0,124.0,27.65982,5e-05,1.6,1.412,0.125,4e-06,0.10857127829692774,0.08576060661585866,0.10578314402579908,0.10227055601183506,61.54111433617862,5.589699074074074,80.36076668061683,5.532989731866705,0.2652725639498842,24105.05794851653,522.3330469039947,0.42927611764705875,67702.84853875755,0.5537582058963691,0.09023292206109934,95.5430654327369,0.14287882915928604,1.807342693406548,0.08639155616961809,0.20253912959577552,0.11514785101358906,88.3241006851713
9,209,51.5942,19.8734,41,20.387,0,118,113,18,138,18,1.00352,52.35894,0.0,0.0,3.78571,5.115,16.73504,0.0,0.0,124.0,27.78141,2e-05,1.61,1.332,-1.0,2e-06,0.11037823813429032,0.08595082442605945,0.10582984891157993,0.10115197293047715,61.58074216489439,5.660927854938271,80.46707211966464,5.431760531631879,0.26445120583208703,25054.443817727442,518.5328978399517,0.4321713725490196,67925.6192478598,0.5703107920274135,0.09038087358950905,95.24963509362385,0.1421347739895348,1.430194163812853,0.0855251094675615,0.20344998249096485,0.11451581586447265,86.35869175132439
10,210,51.2828,19.1936,41,18.9718,0,118,113,18,138,18,1.00271,52.0092,0.0,0.0,3.64286,5.123,17.07294,0.0,0.0,123.0,27.83309,2e-05,1.61,1.349,-1.0,0.0,0.10773135749412166,0.0855554946571015,0.10597852440826197,0.10047593478163176,61.57919462227527,6.794270833333333,80.49992690142074,5.896942377041524,0.2639262588975025,24741.628782384483,514.589102095159,0.4343427450980392,67754.45321133858,0.5642521250051259,0.08996954326086883,95.3411314023637,0.1417276777266012,1.1990623631529642,0.08492871150835075,0.202983931672008,0.11373673391689301,84.9195466898903
11,211,51.1337,19.4384,41,19.675,0,118,113,18,138,18,1.00145,51.74704,0.0,0.0,3.85714,5.183,16.48333,0.0,0.0,122.0,27.84001,2e-05,1.6,1.486,-1.0,0.0,0.10691333082824489,0.08563824964582864,0.10579556463245796,0.10162528035128619,61.680004166968075,7.772665895061729,80.5489752282798,5.17277983938212,0.2640148587134462,24668.440693438934,510.6953846495922,0.43481909803921553,67778.20163603564,0.5559758319396038,0.09043119339952148,95.45340967392329,0.14138570738420883,1.173243049772979,0.08553030031725453,0.20361655804283127,0.11677964430680196,85.42189221146296
12,212,51.8134,19.7701,41,19.6925,0,118,113,18,138,19,1.00473,52.54011,0.0,0.0,4.0,5.087,16.69432,0.0,0.0,121.0,27.94841,2e-05,1.61,1.488,-1.0,0.0,0.10752844346335876,0.08562345678180323,0.10540699938158886,0.10170024464349796,61.72215741946373,7.502218364197531,80.62008681788765,5.511143867276833,0.26332339793725135,25457.008301938542,506.85426857500096,0.4353219607843136,68030.3900104362,0.5703107920274145,0.09024277974501185,95.26661023907197,0.14119160716122858,1.1516630101133338,0.0860166578962731,0.20441681450683863,0.11825645353025967,87.80829739748214
13,213,51.4471,19.8847,41,19.7219,0,118,113,18,138,19,1.00285,52.14448,0.0,0.0,4.21429,5.187,16.97844,0.0,0.0,121.0,28.03356,2e-05,1.62,1.503,-1.0,0.0,0.10719160795628667,0.08549565868300332,0.1045767469349534,0.10106814561709734,61.63312464584539,7.436005015432099,80.84639305355921,5.68943515556714,0.2632740426184313,24980.5202295259,503.07904682016346,0.434481019607843,67836.23366224591,0.5620344989619026,0.09014786159979475,95.33031001662533,0.14092879626582802,0.9272230297444569,0.08604148464688827,0.2057994458590908,0.11902644204499911,86.31770403323199
14,214,51.5477,21.0294,41,17.6289,0,118,113,18,138,19,1.00184,52.26562,0.0,0.0,4.67857,5.178,17.07416,0.0,0.0,121.0,28.20145,2e-05,1.62,1.402,-1.0,1e-06,0.10768254201340277,0.085513004646248,0.10391993061752078,0.10079794376022666,61.669590137622976,7.4479648919753085,81.18072395916013,5.04811547123843,0.2633954304791106,25102.211089552446,499.54454663557925,0.4337717647058824,67886.62410447771,0.5620344989618983,0.0904325686166302,95.32118615614239,0.14086067622392182,1.0955599863228858,0.08676386203179824,0.2063339565108147,0.11825352295877346,89.45920154520114
15,215,51.5316,20.7521,42,19.9308,0,117,113,18,138,19,1.00271,52.38743,0.0,0.0,2.60714,5.245,18.05805,0.0,0.0,121.0,28.45444,2e-05,1.62,1.471,-1.0,1.8e-05,0.10934153690678236,0.08552669239008191,0.10334733212486596,0.10004418934932505,61.486800959080824,9.060281635802468,81.83051048309446,5.520585933776589,0.2629793540909482,25108.18361637078,496.24745554391166,0.4364560784313725,67889.04676539889,0.5680931659841885,0.0905672621438055,95.2987650713749,0.14069709984410841,1.104410709373266,0.08780915859543294,0.20664116907647806,0.11723933304789252,87.6296413394314
16,216,51.9055,21.1961,42,21.0181,0,117,113,19,138,19,1.00304,52.81052,0.0,0.0,3.67857,5.288,17.82848,0.0,0.0,122.0,28.84202,4e-05,1.61,1.378,0.125,0.0,0.10856955759018753,0.0856240238673843,0.10287355244013142,0.09910902602502242,61.33070147479022,9.852816358024691,82.76033779110337,5.6785299719863165,0.26313848432515163,25216.057802871037,493.2273399101726,0.43718078431372553,67780.14581573139,0.5642521250051257,0.09056474016415612,95.27222769395811,0.1403638399191688,1.0201001828956375,0.09044201049302292,0.20696501770899076,0.11820321551926773,86.03383905509695
17,217,52.2518,21.2606,42,19.4769,0,117,114,19,138,19,1.00255,53.16727,0.0,0.0,3.71429,5.308,18.20869,0.0,0.0,123.0,29.09362,3e-05,1.62,1.283,-1.0,0.0,0.1088693290648181,0.08569919369527466,0.10286072430885089,0.09865563661936738,61.114340322989,9.953414351851851,83.31803194744667,5.160942776602372,0.2633467307406437,25982.881728127115,490.7062923216415,0.43748588235294117,68224.84454446363,0.5658755399409469,0.09103065989025133,95.23528309706352,0.14028192430500544,0.7970920264665052,0.09064156491910194,0.2078396343602279,0.11792555225917427,88.36170262363679
18,218,52.0476,21.7843,42,19.6246,0,118,114,19,138,19,1.00298,53.05931,0.0,0.0,3.03571,5.32,18.26161,0.0,0.0,122.0,29.23607,1e-05,1.63,1.407,-1.0,0.0,0.10897814310296815,0.08592614963182618,0.10307908169064806,0.09812180975348651,61.03371589566454,9.755835262345679,83.96161169780353,5.2452492651346,0.2634889797328171,25967.331809378593,488.648596010065,0.4400898039215686,68232.40869016483,0.5703107920274131,0.09175990615961323,95.20565860820452,0.140193927554872,0.9274391106191999,0.09092613509393035,0.20847041132016983,0.11720027566301498,85.49237343229092
19,219,51.6546,22.0079,42,20.2846,0,118,114,19,138,19,1.00242,52.71661,0.0,0.0,3.78571,5.31,18.71137,0.0,0.0,123.0,29.23889,2e-05,1.61,1.554,-1.0,0.0,0.10862299340935908,0.08616066864131836,0.10313154227681635,0.09759180897468583,60.96739064911265,9.665171682098766,84.521485969029,5.234993725332395,0.2638367179463073,25477.296947411745,486.93735483000444,0.4418517647058824,67917.37883044803,0.5680931659841835,0.09131513631799651,95.24704759494935,0.14004558346326956,1.4739776681586256,0.09097480507124475,0.2091534025915133,0.11674979067619316,85.11651331962294
20,220,51.4968,21.7877,42,20.2042,0,118,114,19,138,19,1.00205,52.55325,0.0,0.0,4.35714,5.356,18.90533,0.0,0.0,123.0,29.15999,4e-05,1.62,1.493,-1.0,0.0,0.10795521035929753,0.08632121320599435,0.1034523976592093,0.0972710783446022,61.00357941050588,10.727478780864198,85.11528573333277,5.2863304088091985,0.2643090828845972,25335.0804610229,485.43920480445524,0.4403282352941177,67803.13860648256,0.5658755399409597,0.09110628546284087,95.2788111835561,0.13998397141993288,1.3003519554423228,0.09076317686522226,0.20967071520909755,0.11629337072091499,89.11090171409867
21,221,51.7582,21.5639,42,20.585,0,118,114,19,138,19,1.00024,52.70763,0.0,0.0,4.0,5.397,18.71632,0.0,0.0,123.0,29.10481,3e-05,1.61,1.44,-1.0,1e-05,0.10762736678464181,0.08640600526860365,0.1034603929624217,0.09687841979802142,61.020483699845684,10.693479938271604,85.61990865488599,5.1872454570898,0.26470784205159986,25668.81504042259,484.1360553212702,0.44059607843137266,67768.7089098361,0.5658755399409561,0.09057837876103114,95.24707866318197,0.1399780482393148,1.5417521137085244,0.09074046793669222,0.20996587901297367,0.11546829094712369,89.09757509567542
22,222,52.0404,21.6794,42,19.4758,0,118,114,19,138,19,1.00152,52.92537,0.0,0.0,4.46429,5.424,18.52122,0.0,0.0,123.0,29.07699,2e-05,1.62,1.434,-1.0,7e-06,0.10798919788258246,0.08650641961013357,0.10356950710512729,0.09672230568840728,61.05154927571614,10.32277199074074,85.62080476779994,5.197837851031647,0.2650951144954544,25791.090248540477,482.945608091775,0.4425635294117646,67760.51194153834,0.5664697510483543,0.0905544240914439,95.21315352648739,0.139951775769136,0.8907293569006859,0.0910232652654743,0.21041297962881916,0.1147294499510587,88.30689751430198
23,223,52.3736,21.3388,42,19.8818,0,118,114,19,138,19,1.00222,53.1557,0.0,0.0,3.71429,5.474,18.62157,0.0,0.0,124.0,29.14617,4e-05,1.62,1.491,-1.0,1e-06,0.1087743838574678,0.0865681274933403,0.1035577552134591,0.0969091566039379,60.98025776427469,10.149932484567902,85.28823656063216,5.357771940332012,0.2652507198742005,26202.80319231591,481.73152184696403,0.44341607843137254,67826.8829445123,0.5658755399409584,0.09132012548205118,95.17441789263765,0.14003245611395773,1.1822588032880148,0.0914655063805613,0.21090958738733145,0.11411830283078675,87.60982628403534
24,224,52.4208,21.8168,42,18.6565,0,118,114,19,138,19,1.00201,53.18723,0.0,0.0,4.0,5.37,18.32922,0.0,0.0,124.0,28.98797,3e-05,1.62,1.491,0.125,8e-06,0.10944931766737771,0.0866784473897375,0.10343216201014428,0.09702825761897839,60.87652908136815,10.363425925925926,84.98644198429088,5.157797155339435,0.26521578226671116,26203.097350729917,480.6082903380567,0.4429423529411765,67811.25391023903,0.5703107920274134,0.09304151065676614,95.17498981257961,0.14007275564320867,1.501595605472496,0.09163875898933281,0.21130802922156774,0.11358844754727691,84.54912498868332
25,225,52.1852,22.2446,42,20.754,0,118,114,18,138,19,1.00098,52.97951,0.0,0.0,3.82143,5.257,18.74017,0.0,0.0,124.0,28.88969,2e-05,1.62,1.37,-1.0,0.0,0.10993853943752907,0.08678694095774739,0.103731879159975,0.09776874065636773,60.79455660596306,10.890576774691358,84.98400582231905,5.220503866718995,0.26526705448293547,26014.019682246515,479.54059670992933,0.44202,67853.1932444538,0.5680931659841886,0.09284034640116,95.20623019418694,0.14015986680742692,0.9426738182565754,0.09181821435171328,0.21136763584667104,0.11302883492780931,86.84978805344075
26,226,52.2897,22.2839,42,21.3661,0,118,114,18,138,19,1.00247,53.0296,0.0,0.0,2.5,5.147,19.10675,0.0,0.0,125.0,28.67799,1e-05,1.63,1.424,-1.0,0.0,0.11042792917225952,0.08690609210578695,0.1042252544574193,0.09842942949277035,60.7324028486087,11.083670910493828,84.62559331451824,5.2105352907056774,0.26519189036802376,26568.654541164757,478.46926673534625,0.4370247058823531,67840.95540862136,0.568093165984184,0.0932587790324846,95.19872164805977,0.14022426970442461,1.2340301557547657,0.09280056166618797,0.2115696029613825,0.11258242893104829,85.87701335963327
27,227,51.6528,22.4274,41,20.4513,0,118,114,18,138,19,1.00222,52.45171,0.0,0.0,3.35714,5.178,19.14289,0.0,0.0,125.0,28.47352,3e-05,1.62,1.394,-1.0,0.0,0.11075197751912842,0.087025020579357,0.10478826948574257,0.09916825075051003,60.585859510633675,11.14525462962963,84.35815021882053,5.220612685375117,0.2651061279769886,25601.76167527942,477.39997254352403,0.435806274509804,67714.7480833466,0.5658755399409584,0.09209372294413667,95.26667782295544,0.14015790029813519,1.05991425356832,0.09247806684642206,0.21178874436510278,0.1121675731617491,89.53400169310201
28,228,51.2042,22.6666,41,20.3355,0,118,114,18,138,19,1.00135,52.0669,0.0,0.0,3.89286,5.167,19.26058,0.0,0.0,126.0,28.53551,2e-05,1.63,1.443,-1.0,2e-06,0.1110390993499942,0.08704541610422283,0.10531076801676671,0.09941423105509248,60.398626822012446,11.515094521604938,84.21394899593224,5.337376367097742,0.2652714633418533,25071.73416512978,476.4732966961547,0.4352992156862745,67759.15556150723,0.5642521250051228,0.09122813583739436,95.3305640209311,0.14005058618124264,1.1185193622971772,0.09233282898891498,0.21205338298533669,0.11206597006498764,90.09251871480481
29,229,50.8224,23.0451,41,21.0123,0,118,114,18,138,19,1.00276,51.82135,0.0,0.0,3.17857,5.265,19.46509,0.0,0.0,126.0,28.6528,1e-05,1.61,1.463,-1.0,1e-06,0.11116310373195319,0.08704545090145546,0.10560730389717754,0.09996036022954001,60.270140848042054,11.877218364197532,84.29075027951058,5.428029673895428,0.2652067332656518,24429.26049530469,475.5256452932484,0.43544915686274505,67674.0254255735,0.5642521250051289,0.09086797896672047,95.38150944527978,0.1398768199756293,1.1498120865475747,0.09176176046941392,0.21222147752400303,0.11196428406504877,87.56640752937739
30,230,50.492,23.3291,41,21.4158,0,118,114,18,137,18,1.0026,51.60023,0.0,0.0,4.21429,5.201,19.78907,0.0,0.0,127.0,28.91455,3e-05,1.63,1.427,-1.0,0.0,0.11167623335877652,0.0870847591946564,0.10596579503428603,0.10032364710268836,60.12291011103878,12.014853395061728,84.2619954804434,5.379688744734804,0.2650000512543468,23922.44915140576,474.5225680955097,0.43918941176470594,67656.00481925729,0.5642521250051272,0.09055717999823294,95.43833304554079,0.13975006734960124,1.2497356392342291,0.09218354476499432,0.21225843982198242,0.1119274508919891,86.99896837719737
31,231,50.3643,23.4691,41,21.9556,0,118,114,18,137,18,1.00174,51.53339,0.0,0.0,4.71429,5.202,20.03285,0.0,0.0,127.0,29.21694,2e-05,1.61,1.411,-1.0,2e-06,0.11223268482292653,0.08708668255089719,0.10619253297237345,0.10001169386038034,60.0190825285735,11.895640432098766,84.32699057966067,5.588758664657102,0.264907134509806,23699.52218053561,473.5076231918084,0.4432039215686274,67666.31321372568,0.5680931659841875,0.09041606718797122,95.46372623455443,0.13973685907696629,1.2429730797501606,0.09375748714701623,0.2120751493336369,0.11189773315486994,86.75086187812903
32,232,50.465,23.3455,41,22.424,0,118,114,18,137,18,0.99833,51.62363,0.0,0.0,2.82143,5.219,20.15392,0.0,0.0,128.0,29.5193,5e-05,1.63,1.333,0.125,8e-06,0.11273861786726593,0.08705435553312796,0.10641184274923772,0.10090976316037577,59.90137679488571,11.862268518518519,84.49186183043244,5.4931954669169745,0.26467048425108597,23723.80737570546,472.4779052973187,0.4467278431372549,67597.64231915514,0.5703107920274165,0.09051528924861565,95.48078060458818,0.13970212547767397,1.2380089953532207,0.09368208462285317,0.2119450156708914,0.11185166687269008,89.14550968877705
33,233,50.6688,22.851,41,21.4238,0,118,114,18,137,18,1.00131,51.76822,0.0,0.0,3.78571,5.157,20.04839,0.0,0.0,128.0,29.68168,2e-05,1.61,1.51,-1.0,1e-06,0.11336441470803407,0.08704187877725342,0.10681034222179564,0.10110332894218318,59.88880863896122,12.257426697530864,84.41596986428011,5.375861107929498,0.26442294928337184,23935.933775868834,471.385131885004,0.44943803921568637,67686.30071596298,0.5741518330064778,0.09034287329295697,95.48870943889429,0.13952817692175157,0.9498904901376787,0.09326233310017887,0.2119974963827389,0.11176539159372594,84.96999407628766
34,234,50.8401,22.5461,41,19.8523,0,118,114,18,137,18,0.99996,51.87586,0.0,0.0,4.46429,5.125,19.62494,0.0,0.0,128.0,29.73548,1e-05,1.61,1.4,-1.0,0.0,0.11392201517772273,0.08700952736821181,0.10708854228837075,0.10117428380354795,59.85353088378906,12.315586419753087,84.61044220818249,5.480525755020254,0.2643410163795672,24075.486668999256,470.33688335709735,0.44915803921568637,67727.386867955,0.5703107920274193,0.09046332664643718,95.47908838957892,0.1392871161492783,1.3074571207244432,0.09334757161108825,0.21209877161981197,0.11169095902991615,88.53064494984838
35,235,50.5464,21.955,41,20.5429,0,118,114,18,137,18,1.00285,51.60753,0.0,0.0,4.0,5.182,19.36134,0.0,0.0,128.0,29.66677,1e-05,1.61,1.313,-1.0,3e-06,0.11470869213333725,0.08701915819580393,0.10740740466604663,0.10149316024341971,59.963193540219905,12.068383487654321,84.62853056343235,5.351784819921748,0.2642195813264265,23681.474478240452,469.44448499623263,0.4469719411764705,67710.93852796261,0.5703107920274211,0.09057567085894061,95.51038786892684,0.13957423252555104,1.188136118411679,0.09343463243084638,0.21211197346134877,0.11164216529265586,86.2515408676001
36,236,50.3215,21.6295,41,21.1163,0,118,113,18,137,18,1.00313,51.34086,0.0,0.0,3.75,5.165,18.85352,0.0,0.0,128.0,29.51716,2e-05,1.63,1.449,-1.0,2e-06,0.11589788471079043,0.08701795214090975,0.1077044817894818,0.1018950864800975,60.179062831549004,11.391155478395062,84.45919172979336,5.271681725504735,0.26419203520801465,23488.064927330222,468.72935546748914,0.44657098039215687,67862.8786436872,0.574151833006479,0.09081162613840112,95.52729432088704,0.14003871156354883,1.060126044782769,0.09350516806350928,0.21151054014404266,0.11157418095152033,87.50342060193115
37,237,49.9333,21.3713,40,20.6543,0,118,113,18,137,18,1.0012,50.87053,0.0,0.0,3.25,5.167,18.57156,0.0,0.0,127.0,29.15699,2e-05,1.62,1.399,-1.0,0.0,0.11703137245770939,0.08700519434482917,0.10820741733684339,0.10230870655464296,60.40056129738136,11.076485339506172,84.36168151795738,5.259378778555208,0.264324206033636,23090.35788433462,468.2700735580359,0.4422647058823531,67942.62058388129,0.571934206963244,0.09087822081876744,95.57022893851693,0.13946642974593904,0.9550506558954068,0.09358846456540923,0.21098973050223468,0.11151388650813762,87.54883158519448
38,238,49.8512,21.3338,40,18.7261,0,118,113,18,137,18,1.00063,50.75538,0.0,0.0,4.07143,5.206,18.34873,0.0,0.0,127.0,29.02282,2e-05,1.62,1.371,-1.0,1e-06,0.11809203331347772,0.08700152287054844,0.10861518673258728,0.10251086154274036,60.44191939742477,10.607011959876543,84.19283569564445,5.118240329093391,0.26439564771548724,22938.715995669732,467.865946792136,0.4404874509803922,67857.61815447272,0.5703107920274147,0.09096395116226448,95.58803410814205,0.13902930650564124,0.8631099307773131,0.09366885638911944,0.2109781719999563,0.11148225391753794,88.4539179655067
39,239,50.6361,21.3909,41,20.5736,0,118,113,18,137,18,1.00042,51.5253,0.0,0.0,4.85714,5.169,18.31759,0.0,0.0,127.0,29.09624,2e-05,1.62,1.441,-1.0,1e-06,0.11909712839180661,0.08695300970692392,0.1092443880782281,0.10271035530293911,60.17369946138359,10.357445987654321,84.28558122106878,5.549935786109446,0.26427364084736726,23698.719678655183,467.4101596241705,0.4409976470588236,67947.20348027028,0.572528418070648,0.09102258943820465,95.45031901298081,0.1386856950137971,1.085503178703757,0.09368867421835637,0.2110463195467314,0.11142350176427544,88.29115187199893
40,240,51.1984,21.2477,41,20.6319,0,119,113,18,137,18,1.00061,51.99361,0.0,0.0,3.35714,5.128,18.36994,0.0,0.0,127.0,29.05211,3e-05,1.61,1.408,0.125,6e-06,0.11973097420209058,0.08685249399857617,0.11011166110957173,0.10258604635619142,60.011017787603684,10.53978587962963,84.0616916170701,5.408528192765029,0.2643560756431408,24382.763782690585,466.9314862135744,0.444087843137255,67851.2006417326,0.5703107920274171,0.09110629570448599,95.42501198778567,0.13833287513938122,0.861302555187076,0.0937627503790185,0.21115432982939483,0.11119652638903608,84.91776658203378
41,241,51.2387,19.7168,41,19.203,0,119,113,18,137,18,0.99987,52.16769,0.0,0.0,4.35714,5.118,18.24361,0.0,0.0,127.0,28.99958,0.0,1.62,1.511,-1.0,2e-06,0.12081207173585264,0.08685433695304068,0.11039099876774719,0.10256456022957773,60.300428414050444,10.34008487654321,84.08171287842048,5.082356163036262,0.26448856001101906,24443.77045881477,466.6127969423836,0.4487039215686274,67792.59387087636,0.5763694590497114,0.09125682103428444,95.37413597598324,0.13805966847214635,0.7435439817815855,0.0938309457792177,0.2112515876225167,0.11099908914885354,89.68662628880661
42,242,50.436,20.4006,41,19.3119,0,119,113,18,137,18,1.00273,51.35069,0.0,0.0,3.53571,5.185,16.93183,0.0,0.0,127.0,28.53678,1e-05,1.62,1.561,-1.0,0.0,0.1211469604746675,0.08673743171973099,0.11066385533182715,0.1025205760149119,60.04782518928433,9.994261188271604,82.50030426013234,5.365062111560811,0.2644733696564693,23528.640826848194,466.2853395907757,0.4350309803921568,67637.5953862254,0.5703107920274123,0.09126464553760871,95.50856740288616,0.13792904513039836,0.8604414600503236,0.09386400810633207,0.21131367259129563,0.11052006536132315,88.1275924782375
43,243,50.3576,20.2789,40,19.2169,0,119,113,18,137,18,0.99827,51.22303,0.0,0.0,3.39286,5.184,17.5131,0.0,0.0,128.0,28.4056,3e-05,1.61,1.543,-1.0,0.0,0.12183578446127587,0.08666407109097343,0.11086285628756917,0.1025828071036498,60.466553487895446,9.100983796296296,81.6765893333685,5.158155309533987,0.264516295894793,23507.83764779851,466.0624306376951,0.4252462745098039,67690.43917024687,0.5703107920274118,0.09111038036579215,95.50666870179329,0.1378937944636771,1.0388414282602483,0.09391074795147433,0.21158203480448443,0.11023091667817156,84.24508035582174
44,244,49.1603,20.2338,40,17.7018,0,119,113,17,137,17,0.99969,50.03856,0.0,0.0,5.10714,5.144,17.40525,0.0,0.0,128.0,27.94712,2e-05,1.6,1.427,-1.0,0.0,0.1220619832152853,0.08658910738938375,0.11079525819430514,0.10250558687927062,60.9692953604239,8.32518325617284,80.65366794166343,4.973118356293121,0.2645014448590308,22213.037348534406,465.96835971023137,0.41653960784313737,67531.91415671438,0.5642521250051317,0.09106309861533357,95.67838496821233,0.13746347749578952,1.1703516927168442,0.09394476204298924,0.21135238163517955,0.11021389559748057,88.23512436281034
45,245,48.2825,19.8509,39,17.8466,0,119,113,17,137,17,1.00031,49.32189,0.0,0.0,3.67857,5.253,17.36746,0.0,0.0,128.0,27.43031,1e-05,1.61,1.347,-1.0,2e-06,0.12205896394740591,0.08655813047334719,0.11067945253184058,0.1023877207285893,61.22984709563079,7.644097222222222,80.13329881188494,5.021300148628159,0.26446320693184255,21112.064833399218,465.94572122909335,0.4008837058823523,67335.70500646047,0.5703107920274094,0.09120566789722949,95.74095561832465,0.13707302175995614,1.1829340045381573,0.09398383292177119,0.2114637681435656,0.11003386567729465,86.65265046564288
46,246,47.9548,19.229,39,17.7487,0,119,113,17,137,17,1.00327,48.89651,0.0,0.0,3.53571,5.264,17.0441,0.0,0.0,128.0,26.94726,1e-05,1.63,1.453,-1.0,0.0,0.12234655458120121,0.08649062829066438,0.11061857777502818,0.10247821413393964,61.12560225121769,7.509596836419753,78.68990269011067,5.2100737215663635,0.26451532270987616,20810.400467885946,465.84234283269086,0.3828666666666667,67247.86563101894,0.5598168729186689,0.09102555064620779,95.83394356970031,0.13709690350408674,1.2094631676178993,0.09396307397184414,0.21161796481679437,0.10979797975411784,86.60204886455944
47,247,48.4169,19.7786,39,16.2193,0,119,113,17,138,17,0.99841,49.23788,0.0,0.0,6.10714,5.166,16.50017,0.0,0.0,128.0,26.63688,2e-05,1.62,1.336,-1.0,0.0,0.12309972969231829,0.08642162937633942,0.11056441246605386,0.10291183128543752,61.14850211437838,7.488377700617284,77.31239682200588,4.655440486705549,0.26459051838815956,21664.736878538184,465.65842652292616,0.3742760980392156,67460.7925918033,0.5598168729186664,0.09107337890189847,95.84426102237693,0.13750044146124402,0.9121912588069078,0.0939595173156932,0.21146665367092182,0.10964604571997254,88.32339922881576
48,248,49.6831,18.6496,40,19.2815,0,119,113,17,138,17,0.99927,50.53785,0.0,0.0,4.57143,5.031,16.9765,0.0,0.0,128.0,26.66739,5e-05,1.62,1.499,0.12603,2e-06,0.12411742643779061,0.08636770093769448,0.11041200856011045,0.10257968184893312,61.218966637128666,7.735146604938271,77.08541118183935,5.445839148409526,0.2644534987771474,22944.02358048089,465.42951406008336,0.3787498039215686,67748.15639594164,0.5741518330064784,0.09075822449632928,95.57048914232509,0.13816103355460543,1.337837566357538,0.09391052766178824,0.21131636379543628,0.10943556852177178,86.67059358272907
49,249,49.3064,18.536,40,16.7334,0,119,113,18,138,17,1.00357,50.19706,0.0,0.0,3.57143,5.048,16.0089,0.0,0.0,128.0,26.68908,2e-05,1.62,1.34,-1.0,0.0,0.12472946942892937,0.08634949679877647,0.11039205949791119,0.10251324847035133,61.21308051215277,7.569637345679013,77.2456770526214,5.162076238225175,0.2644859137223138,22562.852088372278,465.2408783610243,0.38702239215686274,67624.7321860176,0.562034498961908,0.09072719113014788,95.68305857437964,0.13785514182430536,1.0574472717690937,0.09392169337261315,0.2111485776303447,0.10938979603173321,87.00974489282933
50,250,49.3048,18.2289,40,15.5298,0,119,113,18,138,17,1.0026,50.27873,0.0,0.0,3.85714,5.058,15.91407,0.0,0.0,128.0,27.01684,2e-05,1.62,1.439,-1.0,0.0,0.12500812808163667,0.08636003489307337,0.11041580768106005,0.10227759560296114,61.21144028651862,7.815200617283951,77.37808382301512,4.8625282491218735,0.2645665617142602,22479.41476984766,465.11051274922784,0.39462039215686273,67598.89824554417,0.5703107920274181,0.09049335486555844,95.59555676182552,0.13853217382623645,1.2530120092773476,0.0939758397985182,0.21075193854086305,0.1093687650986792,89.913800992257
51,251,49.2944,17.0886,40,16.5069,0,119,113,18,138,17,1.00221,50.2549,0.0,0.0,3.53571,5.192,15.65059,0.0,0.0,127.0,27.40209,2e-05,1.61,1.535,-1.0,0.0,0.12554286137906243,0.08637470509370421,0.11042003178939908,0.10206235059353749,61.24701398684655,8.064187885802468,77.77009431053088,5.033148061701367,0.2645896371929871,22507.947975067895,465.03098060229826,0.40177647058823523,67495.51179095377,0.570310792027413,0.09052893106662284,95.52744491161198,0.13837132629530127,1.17732706712519,0.09402378820422348,0.21061630371541992,0.10928154674185603,86.3952949416444
52,252,49.3344,17.6612,40,14.9485,0,119,113,18,138,17,1.00292,50.29765,0.0,0.0,3.42857,5.161,14.66942,0.0,0.0,126.0,27.53739,0.0,1.62,1.436,-1.0,1.3e-05,0.12632556715378426,0.08637904485022818,0.11037617080792628,0.10188314774115469,61.11423690230758,8.305362654320987,78.39451887891398,4.792866144153371,0.2646753407822814,22570.988439351317,464.99725498310244,0.4023023529411765,67609.58517058035,0.5658755399409583,0.09026059215459664,95.56003525273113,0.13850874867983073,1.164530346218904,0.09407522693008812,0.210582460948625,0.10922863348155085,88.53653787478319
53,253,49.5308,17.7907,40,15.6284,0,119,113,18,138,17,1.00243,50.48048,0.0,0.0,2.92857,5.18,15.16215,0.0,0.0,126.0,27.5823,2e-05,1.62,1.45,-1.0,1e-06,0.12659005390604416,0.08638519587829971,0.11045638692634173,0.10175791125928235,60.986494464638795,8.579282407407407,78.61506341156272,4.7739601053474,0.26474790994837905,22730.37940191837,464.9954660021366,0.399583137254902,67529.92661214806,0.5642521250051281,0.09018480168258015,95.54426819456366,0.13824239102488492,1.0451083771911942,0.09412191174754073,0.21048956855243858,0.10923020240736998,88.02887759544707
54,254,49.7664,18.1902,40,16.1123,0,119,113,18,138,17,1.00162,50.73015,0.0,0.0,3.53571,5.217,15.27216,0.0,0.0,126.0,27.46492,2e-05,1.62,1.475,-1.0,6e-06,0.1263551923219653,0.0864420329640774,0.11043195839522199,0.10159209635403506,61.12427662037037,8.857687114197532,78.95135737921176,4.975205385492062,0.2647268061339946,22982.497271367996,464.99687784780116,0.39589931372549014,67578.72678625898,0.5642521250051291,0.0901223528411482,95.51348959704372,0.13812019130454048,1.195065278483995,0.09429711263680206,0.21044633499289786,0.10924562149207338,90.9338044365079
55,255,50.1804,18.452,40,16.1795,0,119,113,18,138,18,1.00168,51.04783,0.0,0.0,3.10714,5.248,15.61548,0.0,0.0,125.0,27.35454,1e-05,1.61,1.499,-1.0,1e-06,0.12651662349671772,0.08645867457343659,0.11038340631638333,0.10159462859088812,61.292816162109375,8.845968364197532,79.68107600337746,4.942708581320161,0.2648104618081308,23541.678699792014,465.0020987899914,0.392489019607843,67711.35914244557,0.5658755399409546,0.0900842518516486,95.47740183349445,0.13814875955113226,1.2345261644263228,0.09441696772728843,0.21052051668653365,0.1095766356757061,87.86202439258807
56,256,50.4532,19.0078,41,15.6392,0,119,113,18,138,18,1.00111,51.34518,0.0,0.0,3.60714,5.257,15.83873,0.0,0.0,124.0,27.3714,4e-05,1.62,1.428,0.125,0.0,0.12650878574665667,0.08647233263493849,0.11026842043054462,0.10159370193383534,61.53401523166233,9.057581018518519,79.52045320036969,5.005074183882048,0.26488489057455517,23986.999088686676,465.00173392284665,0.39345215686274504,67751.78889872249,0.5703107920274175,0.09005357309515696,95.39356714970441,0.13816495872596454,1.015826143226546,0.09441779710378531,0.21065455862410415,0.10977635956126146,87.68015185162537
57,257,50.6029,18.1735,41,16.3804,0,119,113,18,138,18,1.00227,51.52952,0.0,0.0,4.07143,5.379,16.31812,0.0,0.0,125.0,27.52665,2e-05,1.62,1.519,-1.0,0.0,0.12614888782352962,0.08649509610309786,0.1103207566450005,0.10159093272925322,61.67815050666715,9.430025077160494,80.01723476107593,4.882225622138224,0.26491237587238714,24278.06285110328,465.0079649752647,0.39560392156862745,67816.63374150186,0.570310792027418,0.0901271473272889,95.38095362833702,0.13820739453374895,1.0844883279517616,0.09443323507356656,0.2108082466661567,0.1096835620617529,85.77613179094446
58,258,51.3627,18.2213,42,17.4422,0,118,113,18,138,19,1.00303,52.19302,0.0,0.0,3.14286,5.319,15.60875,0.0,0.0,125.0,27.84908,2e-05,1.61,1.503,-1.0,2e-06,0.12578561774294092,0.08651330103293432,0.11028644418105821,0.10164102832453813,61.79813884217062,9.63184799382716,80.55581015855287,4.860886420071698,0.26498786595909674,25138.199023456255,465.035192788378,0.4022113725490196,67891.39928330421,0.5741518330064826,0.09021586604049603,95.27758400948971,0.13824970395850325,0.9150460848712976,0.09528941487001967,0.2108485088083439,0.11031334574662585,86.95007274537241
59,259,51.3362,18.8341,41,18.4418,0,118,113,18,138,19,1.00165,52.1842,0.0,0.0,3.89286,5.282,15.64999,0.0,0.0,126.0,27.90593,2e-05,1.61,1.413,-1.0,2e-06,0.12519837358211555,0.08653102169970008,0.11033442359107913,0.10151131767344271,61.698128217532314,10.064573688271604,80.85557706891801,4.977586449876882,0.2650205331527415,25513.917660901865,465.045420753826,0.40756358823529404,68081.61082850052,0.5725284180706481,0.09048414650902659,95.27330173467948,0.13825322883454297,0.8696786499156107,0.09548865138864714,0.2109062013711878,0.11076734623855554,89.54037813285636
60,260,50.53,19.6328,41,18.1919,0,118,113,18,138,19,1.00222,51.52728,0.0,0.0,3.17857,5.234,16.17145,0.0,0.0,125.0,27.85529,0.0,1.64,1.428,-1.0,1e-06,0.12491600024898698,0.08659100768758513,0.11075431526778219,0.1013804563204463,61.59782579210069,10.361014660493828,80.99911613710111,4.96307125279177,0.2651404011067433,24350.500394649946,465.0177660998574,0.4129243137254902,67681.92135516129,0.5719342069632527,0.09053294725826228,95.34042833560214,0.1381570360808801,1.00629499770687,0.09586875127572456,0.21115471947597908,0.11050654011055606,85.41113054994156
61,261,50.5217,20.3677,41,16.993,0,118,113,18,138,19,1.00208,51.4841,0.0,0.0,4.0,5.16,16.85484,0.0,0.0,125.0,27.83525,2e-05,1.63,1.373,-1.0,6e-06,0.12462310640956667,0.08666302463519075,0.1106897486794911,0.10141768405359781,61.47984615373022,10.668016975308642,80.8880677641576,5.062600418782545,0.26518969641591494,24500.81416105646,464.93424576955454,0.41749490196078437,67822.47027047031,0.5703107920274129,0.09057038406132531,95.31330998557738,0.1381157869592244,1.3159213064087376,0.09630909674150882,0.21149645480377038,0.11019945552610774,84.11524756451567
62,262,50.6544,20.4643,41,17.4965,0,118,113,18,138,19,1.00232,51.57572,0.0,0.0,3.35714,5.153,17.48464,0.0,0.0,125.0,27.80204,1e-05,1.63,1.459,-1.0,3e-06,0.12441453113015186,0.08667811693709974,0.11064482035648675,0.10143490609628118,61.52202370726032,10.910686728395062,80.92321456779992,5.20577600797082,0.26523957774154183,24850.241252305685,464.80472522418034,0.4220639215686274,67853.05689132764,0.5703107920274118,0.09058914292455747,95.33225297255547,0.13814394019525883,1.1583349551708855,0.09660902035163822,0.21176418291778348,0.10999458287083481,88.61185224904308
63,263,50.6944,20.3445,41,17.9274,0,118,114,18,138,19,0.99938,51.60733,0.0,0.0,2.82143,5.144,17.56656,0.0,0.0,125.0,27.70082,2e-05,1.62,1.393,-1.0,1e-06,0.12453390794724109,0.0866668935204672,0.11068674765447899,0.10170795843438633,61.46952254683883,11.013985339506172,81.12907339115598,5.184752901333963,0.26531312682197733,24853.587576776157,464.66461716145966,0.4232639215686274,68023.78011749819,0.5703107920274139,0.09070083002315571,95.31090312191353,0.1380938865180717,1.163515824225024,0.09734457394555672,0.21190806624870628,0.10992912183166141,85.51742073252038
64,264,50.5901,20.4251,41,18.6565,0,118,114,18,138,19,1.00267,51.50679,0.0,0.0,3.75,5.153,17.46442,0.0,0.0,125.0,27.61578,2e-05,1.62,1.416,0.125,3e-06,0.12455020613828069,0.08672309838877901,0.11071294973567683,0.10174556371095453,61.52443949381511,11.184702932098766,81.28055354624634,5.184776557766101,0.2651957345088876,24816.341853181286,464.53769555767985,0.42268156862745093,68105.95526720962,0.5680931659841851,0.09079229842230334,95.32655767597211,0.13815579318460183,0.9864164912810499,0.09775580686889525,0.21213384959939932,0.10999329145061419,89.64754571991615
65,265,50.4856,21.3534,41,18.0764,0,118,114,18,138,19,1.00119,51.41009,0.0,0.0,3.10714,5.12,17.53043,0.0,0.0,125.0,27.50166,2e-05,1.62,1.379,-1.0,0.0,0.12480629200689967,0.08672972433424317,0.11065099308812121,0.10185085998371861,61.67647015606915,11.552083333333334,81.18128419403692,5.17458083442375,0.26518102905452967,24637.168836634377,464.4274793221402,0.42528509803921566,68009.98707326422,0.5703107920274165,0.09085622483687528,95.33653288440246,0.1381924829408002,0.6056680147737468,0.09738541881420269,0.21247945308349045,0.10982696354346407,88.66265407173465
66,266,50.3499,21.7774,41,19.4654,0,118,114,18,138,20,1.00007,51.29787,0.0,0.0,2.57143,5.112,18.32879,0.0,0.0,124.0,27.58552,2e-05,1.63,1.409,-1.0,1e-06,0.12470416550602652,0.08669382527211304,0.11075653695114546,0.10231652482355028,61.64523579161845,12.203028549382717,80.92913073221334,5.211368621727178,0.26533703498000616,24420.76230596693,464.3199462216253,0.4272467254901958,67894.9623911985,0.5703107920274149,0.09100865715303219,95.332178311437,0.13830485347791832,1.2363278807211746,0.09752073872757838,0.21297702180299283,0.10974904583728627,87.83042963349862
67,267,50.2738,22.585,40,18.7313,0,118,114,18,138,19,1.00029,51.18851,0.0,0.0,3.42857,5.081,18.69283,0.0,0.0,124.0,27.73705,4e-05,1.63,1.413,-1.0,8e-06,0.12445797828602144,0.08670257968329109,0.11090346642070192,0.10258352947890814,61.451942538037706,12.427372685185185,80.91240460369698,5.2890037013633275,0.26534673010054943,24416.976275470588,464.1825102627618,0.42798909803921537,67841.83168171611,0.5642521250051304,0.09111151666325941,95.34206483225444,0.13837139689289427,1.1575027069734134,0.09768899122390129,0.21318783293522717,0.10954415762563198,87.45462882759202
68,268,50.3453,22.5701,40,19.4574,0,118,114,18,138,19,0.99989,51.21988,0.0,0.0,3.0,5.057,19.38784,0.0,0.0,125.0,27.88886,2e-05,1.62,1.482,-1.0,0.0,0.12470683719953994,0.08671987169611736,0.11106510141915932,0.10268004371745992,61.3051868956766,12.652874228395062,81.56232339980846,5.416910829610987,0.2653866856564737,24645.927422640525,464.08380664138855,0.4307564705882353,67943.56380987617,0.5658755399409615,0.09132036880727108,95.34770817390473,0.13845425206971548,1.376236385143978,0.09851133618373144,0.2131318504256032,0.10948395083933647,86.20256754155433
69,269,50.5437,22.6267,41,20.4642,0,118,114,18,138,19,1.00417,51.42521,0.0,0.0,4.5,5.075,19.38187,0.0,0.0,126.0,27.97068,2e-05,1.62,1.427,-1.0,1e-06,0.12458197211655486,0.08678504783238988,0.11098600489894785,0.10355816003996633,61.01566738552518,12.847511574074074,81.36149816351859,5.408905809526281,0.26568686939984343,24735.364612453657,464.01695376179,0.4341407843137255,67970.54010386635,0.5703107920274111,0.09153001160304422,95.31211242995082,0.13864709840574627,1.4012438446046682,0.0990494742688196,0.2133366914348195,0.1097893449652885,86.65102058089269
70,270,50.5135,22.2493,41,20.8262,0,118,114,18,138,20,1.00289,51.36509,0.0,0.0,3.42857,5.08,19.43323,0.0,0.0,126.0,28.2262,2e-05,1.63,1.355,-1.0,0.0,0.12465465889901403,0.08694807231565181,0.11090650834317897,0.10447935686638081,60.79134359477478,12.878472222222221,81.0368247546699,5.431911684182014,0.26569907591389963,24542.273280186062,463.9241664249957,0.4420419607843138,68032.22381561004,0.568093165984187,0.09155284370621403,95.3312494478169,0.13857223630122242,0.9091720613795131,0.09911078419370083,0.2134401283412481,0.10993506428757367,89.37953410861134
71,271,49.7379,21.937,40,21.8335,0,118,114,17,138,19,1.00116,50.62035,0.0,0.0,3.07143,5.092,19.10533,0.0,0.0,126.0,28.27685,1e-05,1.63,1.346,-1.0,2e-06,0.12552414897151248,0.08717349605500732,0.11100434435098716,0.10557794289874274,60.76206838348766,12.760609567901234,81.33253218313385,5.364592277950112,0.265779651894359,23747.972542629515,463.8273369559179,0.4449717647058824,68052.38579455351,0.5680931659841845,0.09151753171553884,95.44022530931647,0.1387144118501832,1.149955817832348,0.0993364666842889,0.21362963219110873,0.10933043813751026,88.62469468635041
72,272,49.0135,21.8508,40,21.3186,0,118,114,17,138,19,0.99963,49.88785,0.0,0.0,4.82143,5.208,18.83596,0.0,0.0,126.0,28.27328,2e-05,1.62,1.373,0.125,9e-06,0.12628082933130014,0.08729235129607274,0.11118348049547193,0.10602407311963798,60.6918881263262,12.82836612654321,81.66198724301174,5.371183866387671,0.26600752546930817,22955.161497260484,463.732672820611,0.4441501960784313,67844.65221031196,0.5598168729186778,0.09160980087404146,95.57144201578375,0.13858368397338047,1.507455623828055,0.09951580661116052,0.21337774630613254,0.10837801501944382,88.46997546790146
73,273,48.9482,22.0125,40,20.4368,0,118,114,17,138,20,0.99942,49.86909,0.0,0.0,2.92857,5.175,18.75839,0.0,0.0,126.0,28.32306,1e-05,1.62,1.516,-1.0,0.0,0.12741669694208124,0.0873820367370019,0.11139400420232869,0.10616878864870151,60.52198151011526,12.461467978395062,82.32125236859929,5.392765227160134,0.26601517560877325,22724.612685686712,463.59023874747135,0.4438392156862745,67994.73108507556,0.5658755399409605,0.0916187119443682,95.55083162011657,0.1385128641209033,1.2780622897340257,0.10004774553536068,0.212192460633933,0.10819603574863627,86.3568781504924
74,274,49.6475,22.0467,40,20.8785,0,118,114,17,138,20,0.99845,50.56292,0.0,0.0,3.71429,5.111,18.89887,0.0,0.0,126.0,28.27541,2e-05,1.64,1.442,-1.0,1e-06,0.12808838508972906,0.08740433416783196,0.11163501855927598,0.10636693847882031,60.27913788218557,11.880401234567902,82.51671372938675,5.364316396331275,0.26615892724298457,23509.137914660234,463.398016271113,0.4400098039215674,67944.90716431831,0.5680931659841871,0.09161120158109116,95.45308629800253,0.13851005760782686,1.2092183699686303,0.10002256547530002,0.21170649277855313,0.10809973690233625,89.45519065116831
75,275,50.6265,20.2544,41,21.6488,0,119,114,17,138,20,1.00118,51.51913,0.0,0.0,3.82143,5.103,18.93134,0.0,0.0,126.0,28.27861,2e-05,1.62,1.541,-1.0,0.0,0.1277847583058449,0.08734267508209402,0.11205320979106875,0.10680899307992794,60.229968035662615,12.006992669753087,83.00736222914497,5.359861595176171,0.2663361332913244,24765.153142855037,463.2118519925484,0.44386235294117654,68093.28924108556,0.5703107920274196,0.09167838173091769,95.34205493068556,0.1386123475793643,1.1519834262706137,0.10002135965525782,0.21159428587001944,0.10798050891896943,84.52973037073045
76,276,50.5917,21.2789,41,20.8071,0,118,114,17,138,20,1.00056,51.54002,0.0,0.0,3.53571,5.127,17.39675,0.0,0.0,126.0,28.47186,2e-05,1.62,1.42,-1.0,1.1e-05,0.1282319291573173,0.08712934470911098,0.11253176573891867,0.1069971845508051,60.62276411645207,11.693769290123457,84.61108204481451,5.293765927043736,0.26630849241235155,24392.49286233261,463.0868522823411,0.4457627647058824,67939.12500254119,0.570310792027419,0.09163349317102477,95.38784960953734,0.13860295996382402,1.5569771907788874,0.09980904413650048,0.21159305054535055,0.10775474487157671,85.59369013326011
77,277,49.4523,21.0427,40,23.2753,0,118,114,17,138,19,1.00219,50.48434,0.0,0.0,2.42857,5.134,18.27224,0.0,0.0,126.0,28.33838,2e-05,1.61,1.843,-1.0,0.0,0.12856351835247254,0.08700005641619167,0.11270595601881246,0.10728888063509864,60.30904981825087,11.468412422839506,82.87407875035821,5.338595253419704,0.26633369792022854,23129.315687362836,462.87130015912874,0.43703215686274505,67735.56031330847,0.570310792027418,0.09131882801008209,95.58936550341001,0.1386617574794537,0.8331530899659482,0.09986188691577647,0.21076248437233297,0.10749489915310484,84.93363380548051
78,278,48.1469,20.8308,39,22.7171,0,118,114,17,138,19,0.99928,49.20222,0.0,0.0,3.25,5.204,18.06784,0.0,0.0,126.0,28.05739,0.0,1.63,1.447,-1.0,0.0,0.12859844502713486,0.08684470911805137,0.11304203438811257,0.10736392717508855,60.60492809907889,11.199025848765432,82.0185751576676,5.2901362525190265,0.2663684062219358,21852.43693158917,462.64734072941366,0.43059586274509787,67649.51999603756,0.5680931659841854,0.09121315830470528,95.74264900919843,0.1385363645506417,1.1985609093995937,0.09975510262287438,0.20959237009968246,0.10745085121886247,85.4468312204618
79,279,46.5569,20.39,38,22.1984,0,118,114,16,138,19,0.99919,47.66405,0.0,0.0,2.32143,5.192,17.88108,0.0,0.0,126.0,27.66331,2e-05,1.61,1.505,-1.0,3e-06,0.12836193643730562,0.0866558728881496,0.1132590179207648,0.10777905685442,60.92169132939092,10.748649691358025,81.36782542660109,5.182054724250166,0.26632060486489467,19925.5177516179,462.46665774940743,0.4205372549019608,67332.49252568587,0.5598168729186696,0.09152875231472456,95.96688384980466,0.1384834100234551,1.1859966905015151,0.0996397041014257,0.2082628947659359,0.10738805501609255,85.77807942049088
80,280,46.556,20.8925,38,20.6606,0,118,113,16,138,18,1.00086,47.55542,0.0,0.0,2.46429,5.209,17.50209,0.0,0.0,126.0,27.39819,2e-05,1.62,1.695,0.12783,0.0,0.12853904836805813,0.08653340558630722,0.11319709729224435,0.1081550948171899,61.16009634512443,10.266251929012345,81.056069087316,5.189855865962467,0.26618315031468853,20040.99358758456,462.3111041623551,0.41389764705882354,67540.74624979023,0.5598168729186641,0.09154384138861545,95.98020997340399,0.1383315051058707,1.133568148540627,0.09969122646717643,0.20670335898753614,0.1074501831280605,85.70576160791887
81,281,46.9992,20.4468,38,20.019,0,119,113,16,138,18,1.00333,47.96626,0.0,0.0,4.07143,5.214,17.93605,0.0,0.0,126.0,27.23999,2e-05,1.63,1.537,-1.0,2e-06,0.12894026662764907,0.08641323636524993,0.11330372835820718,0.10849847848867729,61.238956781081214,10.167390046296296,80.72853787823205,5.3161786464747935,0.26605004074483596,20454.332874374482,462.11543369452875,0.4147329411764706,67473.18007598759,0.5575992468754373,0.09159833710347864,95.92404577034274,0.13816673945041952,0.9908175208035472,0.09975206814888757,0.20551903436632693,0.10750795140611881,87.32060612722837
82,282,47.6493,20.5391,39,20.8633,0,119,113,17,138,18,1.0009,48.62563,0.0,0.0,2.92857,5.241,17.54952,0.0,0.0,126.0,27.19428,2e-05,1.61,1.382,-1.0,0.0,0.12845157885273426,0.0863168662931765,0.1132427442820917,0.10851728874347835,61.21925617736063,10.112075617283951,80.56884432209254,5.0033902311631016,0.26595730382628996,21065.00037426306,461.90527647197325,0.4161984705882352,67402.14522920932,0.5559758319396065,0.09185010602592641,95.85141853387455,0.13808582875420947,0.9497892527888994,0.09973218085297808,0.20470428951480357,0.10780101033598695,88.90472830871646
83,283,49.116,21.0603,40,21.3169,0,119,113,17,138,18,1.00194,50.04326,0.0,0.0,2.64286,5.167,17.62656,0.0,0.0,126.0,27.46409,4e-05,1.63,1.35,-1.0,0.0,0.1279467557457055,0.0862689523623208,0.11314623904482357,0.10847431409496036,61.209368482048134,10.12596450617284,80.81149465626984,5.063732830126123,0.26593476093271035,22601.873518631655,461.6638932255283,0.42108654901960785,67690.96308234491,0.565875539940964,0.09264119949276663,95.60577402459839,0.13777391430090502,1.1529315510343316,0.09965744071895342,0.2039641558216683,0.10803845161718367,86.73824131836446
84,284,50.189,21.2698,40,19.7905,0,119,114,17,138,19,1.00132,51.03901,0.0,0.0,3.82143,5.133,18.07607,0.0,0.0,126.0,27.80645,3e-05,1.63,1.336,-1.0,0.0,0.12740289036555413,0.08619843646904125,0.11312606612059044,0.10848983345543879,61.01519323278356,10.672935956790123,80.96436821691177,5.308463744473432,0.26593377619333713,23986.505547032135,461.3731805313143,0.4270840588235293,67731.92183555405,0.5642521250051263,0.09223676871135827,95.45748164759448,0.13771866615719247,0.7154994330462697,0.09963395927191715,0.20346826339427856,0.10800493332694082,89.48276232637468
85,285,48.7222,21.7516,39,19.5869,0,118,114,18,138,19,1.00233,49.59517,0.0,0.0,4.21429,5.274,18.25637,0.0,0.0,126.0,27.87785,2e-05,1.58,1.364,-1.0,1e-06,0.12712558973494734,0.0860890618741739,0.11293300822711448,0.10833602018949866,60.95755381643036,11.105999228395062,81.06144184037336,5.281128992087767,0.2658939125182921,22428.63033088203,461.1055227395058,0.42931607843137265,67448.40258690716,0.5537582058963681,0.09218415794027911,95.82486367146697,0.13745446131613473,1.1160047150751256,0.0997921338493235,0.2031857937272178,0.10796181811404798,86.6784301244472
86,286,50.0147,21.4054,40,21.3643,0,118,114,18,138,19,1.00132,50.94461,0.0,0.0,3.35714,5.13,18.67764,0.0,0.0,126.0,28.16159,3e-05,1.6,1.41,-1.0,0.0,0.12706253508589974,0.08596459917844462,0.11260106018968813,0.10819314557470608,61.188378228081596,12.326822916666666,81.82083125939526,5.956849778614484,0.26553510286605025,23755.806691526643,460.81822594832374,0.43746470588235287,67750.40245893368,0.5658755399409551,0.09244616956621991,95.46236373709789,0.13723117355883022,0.8817719313614819,0.09957236549762676,0.20281552897708685,0.1079628879030246,86.45972020392566
87,287,49.2088,20.7404,39,23.4575,0,118,114,18,138,19,0.99994,49.87836,0.0,0.0,4.10714,5.256,18.3848,0.0,0.0,126.0,28.44459,1e-05,1.61,1.352,-1.0,9.4e-05,0.127722404928754,0.08580808912005755,0.11220141494424525,0.10782661281215354,61.23628950707707,12.310860339506172,82.7839833914388,5.9257516431258095,0.26530354628338887,23123.12837605011,460.5844481161918,0.44497539215686266,67787.60101067451,0.5454819128308429,0.09230958704387962,95.78717991222109,0.13703952331368044,0.8970570068601527,0.09961435465545146,0.20245363907299505,0.10792832102126125,87.8052289145798
88,288,49.8628,21.4175,40,21.9189,0,118,114,18,138,19,1.00009,50.76352,0.0,0.0,4.75,5.132,17.81432,0.0,0.0,126.0,28.60274,2e-05,1.64,1.32,0.125,1e-06,0.12758792867248683,0.08571092016718812,0.11204173495294904,0.10770715341643801,61.167581817250195,12.898630401234568,83.358307798758,6.060433072201503,0.2650447120081794,23347.867644046288,460.3651849423901,0.44791176470588234,67860.59043828657,0.5620344989618943,0.09242839685661548,95.51296689622254,0.13685289334174794,1.1270312148235888,0.09948841245152464,0.20209278420681775,0.10782412810214573,90.11442901776371
89,289,48.3409,20.5025,39,25.73,0,118,114,18,138,19,1.0014,49.09906,0.0,0.0,5.07143,5.315,18.39877,0.0,0.0,126.0,28.60036,2e-05,1.6,1.363,-1.0,0.000101,0.12799438081202888,0.08546593680882841,0.11220473413072485,0.1070920365760786,61.27026856975791,12.829957561728396,83.9392973391729,6.408889988506096,0.26430171571695993,21370.34906986565,460.1640968075949,0.4498878431372549,67547.88564465131,0.5372056197653211,0.09224677601754536,96.04787778661509,0.13667175734879572,0.8829372576925117,0.10006903459591572,0.20130013287957355,0.10747729795781395,90.90516225398554
90,290,49.8719,20.9792,41,25.5844,0,118,114,18,138,20,1.0009,50.85278,0.0,0.0,5.10714,5.132,17.60913,0.0,0.0,125.0,28.69966,4e-05,1.63,1.405,-1.0,1.3e-05,0.12829149522161193,0.08536907240455727,0.11200918343544466,0.10684190697581798,61.41200576593846,14.866608796296296,84.25147895254382,5.872891183667162,0.2640478680088516,22929.558646572765,459.9568926164911,0.4513705882352941,67971.45407404086,0.5620344989618941,0.09250309552631081,95.5761836805032,0.13666011444075662,1.0891537244696716,0.099719385634869,0.20107857330178217,0.10730669022029436,84.89143685707043
91,291,49.6007,19.5804,40,22.4462,0,118,114,18,138,20,0.99745,50.48575,0.0,0.0,4.39286,5.252,18.02057,0.0,0.0,125.0,28.53123,2e-05,1.61,1.35,-1.0,3.6e-05,0.12784209637347452,0.08524029954085419,0.11187471131948451,0.10681403631971394,61.403208226333426,13.35252700617284,84.42488411091006,6.131660093130178,0.2635640840962172,22809.858381192927,459.7795097629482,0.4495866666666666,67785.5011360563,0.553758205896364,0.09256444112425331,95.74607605649923,0.1365868045670805,1.5629227180255743,0.09886821990913106,0.2010800888226252,0.1072056253585743,85.85783579892045
92,292,50.9895,19.6106,41,20.8679,0,118,114,18,138,20,0.99981,51.85077,0.0,0.0,3.32143,5.206,16.81491,0.0,0.0,123.0,28.56413,3e-05,1.63,1.428,-1.0,2.7e-05,0.12756423135660608,0.08522994295612192,0.11196090738018094,0.10658088189748324,61.639254157925826,13.13917824074074,84.56498279842434,5.462230946915214,0.2634705575675969,24513.134650485594,459.61685401997664,0.44794980392156863,68012.45562939579,0.5620344989618967,0.09267401347603477,95.47757491583575,0.1365153481938557,1.5286100758836223,0.0982892515472162,0.20130373047054312,0.10720632251098612,89.4400627129584
93,293,51.2822,19.5557,42,19.0103,0,118,114,18,138,20,1.00453,52.145,0.0,0.0,4.28571,5.227,16.84198,0.0,0.0,123.0,28.40779,2e-05,1.62,1.386,-1.0,7e-06,0.12725786223026714,0.08525395885808815,0.11151531287927446,0.10640781844586175,61.726783469871236,13.404996141975309,84.78960293399096,5.503687736754666,0.2633890078044534,24947.596911177916,459.450115943837,0.44405882352941184,68052.68240938924,0.5642521250051249,0.09255319161848481,95.39418429683826,0.13668125054115587,1.1312963838678134,0.09829695504827317,0.20160137045901821,0.10730439852171733,87.12887594919059
94,294,51.0615,19.7835,41,18.4769,0,118,114,18,138,20,1.00579,51.95193,0.0,0.0,5.07143,5.279,16.78968,0.0,0.0,124.0,28.22856,2e-05,1.63,1.263,-1.0,5e-05,0.12689831501759474,0.08528217343281269,0.11124319965530836,0.10628610372736975,61.73854102617429,13.100308641975309,85.07060504935049,5.226455217170475,0.2633653096733128,24762.593463854853,459.2906985744407,0.44001854901960774,67976.76211380854,0.5642521250051269,0.09296196739298215,95.42063191827744,0.13696560090803486,1.3764305306905167,0.09826988103075143,0.2019386672165465,0.10752927579096236,89.45985614516371
95,295,52.4449,17.515,42,20.8272,0,118,114,18,138,20,1.00175,53.2038,0.0,0.0,2.85714,5.247,16.98988,0.0,0.0,125.0,28.26754,1e-05,1.62,1.445,-1.0,4e-06,0.12663293455020116,0.08522064638091507,0.11107916762405307,0.10619070434150008,61.820286503544565,12.734809027777779,85.35904021895666,5.334333266722559,0.2634427649289865,26595.562407035864,459.13011698134676,0.43532196078431373,68452.63322755528,0.5680931659841905,0.09348788191078555,95.2080789787715,0.13712834357533546,1.29050798297101,0.09823194631575928,0.20224658452117036,0.1080815591704587,86.59103022481243
96,296,52.7815,19.2914,42,19.1883,0,118,114,18,138,21,1.00117,53.50589,0.0,0.0,3.17857,5.25,15.04921,0.0,0.0,125.0,28.19912,2e-05,1.61,1.367,0.125,9e-06,0.1260051086541134,0.08513854998697876,0.11081241079286953,0.10598455981379748,61.82317380551938,12.684365354938272,85.0683343250199,5.185306690871338,0.26345831791439045,27368.86419351269,458.99738971224036,0.4308415686274496,68580.72395536918,0.5680931659841861,0.09528739977038446,95.17859492114445,0.1367804798749098,1.1094282375986675,0.09822262319051334,0.20285878454592424,0.109004092658721,87.45510662261512
97,297,52.0558,19.9777,42,22.4667,0,118,114,18,138,21,1.00356,52.92526,0.0,0.0,3.75,5.23,16.5759,0.0,0.0,125.0,28.1085,4e-05,1.62,1.305,-1.0,1e-06,0.12535822803599625,0.085127590867801,0.11054541337675428,0.10578920210659705,61.765409493152,12.75564236111111,84.55061321147097,5.25730027784411,0.26349698802889204,26322.691873967266,458.89483009713007,0.4284905882352942,68177.58546830683,0.5680931659841851,0.09536330067513928,95.20199062233267,0.13700489855578932,1.138858842273494,0.09822507882487294,0.20364173702669464,0.10907790043021401,87.78707362827589
98,298,52.2307,19.987,42,21.2008,0,118,114,18,138,21,1.00306,53.00511,0.0,0.0,3.82143,5.19,17.16641,0.0,0.0,123.0,28.07078,2e-05,1.61,1.407,-1.0,0.0,0.12463001670469095,0.08511773061216973,0.11065145119644217,0.1057272835847141,61.661416701328605,12.681761188271604,84.4175441065988,5.401904950681141,0.2635523266437222,27128.344138860968,458.8222495575459,0.4270043137254901,68423.3487168532,0.568093165984186,0.09495142375491225,95.17791281794214,0.1372129346230249,1.311480681844843,0.09828409857373217,0.20387682891231687,0.1091186154914687,88.46831769879604
99,299,52.0282,,42,22.3685,0,118,114,18,138,21,1.0017,52.77144,0.0,0.0,2.89286,5.174,17.1744,0.0,0.0,123.0,27.86828,2e-05,1.62,1.373,-1.0,2e-06,0.12380213112060973,0.08519058149115118,0.11114295756066171,0.10574458835311817,61.534986142758974,12.577064043209877,84.03611641275342,5.345566076501229,0.2637101003056204,26960.884614929742,458.7539171909341,0.42314666666666667,68333.47025074302,0.5658755399409588,0.09484175930738613,95.13668239624843,0.13740217772256894,1.0259858134943185,0.09818012918365941,0.20398911958570093,0.109353920867394,86.23615457455459
