,frame_number,SITI.SI,SITI.TI,VCA. E,VCA. h,VCA. epsilon,VCA. L,VCA. avgU,VCA. energyU,VCA. avgV,VCA. energyV,AGH.Blockiness,AGH.Spatial Activity,AGH.Letterbox,AGH.Pillarbox,AGH.Blockloss,AGH.Blur,AGH.TemporalAct,AGH.Blackout,AGH.Freezing,AGH.Exposure(bri),AGH.Contrast,AGH.Interlace,AGH.Noise,AGH.Slice,AGH.Flickering,cambi,movement,cubcol.0.6,blockiness,tone,staticness,cubcol.0,uhdhdsim,fft,contrast,temporal,cubrow.0.3,noise,cubcol.1.0,cubcol.0.3,blur,cubrow.0.5,cubrow.1.0,color_fulness,cubrow.0.6,saturation,cubrow.0,cubcol.0.5
0,100,67.3912,23.3104,64,0.0,0,121,118,22,135,22,0.98513,66.15078,0.0,0.0,0.0,4.705,0.0,0.0,0.0,126.0,33.70894,0.01664,2.9,7.32,0.0,4e-06,0.0,0.23859350734806206,2.761862938565687,0.511983137254902,546.8396323229877,0.10431311724706993,81.52271491125889,74826.7899011291,87.84901361019504,0.0,0.07365797036078393,2.408634393964211,0.1069325699447202,0.4272853352663987,63842.565994245415,0.13342850878805756,0.07763207627033901,78.104157256866,0.17621001274476944,44.520689599307964,0.08507416550974632,0.26594855669996886
1,101,67.44,23.2192,64,38.7749,0,122,118,22,135,23,0.98828,66.19661,0.0,0.0,0.14286,4.709,20.20038,0.0,0.0,126.0,33.47676,0.01653,2.97,5.974,-1.0,0.0,16.926167052469136,0.21263461531420094,2.71684509657513,0.5089038431372548,530.5012064647724,0.08685297322324174,81.18891444263271,74941.34949548732,84.46912348725965,7.578042337061349,0.057856641189236155,2.412475434943263,0.09185153046978396,0.4041508362973677,66574.78253065847,0.14667262982445525,0.06104323778330869,77.85347948684077,0.13183023166706676,44.42243505407263,0.06327853633717212,0.230000363948125
2,102,67.5948,22.832,64,36.3574,0,122,118,21,135,23,0.99223,66.35636,0.0,0.0,0.28571,4.622,20.10744,0.0,0.0,126.0,33.28879,0.01734,2.94,6.437,-1.0,0.0,14.15306712962963,0.20702213681836593,2.6365213382927424,0.5082131568627449,519.1414966744082,0.08267617738802435,80.97455816695614,73773.03006383016,84.78805572729235,7.531956118819536,0.05696182815809858,2.411446231114836,0.08792696587341936,0.4042136099134618,68899.04080504888,0.16121525486393729,0.055712012420543876,77.56331872146549,0.12081714961358714,44.31659764419367,0.05669322194783392,0.21681939825378688
3,103,65.9329,22.6718,63,38.6645,0,122,118,21,135,22,0.98835,64.96409,0.0,0.0,0.39286,4.701,19.76378,0.0,0.0,126.0,33.14165,0.01764,2.94,6.531,-1.0,0.0,12.270640432098766,0.20795977576271452,3.4099375843261392,0.509330980392157,510.02721093883605,0.07593026307839194,81.10740346220268,72578.12326432108,84.45846694781568,7.488658444927499,0.055276059558531994,2.409228605071602,0.09511569233870572,0.38500744218182886,64275.14138345605,0.1627414862661005,0.05358566944432214,77.51182598746905,0.10932314697521547,44.315222846137154,0.05420021520318616,0.21543602756500943
4,104,63.9304,22.3008,63,38.0156,0,122,118,21,136,22,0.98599,63.30026,0.0,0.0,0.07143,4.693,19.61966,0.0,0.0,126.0,33.09944,0.01809,2.92,5.674,-1.0,0.0,10.808400848765432,0.2127577991467081,2.0826052488287354,0.509026274509804,501.97740919281654,0.07470026576231589,81.27278535610243,71053.09570202902,86.4476650057201,7.4499490234087435,0.05350067958399195,2.402575726941915,0.10251371254980908,0.3617238214351904,57011.915418372584,0.15843463349961956,0.05210819402174689,78.15973780136423,0.10763954845975225,44.31109732168692,0.051872108409233696,0.21752506447683084
5,105,63.5527,22.6231,64,36.7757,0,122,118,21,135,22,0.97805,62.99691,0.0,0.0,0.10714,4.6,19.30118,0.0,0.0,126.0,33.20535,0.01785,2.93,5.897,-1.0,0.0,9.551986882716049,0.21958524779945696,2.7744141404133664,0.5087039215686274,494.6088236975896,0.0758844684154367,81.28526886050082,70643.13309435199,88.28504215923624,7.418967762308919,0.054017290374557096,2.3975462637480542,0.10702557931003083,0.3462113137024879,56034.92836224171,0.15646488140120718,0.0515670456818921,79.18935858457311,0.10332606369348836,44.00400062843605,0.050606727473413354,0.22103825845328784
6,106,63.6209,23.1683,64,38.222,0,122,118,21,135,22,0.98696,63.09616,0.0,0.0,0.14286,4.68,19.58849,0.0,0.0,126.0,33.26059,0.01765,2.94,5.641,-1.0,0.0,9.093074845679013,0.2256494649602202,2.77762416694094,0.5093709803921569,488.07441078986795,0.076644899606848,81.24190106657194,70447.22529148852,87.07441786846617,7.457612451367679,0.05465417923000496,2.408475175577841,0.1108027788389117,0.33409199683437657,57462.753986932825,0.15231691384810556,0.05074379399040826,80.02933822755912,0.09971845756136398,43.696219550238716,0.04951711017428213,0.22640921981922205
7,107,64.4548,23.1153,64,39.5566,0,122,118,22,135,22,0.98264,63.85751,0.0,0.0,0.14286,4.766,20.05801,0.0,0.0,126.0,33.58452,0.0187,2.96,5.436,-1.0,0.0,9.058786651234568,0.23071398856544778,2.63284036062021,0.5120917647058825,482.2232420466182,0.07795716852869444,81.00949287707786,69809.46753864705,85.22124392357726,7.469878610252197,0.0566388240947831,2.4070109790283696,0.1124855858466081,0.3264654960474667,62016.05401675729,0.1475895632095222,0.05023880229284569,80.82979678597997,0.09861533220213822,43.478654084382235,0.049023110695175315,0.2305816395996236
8,108,64.7393,23.1421,64,37.1318,0,123,118,22,135,23,0.9843,64.09931,0.0,0.0,0.10714,4.943,20.00844,0.0,0.0,126.0,33.84682,0.01785,2.95,5.097,0.12603,1.5e-05,8.329378858024691,0.2343026228225129,2.3135316912791835,0.5150650980392156,476.6088163688953,0.07913691827359694,80.99779063589791,69328.9957300129,87.10233063514073,7.456189094918881,0.05754799874056721,2.380399466509602,0.11236814034617863,0.31870356813843875,62413.352559753526,0.1401693586711249,0.04996287348536666,81.30412815185025,0.09798601249361795,43.36986343948929,0.04823173399649886,0.23148016066386148
9,109,64.6497,23.142,64,36.5626,0,123,118,22,135,23,0.97714,63.99779,0.0,0.0,0.0,4.978,20.01831,0.0,0.0,126.0,33.84782,0.01826,2.92,5.153,-1.0,5.5e-05,7.605275848765432,0.23425843521342984,3.3802180459931215,0.5145360784313725,470.7670723756717,0.08095880017200806,81.02320407728175,68709.97569683917,84.68645713156761,7.443477849336959,0.05966924610489375,2.3777468477453403,0.11268902920685878,0.31554418454962974,61756.33224139646,0.13602393134567295,0.049582392471920006,81.31400899547332,0.09741580175410194,43.17316691080729,0.047697398220057814,0.23270815001885434
10,110,65.0228,23.279,64,36.5725,0,123,118,21,135,22,0.98137,64.32018,0.0,0.0,0.25,5.077,20.00434,0.0,0.0,126.0,34.1266,0.01816,2.96,4.67,-1.0,1.4e-05,9.814718364197532,0.23378203588867877,3.005309409306211,0.5179458823529411,464.67038439216594,0.08132690806621375,80.969673262341,68856.40672877769,85.12845561421172,7.421631756356194,0.05834557433572251,2.3793702626811837,0.11269648428512831,0.31640358946540587,62953.069912263854,0.1341061526967084,0.049375669064830915,81.79425054043406,0.09787209750331548,42.84165615505643,0.0470824671139312,0.23319816579752806
11,111,66.2052,23.3514,64,36.8623,0,123,118,22,135,22,0.98782,65.30139,0.0,0.0,0.14286,5.128,20.10017,0.0,0.0,126.0,34.26267,0.01796,3.0,4.501,-1.0,2.8e-05,10.786747685185185,0.23384095306219996,3.972771446063332,0.5196968627450981,458.64987201745475,0.08241575412146172,80.78672386550468,69393.53108357608,87.46753479392285,7.429900001369453,0.057946285724652526,2.3684413508513806,0.11134097890713848,0.3201111045543034,71823.23499459222,0.13312389387940876,0.049124350215313466,81.75702377651561,0.09964922072205407,42.553292733651624,0.046655474785131504,0.23088702755232077
12,112,65.6246,24.2002,64,34.6458,0,123,118,22,135,23,0.99237,64.90023,0.0,0.0,0.14286,5.168,20.16471,0.0,0.0,126.0,34.05894,0.01728,2.92,4.775,-1.0,6.7e-05,9.796440972222221,0.23266409241953,2.685902943187264,0.5193913725490196,453.09193981808795,0.08271195009678194,80.96198676039467,70156.42409007352,83.89196879936328,7.427190231772735,0.058152526082461284,2.3716881807230434,0.11111485426898786,0.3215370110678037,64975.1962237129,0.13412893430701323,0.04891503067698445,81.24102375188838,0.10060213667833709,42.49401346842448,0.0462152486749337,0.22826869239115302
13,113,65.3078,24.2479,64,34.4263,0,123,118,21,135,23,0.98917,64.59195,0.0,0.0,0.17857,5.235,20.88906,0.0,0.0,126.0,33.87052,0.0174,2.93,4.443,-1.0,8e-06,8.733748070987655,0.23149855537755828,2.7756963040242715,0.519536862745098,448.17804893267663,0.08349762294348329,81.01034310567772,70106.89621728496,87.55151706054828,7.449086435807941,0.05775660777220763,2.3600058393994923,0.11095157769218908,0.3157753215705308,64923.904429598406,0.13494954778874219,0.04874733939069857,80.44858779156742,0.10175334339421298,42.432451413001544,0.045926152494180895,0.22662189642893088
14,114,65.5496,23.4999,64,36.4066,0,123,118,21,135,23,0.98237,64.83303,0.0,0.0,0.0,5.232,20.93255,0.0,0.0,126.0,33.98277,0.01701,2.93,5.101,-1.0,6.5e-05,8.639515817901234,0.22977522357072958,3.2607008537490496,0.523524725490193,443.8624310231641,0.08679438136163471,80.99057146269675,68938.96876540601,87.37477956310666,7.448183399782132,0.05811938199477933,2.363411887657522,0.11004248817739387,0.3102718985082429,65845.05750618227,0.1313934849052486,0.04858885641306376,80.09016825346706,0.10227518229515341,42.4386287736304,0.04574637147631588,0.22441229446408034
15,115,65.5934,23.1174,64,33.4927,0,123,118,22,135,23,0.98536,64.88423,0.0,0.0,0.03571,5.241,20.29723,0.0,0.0,126.0,34.11417,0.01743,2.97,4.697,-1.0,9.1e-05,9.70138888888889,0.22753221274452917,2.739251325650226,0.5282196078431373,440.040449528723,0.09006297128493422,80.85574354897958,68791.84652803683,87.75187172644566,7.404198646734746,0.05813174730847648,2.377152636637936,0.1096105839227701,0.30648968006097976,67371.54395490214,0.12949336627552221,0.04847097902884117,79.84135342439939,0.10265583044894441,42.58316755883488,0.04557218404791349,0.22280082554844427
16,116,65.6737,23.566,64,34.6837,0,123,119,22,135,23,0.99208,64.96671,0.0,0.0,0.17857,5.213,19.971,0.0,0.0,126.0,34.42646,0.01765,2.96,4.736,0.12809,3.7e-05,10.935522762345679,0.22600144974827366,2.6215729354604984,0.534178862745098,436.47306027362504,0.09323301728318925,80.83864259670001,68914.96341632419,85.9731025713477,7.431154981879461,0.05807866401522116,2.3799644737885703,0.1095664968718289,0.3046069807896048,67299.24052197985,0.12868161740892867,0.04833371329827496,80.33657587053985,0.10279102144862756,42.65567562903887,0.04541992638459864,0.2210786197241095
17,117,65.5433,23.3419,65,37.1104,0,123,119,22,135,23,0.99514,64.89808,0.0,0.0,0.0,5.269,20.37125,0.0,0.0,126.0,34.75815,0.01749,2.94,4.511,-1.0,2e-05,11.028356481481481,0.22346668954800195,2.286257138640915,0.5399627450980392,433.11570762339954,0.0965126248373018,80.8452468969256,68883.96931073986,85.69615410474208,7.474872838940696,0.05752350747278517,2.369035561958776,0.10913140006105711,0.30126557465237874,65264.42021731509,0.12789483371359633,0.04824893995167376,80.56704385769487,0.10249559337015371,42.7755935103805,0.045356483791398665,0.21909888181038337
18,118,66.4776,23.0982,65,36.706,0,123,119,22,135,23,0.9989,65.66786,0.0,0.0,0.0,5.066,20.19418,0.0,0.0,126.0,34.97833,0.01725,2.96,4.789,-1.0,1e-05,10.807581018518519,0.21999707586718165,2.231375837954429,0.544546274509804,430.08682874790145,0.09881612941932477,80.66035530046953,69333.55054318644,86.61393407814703,7.4601725653109465,0.05705751719878588,2.389269970682532,0.10958382650963552,0.2973292196509377,68508.65960588805,0.12665901858372325,0.04838375041551563,80.79317758540667,0.10329718747642558,42.94908198603877,0.045348670018196695,0.21874792635422988
19,119,67.1753,23.1724,66,37.8844,0,123,119,22,135,24,0.99344,66.30942,0.0,0.0,0.14286,5.017,19.99113,0.0,0.0,126.0,35.00962,0.01782,2.94,4.196,-1.0,3.4e-05,10.513069058641975,0.2175155484993523,1.8713351881776041,0.547576862745098,427.44359773551383,0.10075565554832507,80.66509152022306,70439.86402246243,84.80618956271397,7.435995769401817,0.05655489339951225,2.3792110442948133,0.11058412864056721,0.2944139527589983,69225.99949510868,0.12626896587218278,0.0495318920655309,80.53835067014968,0.10456131748031591,43.10854141800492,0.04523963576743097,0.21898525317421175
20,120,67.9733,22.7519,66,37.698,0,123,119,22,135,24,0.9872,66.92607,0.0,0.0,0.03571,5.053,20.0621,0.0,0.0,126.0,35.02841,0.01809,2.94,4.069,-1.0,0.000121,11.762538580246913,0.21554207426709285,1.9830402805981895,0.54834,425.07279408816896,0.10379869028388262,80.68565448104994,71068.42839686401,87.17660408512072,7.410881393848738,0.05657478723565605,2.3809936776170058,0.11112936222963271,0.29196813426042123,72755.91114039638,0.1254135539842597,0.0507516134925422,80.12111832216391,0.1068212493356212,43.214299519856766,0.04516112820479293,0.2186803659596725
21,121,69.6389,22.238,66,39.3011,0,123,119,22,135,24,0.98869,68.29998,0.0,0.0,0.35714,4.9,19.70481,0.0,0.0,126.0,34.93767,0.01787,2.93,4.246,-1.0,1.7e-05,11.69897762345679,0.2142536405174119,2.2834910187323794,0.5452831372549019,422.9206550641534,0.10633901533348837,80.60385119435523,72749.9630207209,84.88704726212569,7.40073694160295,0.056872850979268065,2.3745000178736757,0.11114851496134452,0.28967403459598284,78659.49477724382,0.12382543038327813,0.05119973573148949,80.13375337486643,0.1069482331036724,43.22720016667873,0.045135256421724196,0.21802451361078976
22,122,70.8702,22.342,67,36.4121,0,123,119,22,135,24,0.9835,69.34695,0.0,0.0,0.21429,4.855,19.2567,0.0,0.0,126.0,34.83555,0.01782,2.95,3.773,-1.0,2.5e-05,11.452980324074074,0.21256325530413384,2.0777322901773707,0.5424996078431372,420.97710969080146,0.10889781454610101,80.61712042475489,73376.1535714055,86.55785641244239,7.399207759143067,0.05692550361810231,2.3843997258750265,0.1114286278291479,0.28785890853592433,80748.44892395705,0.12345462141191055,0.05157208376784299,80.34333750620914,0.1087627342366523,43.174528522255976,0.045294549558154706,0.2185641769898186
23,123,70.1201,22.6344,67,38.083,0,123,119,22,135,24,0.97566,68.81065,0.0,0.0,0.0,4.906,19.32664,0.0,0.0,126.0,34.7028,0.0173,2.92,4.132,-1.0,9.7e-05,11.380063657407407,0.2112540491766362,3.369678936364089,0.5402980392156862,419.18135802566655,0.11196213044929651,80.6060041987601,72783.35188859944,86.18049311006499,7.416531602061197,0.05645679758488609,2.3932702300479476,0.11127279487567536,0.2857918353183622,77453.72677769183,0.12370322489368206,0.052009134364148,80.47738453672972,0.11131778231577785,43.120752216857156,0.045131559477286594,0.2184350157402891
24,124,68.9552,22.7714,66,37.0344,0,123,119,22,135,24,0.97763,67.86712,0.0,0.0,0.0,4.913,19.57119,0.0,0.0,126.0,34.53934,0.01784,2.97,3.858,0.12976,5.8e-05,11.60985725308642,0.21032840120162222,4.40074648435068,0.5371600000000001,417.54993098483527,0.11493946912784687,80.71888399676838,71821.33508409225,87.02873476975273,7.447962250572756,0.05686634327429456,2.376123432809505,0.11114033817587524,0.2829234753809071,72786.61615905295,0.12119340300722584,0.05250520703270239,81.23424523904183,0.1126811451619442,43.038859049479164,0.04533316684800953,0.21804551442505962
25,125,68.1886,23.4121,66,36.5801,0,123,119,22,135,24,0.97939,67.24599,0.0,0.0,0.07143,4.9,19.68144,0.0,0.0,126.0,34.48287,0.01698,3.0,3.79,-1.0,3.4e-05,12.336950231481481,0.20945179725326188,3.6321135331109278,0.5358180392156862,416.08862039856893,0.11752021425483092,81.03994687847862,71338.65754091625,85.06236182547754,7.496343319398748,0.057494554939543384,2.3787760515737753,0.1109357222157839,0.2804662421533923,71241.01374322589,0.12012972240846197,0.05308077908056297,82.18361580055544,0.1148126040707563,42.95412642867477,0.045397380305155235,0.21768839447210633
26,126,67.7199,23.2953,66,35.0778,0,123,119,22,135,24,0.98503,66.82251,0.0,0.0,0.03571,4.769,20.23627,0.0,0.0,126.0,34.47882,0.01674,2.91,3.834,-1.0,3.9e-05,12.601851851851851,0.2084852526077064,3.5310499697227358,0.5356910392156862,414.75610126208977,0.11964332298825323,80.91221547345117,71376.43648683584,85.26830757330036,7.551309411175155,0.05766650752242616,2.400358100898673,0.11064583723417963,0.27645873947138144,69449.66989430247,0.11879206131810396,0.05378483305432607,82.64868872224322,0.11893799286996219,42.93198592574508,0.04540126974619167,0.21633890357196867
27,127,67.9663,22.7585,67,37.353,0,123,119,22,135,24,0.98242,67.10964,0.0,0.0,0.03571,4.752,20.1327,0.0,0.0,126.0,34.48027,0.01692,2.96,3.779,-1.0,3e-06,12.438271604938272,0.20769395009901226,2.567711735930095,0.5352152941176457,413.5734563756969,0.12229413467876683,80.84797246513277,71932.64179965254,87.46308029714204,7.52152278738503,0.05784546269988959,2.396517059919614,0.11047492731735337,0.2729459702395646,69256.9083865056,0.11803727490204811,0.05453667829001534,83.11100420520631,0.11997134503450073,42.827733169367285,0.04555339734094215,0.2153510981169831
28,128,67.6852,22.9008,67,35.9316,0,123,119,22,135,24,0.98129,66.92587,0.0,0.0,0.17857,4.776,19.67918,0.0,0.0,126.0,34.43663,0.01696,2.92,3.912,-1.0,1e-06,12.176456404320987,0.20723785035002695,2.012938969842633,0.5334899019607842,412.56133400869714,0.12539282754550163,81.01334061045688,71836.06923943682,84.01027121963423,7.4772648378088435,0.057872155227244634,2.4064167679209745,0.11062156367156534,0.2713566650705853,67067.79677921887,0.11753467910860314,0.05495371042372465,83.72788454117543,0.11922802438147288,42.75514560275608,0.04580241092980168,0.21455296004698043
29,129,66.9073,23.1028,67,37.1829,0,123,119,22,135,24,0.98936,66.21813,0.0,0.0,0.0,4.874,19.80667,0.0,0.0,126.0,34.1638,0.01675,2.94,3.707,-1.0,0.0,12.212914737654321,0.20673561675624438,3.3046163487710856,0.5286415686274508,411.726557025369,0.12763072934051267,80.93028567498996,71102.40409334032,86.98139503365242,7.475501741422326,0.057947905282752565,2.408634393964196,0.11055241606315663,0.26919295354795236,67589.22002845832,0.11781842685660852,0.054541253930506975,83.54454714499208,0.11826280856763925,42.722240495093075,0.04571965799976181,0.21496007857783841
30,130,66.0377,23.0642,66,40.4007,0,123,119,22,135,24,0.99094,65.42198,0.0,0.0,0.0,4.891,19.9673,0.0,0.0,126.0,33.88924,0.01715,2.91,3.946,-1.0,0.0,12.675684799382717,0.20679362593842937,2.0016678692319045,0.5233254901960783,410.93209792969884,0.1295597688878453,81.05387321879365,71979.45941088082,84.86642935983937,7.506750958979107,0.05801160326285552,2.4009523120060785,0.11018349948510746,0.2676011646613847,62178.02975580096,0.11909776439708879,0.054255312294364456,83.12063904648656,0.11778896175434385,42.63636949327257,0.045596365812630796,0.21455045198677591
31,131,64.9333,22.9307,65,39.8069,0,123,119,22,135,23,0.99324,64.30021,0.0,0.0,0.0,4.895,19.92949,0.0,0.0,126.0,33.64779,0.01737,2.94,3.706,-1.0,0.0,13.05516975308642,0.20689801387178003,1.712805573590716,0.5185090196078432,410.0418263343819,0.1316126892257948,81.07598325091628,70654.05661216211,86.76611128017653,7.531055324652949,0.05806653802435222,2.3783410588527487,0.11009783943246725,0.2672224760100659,61248.72309876398,0.12088015969392653,0.053994118196371,82.63526848838772,0.11722730417593667,42.480676533263406,0.045336387962462726,0.21410151846601783
32,132,64.4223,22.88,64,36.3172,0,124,119,22,135,23,0.98846,63.77056,0.0,0.0,0.25,4.975,19.80751,0.0,0.0,126.0,33.44927,0.01748,2.91,3.659,0.13246,0.0,13.21532600308642,0.20720846172514767,1.650327444095316,0.5157988235294118,409.0079088209255,0.13359410111763947,81.12977811947354,70030.0727540537,84.48077350454044,7.524024802911344,0.058156115007741725,2.3959228488122237,0.11007297553634798,0.2668188391784119,58387.55899169051,0.12161933472831858,0.05368007636402032,82.27860103458131,0.1166378292392369,42.381781495647665,0.045159509048984754,0.2147137504820881
33,133,64.8228,22.9829,64,35.8593,0,124,119,22,135,22,0.98492,64.07286,0.0,0.0,0.03571,4.893,19.76538,0.0,0.0,126.0,33.20452,0.01685,2.92,3.559,-1.0,0.0,13.241560570987655,0.20678921300240363,2.326276172542968,0.5111660980392156,407.80578297960363,0.13573536256648935,81.12214205468115,70760.67457093194,86.5952515378997,7.5132325717162205,0.058266907259159964,2.3971112710270184,0.1099145051332558,0.27182547852023725,60040.11061485628,0.12284392514276964,0.05347864116815623,81.95446526325934,0.11663810389533238,42.17652196059992,0.045100446432575596,0.21541837066355277
34,134,64.5073,23.3307,64,36.8089,0,124,118,22,135,22,0.98697,63.79009,0.0,0.0,0.35714,4.871,19.84092,0.0,0.0,126.0,33.07865,0.01656,2.93,3.267,-1.0,0.0,13.471788194444445,0.20620317605629435,2.081950736800175,0.5093529411764706,406.53672043994703,0.13801931082227936,81.28384701394344,71143.21501262787,85.1001102056363,7.504377291294235,0.05840250643722977,2.3783410588527296,0.10964545516431731,0.2719113586228871,58504.67129434879,0.12381176733578482,0.05322571958127383,81.81964848227227,0.11665572948204582,42.18967748571325,0.0449516447970452,0.21496430944173606
35,135,64.8414,23.6536,64,37.2355,0,124,118,22,135,23,0.98155,64.06866,0.0,0.0,0.14286,4.819,20.14318,0.0,0.0,126.0,32.98647,0.016,2.95,3.273,-1.0,1e-06,13.84765625,0.20545376683715866,1.7906285494851095,0.5089490196078432,405.23020451876056,0.14003700921937867,81.27759619121724,70915.66089685858,86.5386130045009,7.490321451377027,0.058538031837695174,2.380399466509606,0.10943346999705472,0.2727132521234908,59414.75472517914,0.12244925603964033,0.0531232349980198,81.62124163662034,0.11667539911879236,42.086004563319825,0.044849371348961914,0.21503421800592598
36,136,65.1285,24.0156,64,35.1679,0,124,118,22,135,23,0.99423,64.37758,0.0,0.0,0.32143,4.874,20.42244,0.0,0.0,126.0,32.87653,0.01601,2.57,3.644,-1.0,0.0,14.002411265432098,0.20510739452304044,1.2071312525316076,0.5088047058823529,403.9175873747404,0.14712686872850664,81.25685737933603,71926.77197213571,85.02369417409813,7.441858971375746,0.0587594541734058,2.3783410588527327,0.10931941756656872,0.27061378136514597,59067.574403854436,0.12114833329790979,0.052920639070292014,81.49819578319806,0.11742932621911877,42.120197625807776,0.04473977972516822,0.2143628481636918
37,137,65.3574,24.2478,65,37.2258,0,124,118,22,135,23,0.99261,64.67232,0.0,0.0,0.32143,4.852,20.73583,0.0,0.0,126.0,32.93073,0.01562,2.89,3.799,-1.0,0.0,13.867380401234568,0.2045055365474161,2.3119583092761915,0.5124056078431373,402.58567674446294,0.1579962884138293,81.32590078366019,72118.20346480815,86.79907002733812,7.416401541939036,0.05891604958369121,2.372717384551487,0.10926897758501689,0.27069569792067033,58640.64406175085,0.12019062310999841,0.05280088880227211,81.25348455153217,0.11773841593081757,42.17432168089314,0.04465378720294295,0.2143410114621751
38,138,64.277,24.6696,65,36.4763,0,124,118,22,135,23,0.98487,63.82376,0.0,0.0,0.57143,4.802,20.93715,0.0,0.0,126.0,32.92435,0.016,2.91,3.412,-1.0,0.0,13.809365354938272,0.20426186844292318,3.337561776766838,0.5129250980392157,401.2345679731359,0.16900183089394258,81.67975724846515,72170.73416629045,86.1032587470362,7.433136439549654,0.05922790779442462,2.382617092552835,0.10922487349201353,0.26876361581468816,54491.89986214527,0.11995204002210964,0.05264138357831213,81.1903781285657,0.1180253423987258,42.266198994200906,0.04466129942872401,0.21412137682086102
39,139,62.9145,24.8763,64,34.6526,0,124,118,22,135,23,0.98423,62.67449,0.0,0.0,0.14286,4.902,21.30614,0.0,0.0,126.0,32.97632,0.01497,2.99,3.247,-1.0,0.0,13.84350887345679,0.20409837356419483,1.6280209673704873,0.5161192156862746,399.8521252934122,0.17513470851180377,82.0186723727372,72322.69069236619,84.82806803559177,7.47632482591016,0.05917027880408832,2.388675759575126,0.10902950550394787,0.2669138812717201,49837.797457689674,0.11984487735441818,0.052551972679765926,81.36816501347845,0.11794889199972748,42.430818157431524,0.044581491221168765,0.21423443835463898
40,140,62.5518,24.4885,65,35.701,0,124,118,22,135,23,0.99066,62.45585,0.0,0.0,0.82143,4.938,21.4891,0.0,0.0,126.0,33.14851,0.01434,2.96,3.417,0.12757,0.0,13.861400462962964,0.20466815361086704,1.586474829145043,0.5183188235294118,398.49888313775136,0.18094448846045025,82.07870533005995,72232.93263284773,84.55752991368529,7.498220510773826,0.05923429604945665,2.409228605071609,0.10897685790232028,0.2650365171689671,48078.33428045062,0.11996232279975584,0.05238042537112074,81.68161962918131,0.11831144365917351,42.65335214873891,0.044554262346485934,0.21523698945807873
41,141,63.1121,24.7848,66,36.9255,0,123,118,22,135,24,0.99158,63.16835,0.0,0.0,0.35714,5.013,21.15539,0.0,0.0,126.0,33.30476,0.01528,2.93,3.292,-1.0,0.0,13.733989197530864,0.2058040748393545,1.350701501855586,0.5222032549019606,397.1693758550082,0.18724803312992017,81.93910347023674,72177.83190372029,88.04512234592084,7.470744692915031,0.05919128352454797,2.403604930770347,0.1091089795678228,0.26351736538407433,48166.93466737127,0.11920014052493623,0.05232844435505031,82.21545946547754,0.11962370936580313,42.57434967417776,0.04443651598532475,0.21608297026393206
42,142,62.8074,25.0529,67,37.992,0,123,118,23,135,24,0.99348,63.09975,0.0,0.0,0.07143,5.105,21.40838,0.0,0.0,126.0,33.42142,0.01486,2.92,3.552,-1.0,0.0,13.579427083333334,0.20556481692604264,2.4736631667881976,0.5264962156862725,395.90992946622674,0.19565502807300159,82.1109125838232,72190.41777831614,83.67410262247829,7.465224967513466,0.05942510791838758,2.3894291890688937,0.10897947793392143,0.2620802082191227,46647.21022604926,0.11865396249532634,0.05219170572158865,82.35601235731063,0.12164869446480663,42.48557648835359,0.044467895480132844,0.2176616760350561
43,143,62.931,24.8992,68,39.4564,0,123,118,23,135,25,0.99473,63.40723,0.0,0.0,0.39286,5.242,21.65525,0.0,0.0,126.0,33.53627,0.01488,2.96,3.468,-1.0,0.0,13.627700617283951,0.20609441508866286,2.716591783399912,0.529392156862745,394.73182872595794,0.19741592728210067,82.01994921057516,72032.17084867512,84.98007193897416,7.47225845027704,0.05952002576288739,2.397328767387528,0.109130674656586,0.26077250626817144,45853.561278452835,0.11867449818752168,0.05216293311937499,82.68096395457243,0.12324133767773923,42.553464536313655,0.0444896297068065,0.21932225403843725
44,144,63.059,24.5999,68,37.9497,0,123,118,23,135,25,0.98738,63.69207,0.0,0.0,0.28571,5.212,21.52908,0.0,0.0,126.0,33.70676,0.01579,3.0,3.192,-1.0,0.0,13.371286651234568,0.20804203436398327,2.3688576630543823,0.5351405490196073,393.6741824683223,0.19792726334557545,82.07683983140902,72137.12874256275,85.0655152673284,7.443428976917398,0.059737130034752145,2.3589766355710595,0.1093133440583059,0.2597146262452359,45991.04247124762,0.11897516911161979,0.052143493559168225,82.87943892324218,0.12456031149749607,42.62654584719811,0.04465519198966818,0.22129008013565804
45,145,63.2901,24.3291,69,37.3636,0,123,118,24,135,26,0.97813,64.14258,0.0,0.0,0.25,5.16,21.26265,0.0,0.0,127.0,33.85077,0.0153,2.97,3.336,-1.0,0.0,12.850694444444445,0.2097654304004676,2.8298290148920375,0.5407737254901946,392.72731762725664,0.19829640504236742,82.1183526563581,72015.69975459545,86.10349334913536,7.422353956280636,0.06027559294547758,2.3351769602029204,0.1095774920632106,0.25851875680127473,44032.49760098586,0.11893724407638652,0.05219097239038435,82.73311817814093,0.12758454004267258,42.8248560399185,0.0448024613666025,0.22264280444907839
46,146,65.4349,23.9324,71,36.7846,0,123,118,24,135,26,0.98657,66.22306,0.0,0.0,0.89286,5.235,21.02588,0.0,0.0,127.0,34.01041,0.0168,2.93,3.111,-1.0,0.0,12.488088348765432,0.21182983447019318,2.277741488384537,0.5450023529411765,391.8643156282401,0.19955666257985796,81.76594583522694,72132.7158511562,86.04508677504026,7.371167102706227,0.06055669549800695,2.310942292113744,0.10984667568798366,0.25758201407740844,49117.505919787625,0.11954620975855765,0.05229529341048395,82.8075874819625,0.13013518965351437,43.050075012960555,0.04498754241417705,0.22281217415489082
47,147,66.9007,23.9067,73,37.7474,0,123,118,24,135,27,0.98412,67.72851,0.0,0.0,1.39286,5.033,20.69653,0.0,0.0,126.0,34.1705,0.01783,2.95,3.258,-1.0,0.0,12.059510030864198,0.21329058814435925,2.686970864104686,0.5478839607843136,391.0832380316815,0.20105370195575908,81.61984283086886,72430.67774542306,88.2304474806597,7.2759282420659845,0.060958033838167766,2.3054778361988513,0.11070628020008505,0.25712313568455464,51452.250865575676,0.11959228012249411,0.052574114065555906,83.02964468332237,0.13160052916992906,43.11482276445553,0.04550850328091623,0.22241527560457022
48,148,67.8925,23.7755,75,38.9549,0,123,118,25,135,27,0.97513,68.878,0.0,0.0,0.96429,4.721,20.67417,0.0,0.0,126.0,34.26037,0.01677,2.99,2.971,0.12629,0.0,11.803096064814815,0.21565075011018472,3.127250367726332,0.5510040196078428,390.3768092473522,0.20332441946726615,81.58422071868645,73310.89624610271,85.73073946491965,7.2523291854192005,0.061461808114100125,2.3006075913913424,0.11146322927083238,0.2564543673585647,52090.079336870884,0.11980874743583189,0.053027678069368964,82.89014346796095,0.1327990651839171,43.30647786458333,0.046225928595047185,0.22230499611442076
49,149,69.3105,23.3261,76,37.8746,0,123,118,25,135,28,0.97832,70.3837,0.0,0.0,1.46429,4.454,20.55809,0.0,0.0,126.0,34.25604,0.01625,2.88,3.12,-1.0,0.0,11.406105324074074,0.2180314455698545,3.0684145479276235,0.5519596078431372,389.7037648278441,0.20586366307643017,81.57257764946112,74134.6383438895,87.57650471509187,7.2226028211681195,0.06186927196030895,2.2388324989536237,0.11183336468013536,0.25629828355850887,54891.993244149104,0.12052180985161941,0.05358410709539156,82.71952659933719,0.13359072680828765,43.386790334442516,0.04712719668924226,0.2221657458936331
50,150,71.8499,23.3004,78,37.1469,0,124,118,25,135,28,0.98366,72.97354,0.0,0.0,1.46429,4.154,20.17604,0.0,0.0,126.0,34.2887,0.01699,2.83,2.993,-1.0,0.0,11.080439814814815,0.22002024199021464,3.568020127509243,0.5527858823529412,389.0443863885377,0.20829775041171072,81.31546670856238,74862.06986121257,85.53789365873891,7.121981392545288,0.06212907524372041,2.2497614107834054,0.11225726820740421,0.25649969416346186,59558.31117708261,0.12230311561028372,0.05426423046197251,82.60727297433846,0.13570605403525446,43.33190145610291,0.04833225283298494,0.2219568073261492
51,151,74.9177,23.1672,80,37.7058,0,124,118,25,135,28,0.98301,76.0688,0.0,0.0,3.14286,3.706,20.15776,0.0,0.0,126.0,34.3446,0.0165,2.86,3.045,-1.0,2e-06,10.695167824074074,0.22250188468728013,4.353282632143937,0.5542670588235294,388.42745162778016,0.2109187435222268,81.02935496669859,75536.15666324389,84.67831909694225,7.050726602809956,0.06242571928790059,2.274431071593623,0.11252093345759612,0.25620593902901395,65163.715504735366,0.12326196819867187,0.05490868864734466,82.71316480339081,0.13990432545968337,43.32510997630932,0.05067180633562819,0.22177286430508972
52,152,77.7025,23.0092,82,36.74,0,124,118,26,135,29,1.00386,78.86421,0.0,0.0,4.0,3.213,20.03327,0.0,0.0,126.0,34.44507,0.01568,2.82,2.962,-1.0,1e-06,10.276186342592593,0.22418385239900837,2.932391126358977,0.5562392156862745,387.8490148232289,0.21239757160761816,80.49002439798564,76704.66116085551,83.2482898783677,6.956862796948481,0.06295886484980243,2.309913088285315,0.11313055390229307,0.2556707020426803,69739.15993310315,0.12407515936961165,0.05538808525060326,82.9272692845725,0.14425801419803186,43.23956487208237,0.05409934710042223,0.2216227069560278
53,153,79.7753,22.6691,84,35.4703,0,124,118,26,135,29,0.98455,80.827,0.0,0.0,4.42857,2.966,19.89997,0.0,0.0,126.0,34.54433,0.01513,2.89,3.07,-1.0,0.0,9.827305169753087,0.22683048050209612,3.452587003838182,0.5577352941176471,387.3276539072389,0.21475569313760867,80.13545078528804,76862.98991835363,83.64029843706075,6.914207203474019,0.06374235717431789,2.31818938135084,0.11383126889553986,0.2555065237122283,73423.04577580502,0.12470587333948173,0.05583033382033259,82.85077747346448,0.1470750177348408,43.22580219786844,0.05893571827719465,0.22149736303067452
54,154,81.488,21.9068,85,34.7243,0,124,118,26,135,29,0.96202,82.42756,0.0,0.0,6.92857,2.855,19.61094,0.0,0.0,127.0,34.68632,0.01498,2.89,3.092,-1.0,0.0,9.502797067901234,0.22827853028588888,3.4117665505123522,0.5609247058823528,386.8667530689221,0.21822507643262215,79.80077982591649,77560.59474136539,84.72500646919991,6.906467640370851,0.06462476378669225,2.34020642339679,0.11442492325014642,0.25543329025417116,77115.73419349962,0.12565486658004918,0.05617479455526552,82.98226564085674,0.1510329906566267,43.28529056501977,0.06508994986677732,0.22125970573672565
55,155,82.3466,21.5225,87,34.5586,0,124,118,26,135,29,0.98432,83.34087,0.0,0.0,6.5,2.756,18.94951,0.0,0.0,127.0,34.71823,0.01438,2.88,3.029,-1.0,1e-06,9.232156635802468,0.22884679354415477,3.6370020489908375,0.5629632156862745,386.47878804847454,0.2220920988544453,79.40989522446336,77287.90979978205,83.61578252466381,6.8168959157887645,0.06569982855851467,2.360600050506887,0.11515362042140413,0.2559610612592447,76060.64992617344,0.1261525248359532,0.056597576589571194,82.78654854928111,0.15542607833310204,43.205415702160494,0.07301201828813464,0.22105654913038672
56,156,81.1983,20.9578,86,35.5076,0,124,118,26,135,28,0.97953,82.3549,0.0,0.0,6.53571,2.621,18.60309,0.0,0.0,127.0,34.49002,0.01476,2.91,2.806,0.12526,0.0,8.91550925925926,0.2290342555973648,3.344540416895624,0.5595149019607843,386.1577729062537,0.22628905149416875,79.10824558453189,76462.49066376199,88.61190699815992,6.7330957240001705,0.06742861167001293,2.362976894936483,0.11599249134214534,0.2562742546065945,71907.4289774342,0.12759410590724052,0.05666894234338442,82.67442243142938,0.15976683961149016,43.17397054036458,0.0831302082826953,0.22094031544277487
57,157,81.4781,20.768,86,31.8453,0,124,118,26,135,28,0.98259,82.63827,0.0,0.0,7.96429,2.527,18.12284,0.0,0.0,127.0,34.49166,0.01498,2.9,2.927,-1.0,0.0,8.646942515432098,0.22967440194090524,3.6023092815589277,0.5584862745098039,385.8747280469023,0.2294877138472661,78.88447632883089,75961.08070498885,86.83489595467961,6.575661930859957,0.06965058814384606,2.373311595658873,0.11697353042564469,0.2562689868876278,71883.06435548878,0.12975872516029563,0.05677330002655691,82.47950380679316,0.16562194369526262,43.22884623209635,0.09393896624820702,0.2208898751862328
58,158,81.7323,20.9522,86,30.9734,0,124,118,26,135,28,1.00021,82.96576,0.0,0.0,7.67857,2.472,17.95992,0.0,0.0,127.0,34.57447,0.01547,2.88,2.917,-1.0,0.0,8.532744984567902,0.23110351677324373,3.427378891397558,0.5590904117647051,385.61577707065584,0.23364796576667746,78.75008964431497,75749.38167951281,84.55442089677064,6.377141713890574,0.07202811674312773,2.37996447378857,0.11813390518808671,0.25617846742779965,71950.57465312126,0.13099112501328578,0.05684519769033346,82.22315065663662,0.17120779604220435,43.21040739836516,0.10418669725082264,0.22101094227425802
59,159,82.6123,21.313,87,30.4996,0,124,118,26,135,28,0.99575,83.76586,0.0,0.0,6.17857,2.517,18.12444,0.0,0.0,126.0,34.72325,0.0154,2.86,2.782,-1.0,0.0,8.461082175925926,0.23293406009404566,3.529533666181912,0.560150862745097,385.3876091917812,0.23842943944690717,78.73287612593184,76165.57847983428,83.56242161083678,6.320800195433859,0.07459669809173551,2.3755292217021116,0.11904477899442188,0.2562489052690844,74329.14541509877,0.13267582926132523,0.05681725353103274,82.05544618790015,0.1768475504884478,43.340917705017844,0.11268969538916682,0.22112211971332973
60,160,83.3795,21.7062,87,31.1078,0,124,118,26,135,28,0.98063,84.42292,0.0,0.0,5.07143,2.518,18.43815,0.0,0.0,127.0,34.89138,0.01559,2.88,2.999,-1.0,0.0,8.406394675925926,0.23555712510215254,3.578718209374217,0.5620874509803921,385.1785017280636,0.24399889724302723,78.78520999852634,76608.1189721278,85.77947574727949,6.389408455624718,0.07709987548833191,2.370064765787223,0.12039322230362438,0.2552457656559036,76881.73484212857,0.13536737829823278,0.057006753405663045,81.8929873998493,0.18248186784765838,43.40188805850936,0.12022122720393234,0.22149663402325806
61,161,83.5621,21.9644,87,32.3211,0,124,118,26,135,28,0.96124,84.61018,0.0,0.0,5.71429,2.547,18.77227,0.0,0.0,127.0,35.09263,0.01515,2.91,2.924,-1.0,0.0,8.458815586419753,0.23825327915312947,2.7167969802473233,0.5656599999999999,385.0034795828448,0.24913664028724727,78.83458124577308,76832.59429095176,88.62243377610712,6.471664904076727,0.07954530869625037,2.39105260400472,0.12206244374691991,0.2530295131963908,77228.01588348742,0.13649085221311938,0.05715933298146819,81.62165773116593,0.1870242264080875,43.47737159258054,0.12652179331105434,0.22184279766728415
62,162,84.2635,21.8382,87,31.1186,0,124,118,26,135,28,0.98886,85.15011,0.0,0.0,6.57143,2.581,18.98769,0.0,0.0,127.0,35.26238,0.01581,2.9,2.984,-1.0,0.0,8.473668981481481,0.24032063580937446,2.615396770373674,0.5660826078431371,384.8564730285747,0.2546956930037102,78.8379152666896,77393.18280478318,85.24426133338712,6.530818514602822,0.08170244624763479,2.372282391830453,0.12395770006010876,0.25063182292017666,80356.84833663405,0.13803210257279802,0.057318487162170875,81.30141487665026,0.19106455999213068,43.49598882227768,0.13179337785754255,0.2220559416561766
63,163,85.3854,21.5289,88,32.708,0,124,118,26,135,28,0.9762,86.13377,0.0,0.0,5.35714,2.574,18.87882,0.0,0.0,126.0,35.43587,0.01593,2.9,2.802,-1.0,0.0,8.412133487654321,0.242613732151797,2.4653734890887513,0.5679937254901961,384.72963589496777,0.26041225653219513,78.7830522907147,78421.81538217071,85.41466113646581,6.473853253296374,0.08389205763801928,2.36828213246502,0.12522879661140615,0.2499367800231199,85787.68184796628,0.1402183256915621,0.05747351852807285,81.40744573184696,0.19529211664196003,43.55505615987895,0.13661092955010984,0.22227854861236312
64,164,85.7671,21.3167,88,32.9567,0,123,118,26,135,28,0.99154,86.45912,0.0,0.0,6.03571,2.581,18.61291,0.0,0.0,126.0,35.58581,0.01667,2.87,2.79,0.12526,1e-06,8.427565586419753,0.2435981051610261,4.126789335217908,0.5680301960784313,384.62386832116186,0.2663710258479681,78.71210357086038,78807.37718255313,84.2485376247028,6.462619433490543,0.08632030992446459,2.3882407668540866,0.12621323625790648,0.2501257670064086,86560.84395229188,0.1415061642002694,0.05759078650032156,81.50394670192355,0.197977060496439,43.6516446714048,0.14152926315987094,0.22228710530718437
65,165,85.8445,21.5811,89,33.9115,0,123,118,26,135,28,0.99945,86.57678,0.0,0.0,6.35714,2.58,18.43563,0.0,0.0,125.0,35.58332,0.01592,2.89,2.722,-1.0,4.1e-05,8.353105709876543,0.24443759063366483,5.28431774989112,0.568098431372549,384.5340956150578,0.27193586820989774,78.74083861737013,78815.99680738462,85.39484752259281,6.47523739822919,0.0887289423736773,2.386617351918258,0.12707373335888142,0.25080661729544246,85968.81716339602,0.14245371071665264,0.057739833728187105,81.38379342189788,0.20089253688014583,43.63804193190586,0.14574117936734518,0.22202234847942265
66,166,85.6348,21.5891,88,32.8289,0,123,118,26,135,28,0.99103,86.39575,0.0,0.0,6.53571,2.575,18.6645,0.0,0.0,126.0,35.45713,0.0159,2.9,3.024,-1.0,9.2e-05,8.266396604938272,0.2460151257738534,4.069726368995078,0.5665894117647059,384.467569723847,0.27565186954975934,78.81871065708161,78659.9158863197,88.53777257333591,6.519744342665921,0.09116880559761849,2.3755292217020987,0.127830206694413,0.25111889841111257,85391.63879041093,0.14399621600045368,0.057871828616806766,81.3047624094136,0.20355695813980204,43.59306749885465,0.14956757733286555,0.22175674972987555
67,167,85.5482,21.3486,88,32.1826,0,124,118,26,135,28,0.94287,86.26605,0.0,0.0,4.82143,2.572,18.67878,0.0,0.0,126.0,35.3368,0.01507,2.91,2.937,-1.0,0.000104,8.307339891975309,0.24644542274217107,4.078670591495252,0.5654094117647058,384.40327065184346,0.2785615873333342,78.77355405640874,78259.88076606007,85.71673091615826,6.536267123143958,0.0934909895541817,2.374500017873678,0.1288866971879329,0.2507979523735326,85009.4674496331,0.14535672842298478,0.05805369123564864,81.62307660882911,0.20607908921419477,43.519612065067996,0.15403428531528285,0.22104172388982904
68,168,85.9343,20.9624,88,34.0194,0,124,118,26,135,28,0.96685,86.56148,0.0,0.0,5.57143,2.534,18.47718,0.0,0.0,126.0,35.28007,0.01556,2.91,3.035,-1.0,9.6e-05,8.286506558641975,0.24738959217439122,3.864568253334847,0.5645576470588235,384.34620449850206,0.2813293918010035,78.56300333822409,78537.74212971282,86.51971168986086,6.451552668056249,0.09568594179172947,2.3771526366379434,0.12990271727775687,0.2514306213986754,86683.31656714328,0.14759756530154683,0.05836674714356488,81.98790622208892,0.20896371465020394,43.46199525432822,0.15985199108339146,0.22072436958367886
69,169,86.1573,20.9256,88,31.3058,0,124,118,26,135,28,0.96792,86.74425,0.0,0.0,5.92857,2.565,18.13815,0.0,0.0,125.0,35.17907,0.01563,2.9,2.962,-1.0,0.000161,8.270109953703704,0.24921271406907294,4.6805938812385115,0.5627397450980357,384.2678412183872,0.28420964416481787,78.47366578772652,78527.04133394588,86.48633682491477,6.34131024563773,0.09773555132265282,2.3876465557466893,0.13080831755593092,0.251200879595321,87721.15561416159,0.14975527809295813,0.058642393167786105,82.32400421830368,0.21224304295613863,43.48048532744985,0.16628956439454845,0.22043945571762147
70,170,85.3036,21.3359,88,31.9089,0,124,118,26,135,28,0.96247,86.02039,0.0,0.0,3.92857,2.567,18.1053,0.0,0.0,125.0,35.24308,0.01573,2.89,3.014,-1.0,0.000178,8.333429783950617,0.25120148937394676,4.958137792918132,0.562913725490196,384.1564691743112,0.28692995496474377,78.56621039274393,78538.40841348357,84.90064968354355,6.37333959757589,0.09981655533550705,2.3821820998317977,0.1320534317556009,0.24973085705463166,84177.58406634183,0.15189546981107177,0.058889054078982477,83.05901314734501,0.21566229291998143,43.440239423586995,0.17268490091786534,0.2204130139161405
71,171,84.5254,21.4311,87,30.4304,0,124,118,26,135,28,0.97047,85.23886,0.0,0.0,5.71429,2.597,18.46066,0.0,0.0,125.0,35.33045,0.01541,2.93,2.818,-1.0,0.000186,8.404465663580247,0.25346842024129457,4.174547416542528,0.5639909803921569,384.03591847176324,0.28951793547253946,78.74353362348148,77983.36685326404,85.32959616981108,6.529618054724673,0.10142801961702327,2.377746847745327,0.1333855496569003,0.24789158880821635,79723.51640078118,0.15442878847508462,0.05926832691145007,83.67007717482515,0.2180144884809106,43.36503638750241,0.17868095536535622,0.22089931350062839
72,172,84.4204,21.3275,87,31.6233,0,124,118,26,135,28,0.97919,85.04767,0.0,0.0,5.0,2.609,18.55023,0.0,0.0,125.0,35.41852,0.01488,2.9,3.149,0.12577,0.000113,8.405237268518519,0.2553300090344222,2.8150021408389723,0.5665745098039215,383.93114615739756,0.29220434382644883,78.75902893325248,77777.64858458303,88.72419978374298,6.62300285576095,0.1025698788239268,2.371688180723037,0.13453023021028457,0.24725418406732894,79084.5260735282,0.1568191953040011,0.05961639782172755,83.92703746051262,0.21937475340690973,43.32095016667872,0.1841230589066029,0.2214393689239977
73,173,83.7718,21.747,86,33.2974,0,123,118,26,135,27,0.97015,84.36817,0.0,0.0,3.07143,2.641,18.46757,0.0,0.0,125.0,35.54425,0.01461,2.92,2.678,-1.0,0.000288,8.600260416666666,0.2586386503912736,4.147433730125857,0.5679937254901961,383.8558927758753,0.2945001466225045,78.88101923592424,78604.40826876993,86.44112934391214,6.711330923897415,0.10351256939548152,2.362817676550117,0.13538912366102532,0.2468548435777358,78322.08563350064,0.1583101570587313,0.05990111017991576,84.10237485904435,0.22121183559723204,43.226202882366415,0.18914957398287577,0.2217337132289685
74,174,82.6192,22.0422,85,33.0739,0,123,118,26,135,27,0.98042,83.18384,0.0,0.0,4.28571,2.617,18.82959,0.0,0.0,125.0,35.6304,0.01485,2.91,2.958,-1.0,0.00016,8.736207561728396,0.26125297627772154,4.763112048613314,0.5689694117647058,383.8056810309782,0.2965784538929402,79.06660945149304,78459.4703210179,87.55442428682528,6.857178629655353,0.10418738069265931,2.35351217965616,0.1365199092067317,0.24654804408863043,76650.27153394943,0.1586926893189805,0.06054042252152035,84.37348508268173,0.22215780765414156,43.28140466007186,0.19316289339280418,0.22165652299124555
75,175,81.7958,22.2774,84,32.7996,0,123,118,26,135,27,0.98997,82.3533,0.0,0.0,4.78571,2.645,19.08176,0.0,0.0,125.0,35.6142,0.01586,2.89,2.809,-1.0,0.00023,8.816454475308642,0.2634628533006152,4.828190756389926,0.5696549019607843,383.7661491003484,0.2990616887542181,79.11875182821305,77746.4429737115,86.19024258223307,6.8808320638342355,0.10491655830102499,2.3539471723771985,0.13717695749332018,0.24653927910743698,74760.8547359751,0.15984424098738498,0.06104735948070019,84.33495338082373,0.22292567083482637,43.161677042643234,0.19604764304040637,0.22172246382189736
76,176,81.3123,22.444,83,32.7231,0,124,118,25,135,27,0.98516,81.80354,0.0,0.0,4.0,2.653,19.28696,0.0,0.0,125.0,35.49251,0.01458,2.88,3.087,-1.0,9.8e-05,8.888695987654321,0.26717064426962295,5.2739590393440885,0.5683823529411764,383.72355369951157,0.3028879112799247,79.26082736962951,77982.4182578773,89.94796808542355,6.90854724329653,0.10599089795306162,2.342424049440018,0.1378864181635128,0.2455598407158319,74640.75915796102,0.16035335646286825,0.061625742504394565,84.34956911992454,0.2239959797458801,43.14742326147763,0.19826611329200466,0.22209578436933483
77,177,81.3962,22.2686,83,29.9964,0,124,118,25,135,27,0.96828,81.85372,0.0,0.0,5.35714,2.638,19.43388,0.0,0.0,124.0,35.32718,0.01521,2.91,3.06,-1.0,0.000199,8.967640817901234,0.27090242237307244,6.293658039615367,0.5676529411764706,383.66702307706146,0.3057892323550737,79.3063987269884,77829.80495257219,88.78431420733796,6.927776373945475,0.10735807107715509,2.3309009265028173,0.1385792742528194,0.2452257347420029,74080.34248275496,0.16136219938799468,0.06207004146087317,84.53459604222056,0.22522392308622963,43.159739176432296,0.20056553254670434,0.22233502954835777
78,178,82.1412,22.1509,83,29.6766,0,124,118,25,135,27,1.00284,82.48624,0.0,0.0,3.75,2.596,19.27796,0.0,0.0,124.0,35.42941,0.01462,2.91,2.777,-1.0,0.000279,9.125578703703704,0.2750088451031774,5.331767765786192,0.5699254901960784,383.59962892908163,0.308837834006974,79.01666712135128,78459.01470780032,87.21335766152055,6.880184586434846,0.10897459270833959,2.3512945536129304,0.13894148389635874,0.24523849953107862,77298.19208395906,0.16218547425056634,0.0625193250762151,84.880577579741,0.22666673690917954,43.27042002736786,0.20308792306431014,0.22227524209523736
79,179,81.3012,22.587,83,31.8236,0,123,118,25,135,26,0.95108,81.70677,0.0,0.0,3.39286,2.67,19.18124,0.0,0.0,124.0,35.65251,0.01544,2.9,2.808,-1.0,0.000338,9.269000771604938,0.27872989609233,4.9941109881837455,0.5719176470588235,383.4957785004058,0.3111861490469061,79.3093802416275,78048.23069587414,86.71025087679541,6.849361870827927,0.11041859598123693,2.3413948456115725,0.1396837777637231,0.2452382232349625,73969.70934871312,0.16264340160888102,0.06270521402548858,85.28663921266418,0.22857004156376742,43.284581313898535,0.20491439366786038,0.22214982548230758
80,180,81.0755,22.5518,83,31.2406,0,124,118,25,135,27,0.98113,81.49002,0.0,0.0,3.78571,2.73,19.54616,0.0,0.0,124.0,35.70709,0.0149,2.89,2.85,0.12526,0.000252,9.308497299382717,0.2819335995726274,3.2376254921155168,0.5719917058823516,383.3485442664694,0.3142192617536011,79.38286585154252,78046.16668347016,89.54465981969213,6.863572315908065,0.11153081612988117,2.323653837265734,0.14062635232817272,0.2449962040339739,74396.62001452311,0.16249737769804906,0.06308557837971439,85.55526368546593,0.23021922433013087,43.17459935317805,0.2062097659462797,0.22233845502183958
81,181,81.8632,22.3851,83,30.0871,0,124,118,25,135,27,0.96995,82.19937,0.0,0.0,5.96429,2.775,19.51441,0.0,0.0,123.0,35.79149,0.01562,2.86,2.704,-1.0,0.000196,9.42578125,0.2853466429638898,4.7589813714243725,0.5725113725490196,383.1670074581767,0.3173850036006064,79.44622654670538,78225.47052756329,89.32065282736654,6.888868412547973,0.11258318864620513,2.3385830084609407,0.1416805146360081,0.24494873510381296,78164.76127881656,0.16289126429314962,0.06332583320316083,85.9294647216854,0.2320545357851326,43.11015225634163,0.20761672415793608,0.22266146201874795
82,182,81.8031,22.5193,83,32.1408,0,124,118,25,135,27,0.97457,82.24695,0.0,0.0,6.78571,2.769,19.37125,0.0,0.0,122.0,35.83081,0.01518,2.89,2.852,-1.0,0.000212,9.60889274691358,0.2875847067209899,3.923962904946572,0.5722670588235295,382.95015268679475,0.3197793200664575,79.49914796164009,78113.32149628742,88.59948126464766,6.917812823375554,0.11362450631777891,2.319812796286658,0.1421295030533278,0.24529794480461198,76561.13136922361,0.16307317243965802,0.06341691401912235,85.8497831723279,0.23386354715453014,42.98181698646075,0.20890661010552894,0.2226983047966868
83,183,80.7894,22.2919,83,31.2886,0,124,118,25,135,27,0.97971,81.43165,0.0,0.0,7.42857,2.776,19.46282,0.0,0.0,122.0,35.83754,0.01507,2.88,3.039,-1.0,5.8e-05,9.813609182098766,0.29021289158000985,3.6396550607239075,0.5735332745098017,382.7145384808701,0.32198979854726767,79.47996614992488,77377.6972662426,86.81394288621881,6.940138514582735,0.11496447425052819,2.3153775442002003,0.1426457190534424,0.24572705933517847,71495.49592921163,0.16332842993359234,0.06402769309853697,85.91110193764733,0.23555143741966456,42.98172769428771,0.21018466485393494,0.22258639069617947
84,184,81.7339,21.4882,84,30.4092,0,124,118,25,135,27,0.97985,82.35854,0.0,0.0,8.75,2.754,19.25999,0.0,0.0,123.0,35.94665,0.01569,2.92,2.657,-1.0,0.00013,9.990210262345679,0.2922232225842551,4.000759684916167,0.5755365098039216,382.4829042306447,0.32434178899621635,79.41387398316732,77316.66350504414,87.85220232922683,6.886358053723635,0.11631204717202744,2.3258714633089697,0.14320290133065372,0.246669023183991,73559.41562825769,0.16419532317313357,0.06411577805433877,86.14223717301995,0.2368406966810165,42.95095278892988,0.21167031736216685,0.22291377709395097
85,185,82.0691,21.3864,84,32.2022,0,124,118,25,135,27,0.98775,82.80865,0.0,0.0,7.39286,2.701,18.57357,0.0,0.0,124.0,35.9846,0.01539,2.88,2.765,-1.0,0.000218,10.089457947530864,0.29433732917368255,3.179235131782258,0.5762270588235294,382.2554976996356,0.3267151714947725,79.30776671919679,77126.96756329204,86.78511294732164,6.863157425576877,0.11784167206088018,2.336365382417719,0.1438414685033343,0.24732917676384378,72322.27649680297,0.16519968412652414,0.06417486680521219,86.47028271990533,0.23791389463111215,42.949663892204384,0.21365529181987558,0.22305439310893854
86,186,82.0834,20.6973,85,30.12,0,124,118,25,135,27,0.97895,82.97731,0.0,0.0,5.03571,2.66,18.47489,0.0,0.0,123.0,36.06696,0.01506,2.92,2.791,-1.0,0.000244,10.181664737654321,0.2969764771828591,2.8319684662734064,0.5782341176470589,382.0336481149394,0.3291846296274424,79.1517034231944,77096.96365935149,86.9546327508621,6.832175357319858,0.11980701026141279,2.341612341972084,0.144514062036249,0.24909312355107635,71654.17975640127,0.1662240036380786,0.06422252120456988,86.5169815742356,0.2391686667682948,42.91563905315635,0.21604164628264266,0.22294448494961053
87,187,83.9716,20.5603,86,29.7298,0,123,118,26,135,28,0.96278,84.66817,0.0,0.0,5.39286,2.709,17.88444,0.0,0.0,124.0,36.22826,0.01559,2.89,2.878,-1.0,0.00028,10.117766203703704,0.2999138375426641,4.6522292327040535,0.5793698823529413,381.8233894801692,0.3313381338749055,79.01328086865279,78096.56867488084,86.69071149054014,6.770429581979052,0.12175285930473849,2.3545413834846047,0.14517671887380604,0.25090113186269486,77557.18089337873,0.16751516308233128,0.06422449400687193,86.58259954667729,0.2407390128653127,42.91883831259645,0.2185757400120684,0.22293777041786575
88,188,84.851,20.4694,86,28.7833,0,123,118,26,135,28,0.96282,85.42991,0.0,0.0,4.82143,2.642,17.77565,0.0,0.0,124.0,36.21904,0.01495,2.89,2.913,0.125,0.000192,10.022376543209877,0.30248734291372453,4.881001083457307,0.5787414901960783,381.627932090957,0.33332787173833633,78.90291288552012,78803.04983541559,86.03526467528191,6.714686935400049,0.12384681373165787,2.3511353352265725,0.14619786183058728,0.25107262379427564,79817.75625335853,0.16875436240535918,0.06442408336053412,86.79513441895756,0.24232652638776322,42.87590478967737,0.22143323802937542,0.22340547147505663
89,189,83.9216,20.796,86,28.3542,0,123,118,26,135,28,0.96635,84.75665,0.0,0.0,6.71429,2.615,17.70361,0.0,0.0,124.0,36.09771,0.01425,2.88,2.888,-1.0,0.000272,9.916859567901234,0.3044928971619805,5.048123451929206,0.5756225294117636,381.43159275106564,0.3357051783728412,78.8262907946042,77312.78996658721,86.59478572214569,6.688569416627847,0.12617799538055893,2.354541383484594,0.14689313254812963,0.25147659946533435,73693.02913492486,0.16962889020827165,0.06485757628649479,86.99085159620923,0.24373259465606453,42.74819305796682,0.22484760486189437,0.22314924021936872
90,190,83.7177,20.9437,86,26.5859,0,123,118,26,135,28,0.95995,84.63338,0.0,0.0,8.35714,2.582,17.98784,0.0,0.0,124.0,36.02475,0.01456,2.91,2.734,-1.0,0.000216,10.014371141975309,0.3060100190134297,3.7087749052244514,0.5730847058823529,381.24487886304996,0.3375527151011143,78.87640802235663,76832.99906641427,84.09517493541726,6.706921447254315,0.12853509913255687,2.3474535126338694,0.1476825748563749,0.25195809855637896,72284.82675004289,0.1705692547346736,0.06530415284115529,86.95401500474523,0.24510601680004018,42.7052540720245,0.22840074976422903,0.2231441985517178
91,191,84.7684,20.742,87,28.6186,0,123,118,26,135,28,0.96604,85.63485,0.0,0.0,8.25,2.606,18.11645,0.0,0.0,125.0,36.0385,0.01497,2.9,2.662,-1.0,0.000112,9.976417824074074,0.30765268895121045,2.6769239507424056,0.5721823921568627,381.0638353498095,0.3391058420004362,78.83392967380891,76640.6873204788,89.50897833147015,6.713883166495669,0.1305668472254754,2.369470554679812,0.14835085061437325,0.2516473958239817,73695.03479173497,0.17206131034413563,0.06575521871974568,87.47468475778682,0.2466626592029667,42.67684126488957,0.2320299327994937,0.22313335315968338
92,192,86.4291,20.0136,88,28.9591,0,123,119,26,135,28,0.98759,87.1313,0.0,0.0,6.85714,2.635,17.95623,0.0,0.0,125.0,36.10847,0.01502,2.92,2.733,-1.0,0.000164,10.020881558641975,0.3094301295364077,2.9406043068149788,0.573602,380.893357534859,0.3409669666923692,78.66878012122253,78050.91884149643,86.05389485072546,6.632186489668762,0.13229175068780685,2.3782614496595555,0.1490934553320607,0.2517716943298361,79731.59543463645,0.1724777501015656,0.06606131983611209,88.20039476742582,0.24860079548900244,42.71042567123601,0.23555505733512883,0.22252711980011156
93,193,87.4934,20.1178,89,28.5652,0,123,119,26,135,28,0.99776,88.0858,0.0,0.0,6.92857,2.628,17.33686,0.0,0.0,125.0,36.14365,0.01453,2.91,2.757,-1.0,0.000169,9.960744598765432,0.3116776599311909,4.570684595472627,0.5749129411764706,380.7483617552521,0.34242522518640955,78.60830620584046,78759.4458120834,85.92320423561766,6.560975082479875,0.13392657671035993,2.3706589768946094,0.14978873817827457,0.24870723700919384,83823.3067521614,0.17377454612537785,0.06645132024314829,88.58127908801033,0.25082275984254654,42.78809234242381,0.23895407717282605,0.22211023338819433
94,194,87.1533,20.1238,89,29.3715,0,123,119,26,135,28,1.00081,87.84763,0.0,0.0,6.57143,2.675,17.42958,0.0,0.0,125.0,36.10646,0.01382,2.9,2.642,-1.0,0.000169,9.859037422839506,0.3137677265175024,5.147072199651517,0.5740674509803922,380.63257292614986,0.34393525322925683,78.73307944560833,77358.7329637977,84.35378168218338,6.59696781916891,0.13545152568379798,2.373311595658882,0.15053395711355677,0.24759040001123556,80681.09968884867,0.17598970247659404,0.06695922012668779,88.75535439974976,0.2532497745615933,42.79820119598766,0.24223640273728816,0.22198260798782465
95,195,87.5464,19.7885,90,27.8882,0,123,119,27,135,28,0.99006,88.24153,0.0,0.0,6.21429,2.677,17.43592,0.0,0.0,125.0,36.15552,0.01441,2.92,2.956,-1.0,0.000134,9.838686342592593,0.3159400121265032,3.6950780473349862,0.5754847058823529,380.5440521609889,0.3453613020079574,78.71135560074957,77444.4275117868,83.99662129957186,6.586321818372118,0.1373797080330619,2.3914079875325793,0.15132074279479227,0.24650349659782156,81058.07446969129,0.17924495816403974,0.06759905757270535,89.10096817958075,0.25576554386977957,42.80648596492814,0.24544348712741115,0.22159132131937131
96,196,88.766,19.3225,91,26.9015,0,123,119,27,135,28,0.97234,89.34023,0.0,0.0,3.85714,2.675,17.15495,0.0,0.0,125.0,36.28947,0.0145,2.89,2.775,0.125,0.000149,9.82325424382716,0.3182104072692924,3.1499630922416673,0.5760827450980393,380.45646100205227,0.34542870427508193,78.56528424521036,78410.29583674234,85.26191694920091,6.535903986994602,0.1398201467054812,2.393111011661586,0.1519561703636907,0.24679385160534598,85717.18505658217,0.18314933989218188,0.06823695144612778,89.84869953813221,0.2580422178580321,42.82781059359327,0.2486449587965677,0.2215056096207401
97,197,89.5512,18.9441,91,26.4707,0,123,119,27,135,28,0.96149,90.01836,0.0,0.0,5.0,2.643,16.76622,0.0,0.0,125.0,36.40266,0.01421,2.89,2.929,-1.0,6.7e-05,9.756655092592593,0.3204388898039979,2.7513792721333714,0.5766549019607843,380.40310270331565,0.34422340363901416,78.51204395908022,79533.28089520408,84.43541285507996,6.483652728255677,0.1426584612478405,2.394299433876382,0.15246251477117406,0.24635351495870833,88903.40432627541,0.18706077500350135,0.06884739245421011,90.30878843050195,0.2596233733320917,42.77689804265529,0.2519415392113847,0.22115135575127745
98,198,89.9406,18.747,91,25.3677,0,123,119,27,135,28,0.95387,90.34522,0.0,0.0,4.71429,2.632,16.44125,0.0,0.0,125.0,36.46077,0.01407,2.91,2.704,-1.0,0.000114,9.670524691358025,0.322623001576726,2.753790202804243,0.576907843137255,380.3928941439416,0.34313653241390274,78.5241858875448,79849.98886405892,85.39317771307246,6.421867218237453,0.14588527412389105,2.3987346859628373,0.15298846617700873,0.2469648511733399,90751.25717606407,0.19123293048258597,0.06963416256755832,90.76910062871951,0.26053569299681384,42.77909022201726,0.25497187178750186,0.22080806196565791
99,199,90.3392,,92,26.5126,0,123,119,27,135,28,0.96374,90.76164,0.0,0.0,3.5,2.65,16.27014,0.0,0.0,125.0,36.50966,0.01446,2.89,2.802,-1.0,0.000104,9.662663966049383,0.32494483025070603,2.338939678582987,0.5773792156862746,380.39993140961934,0.3434507559869145,78.46357203763867,79910.35699367704,87.92826967870246,6.3838528989669046,0.14886878905583736,2.4046341345987714,0.15358396551246295,0.24764414342120664,91646.8972876012,0.1950279955931151,0.07031255314352776,91.02970571132508,0.26163730045985556,42.78072291244695,0.25785954129985733,0.2204752935549544
