,frame_number,SITI.SI,SITI.TI,VCA. E,VCA. h,VCA. epsilon,VCA. L,VCA. avgU,VCA. energyU,VCA. avgV,VCA. energyV,AGH.Blockiness,AGH.Spatial Activity,AGH.Letterbox,AGH.Pillarbox,AGH.Blockloss,AGH.Blur,AGH.TemporalAct,AGH.Blackout,AGH.Freezing,AGH.Exposure(bri),AGH.Contrast,AGH.Interlace,AGH.Noise,AGH.Slice,AGH.Flickering,cambi,blur,saturation,staticness,cubrow.1.0,fft,cubrow.0.3,cubrow.0.6,cubcol.1.0,cubrow.0.5,color_fulness,tone,cubcol.0.6,cubcol.0.3,temporal,contrast,cubrow.0,cubcol.0,blockiness,cubcol.0.5,uhdhdsim,noise,movement
0,200,84.8618,17.4934,59,0.0,0,122,118,13,135,17,0.98987,78.54911,0.0,0.0,3.67857,3.017,0.0,0.0,0.0,123.0,35.5191,0.00265,0.53,6.811,0.0,0.163339,81530.41058523614,43.04208487051505,591.6988874759511,0.08051512169634666,82296.78363377496,0.2108996487170425,0.2543684641615025,0.1314429520221316,0.3372650280353516,88.4101901082667,0.5633298039215686,0.38745888633244796,0.23237454279994724,0.0,86.72925531110086,0.2509118068782814,0.3231297849478843,2.047384851158924,0.18108623975541013,80.16391298336876,0.5145943666119804,0.0
1,201,84.5264,17.6674,58,30.6829,0,122,119,13,135,17,1.00757,78.25346,0.0,0.0,3.39286,3.034,15.01564,0.0,0.0,123.0,35.48591,0.00261,0.53,6.366,-1.0,0.157309,80528.14467057471,42.97683772334346,582.8025903653775,0.07640510283805298,81614.60632776852,0.21063483437164776,0.2171513511236825,0.12897100969045247,0.32387462841992554,88.42173792210708,0.5637541176470588,0.3715642228690585,0.2221218782768624,4.719727248028417,86.0302508122309,0.241260194918415,0.3063237372010282,2.4841528912771444,0.17618486523339214,80.23045477439607,0.5123767405687453,7.0013503086419755
2,202,84.2676,17.9985,58,31.7664,0,122,119,13,135,17,0.97757,78.0339,0.0,0.0,4.14286,3.059,15.166,0.0,0.0,123.0,35.39293,0.00244,0.53,5.677,-1.0,0.181501,80379.88630528499,43.01505985966435,576.0288326619964,0.07384849279842345,81352.90266569993,0.2076990764778007,0.21206488621839695,0.12886256985781694,0.31153348924789814,88.45343512467056,0.5614925490196079,0.37200941841526397,0.22221161256652855,4.779582992296181,88.64242460007736,0.2347050789073472,0.2981658319848452,2.0585734238775975,0.17597238509576812,80.35182128659117,0.5123767405687478,6.784577546296297
3,203,83.2447,18.1063,57,32.5871,0,122,118,13,135,17,0.97177,77.08371,0.0,0.0,5.85714,3.022,15.4487,0.0,0.0,123.0,35.21006,0.00236,0.52,6.532,-1.0,0.163235,75913.98685756724,43.00560298966773,570.8006040305837,0.07350979455911981,80550.54916915574,0.2059569970685318,0.21457631222724483,0.1295296973937018,0.29601565342435,88.28839900807795,0.5570501176470586,0.3644420108343949,0.2232004420785459,4.812355647586536,85.31426039147469,0.23039225289106016,0.29859602971357047,2.8996875082634133,0.17669185127508186,80.50166626068041,0.512376740568746,6.361786265432099
4,204,82.0267,18.3094,56,32.7266,0,122,118,13,135,17,0.98816,76.03273,0.0,0.0,6.5,3.048,15.54257,0.0,0.0,123.0,35.00358,0.00255,0.5,5.683,-1.0,0.16354,72121.87538423044,43.007042213722514,566.2646678996801,0.0752943266748693,79582.15750413464,0.20368982546344844,0.21945708288345048,0.1301772717913185,0.2853757220626758,87.99737341794055,0.5520647058823529,0.35396687377315256,0.2313358741845403,4.871582702760509,86.41326956974068,0.22666872996146933,0.295259073126968,3.962609226951273,0.17561535077760695,80.50030902940182,0.5123767405687446,5.971161265432099
5,205,80.8404,19.0167,55,31.1815,0,122,119,13,135,17,0.94436,74.89612,0.0,0.0,4.82143,3.104,15.71647,0.0,0.0,123.0,34.82454,0.00272,0.51,6.191,-1.0,0.165676,70161.8307022479,43.011480260778356,561.8637885976477,0.0770446791142026,79589.4415128073,0.20054513493090328,0.2270901065323507,0.13026841365788835,0.27682178269774255,87.560233998228,0.5486683137254901,0.3471025873411374,0.23737773533961368,4.827371519341662,86.36478147406629,0.22140621709709515,0.29926890608028767,3.358035970627322,0.17587661753759745,80.56614945991036,0.5063180735464584,5.66454475308642
6,206,78.624,19.7856,53,34.5234,0,122,118,13,135,17,0.98774,72.78146,0.0,0.0,4.53571,3.292,16.32299,0.0,0.0,123.0,34.55872,0.00265,0.48,6.632,-1.0,0.170922,67201.75933215155,42.930331759982636,557.3491540320247,0.0777164805766632,79448.28863102806,0.19306392494993488,0.22292336108097183,0.13063832090544936,0.26818799042583036,87.16340877579916,0.5414914313725491,0.3403126398167575,0.23575676301027926,4.894068535350082,86.30616880118795,0.2116884839061554,0.304691228605866,3.7435479637803537,0.17812509302588675,81.18664391256442,0.5002594065241583,5.718605324074074
7,207,74.8107,20.2369,50,40.9255,0,122,118,12,135,17,1.00374,69.17335,0.0,0.0,3.21429,3.703,16.98003,0.0,0.0,123.0,34.23311,0.00292,0.48,6.642,-1.0,0.161473,61516.41379029887,42.92435201009114,552.4532805260932,0.0822197781246484,78399.48527674282,0.18315177917468217,0.21564790387016625,0.12980358890144372,0.25675315430731166,86.43592769794711,0.5350172549019608,0.3348615940954315,0.23104512869129457,5.056580091164798,86.48057861717203,0.19927147762502725,0.3094547059155244,1.9752422614863225,0.17927535074436896,82.04524970322923,0.4919831134586328,6.080246913580247
8,208,72.1474,20.1095,47,41.1156,0,122,118,12,135,16,0.98153,66.56434,0.0,0.0,1.39286,4.279,17.36615,0.0,0.0,124.0,33.9479,0.00285,0.49,6.603,0.13632,0.152271,58359.949305892434,42.81833752290702,547.2249298994924,0.08104866303386776,77712.72803379464,0.17446307990444718,0.20654976510941517,0.12756293664053403,0.2479286922270267,86.01065253979017,0.5275635294117647,0.3235329569335964,0.22856027961272013,5.222000863364091,86.98750725257128,0.18865564172130975,0.31225697065641717,2.919171355825087,0.1797133892084438,82.54514941083988,0.47764815337081484,6.30907600308642
9,209,71.4637,20.0668,45,40.4778,0,122,118,11,135,16,0.97581,65.66722,0.0,0.0,1.21429,4.666,17.25662,0.0,0.0,124.0,33.82053,0.00299,0.46,6.506,-1.0,0.165523,62031.76839625719,42.85632757493008,541.9700019382831,0.07728332151136948,79375.09279712061,0.16594643873479412,0.20299795179091956,0.1256456481503751,0.23895758922581092,85.57216413687577,0.5219650980392156,0.3176131520367538,0.2256561124821825,5.341602822296183,87.45363948532686,0.17982651815474135,0.31603696021736954,2.4716244134375835,0.18029671449230109,82.77646183006291,0.45725452626070856,6.566261574074074
10,210,67.737,20.7652,42,42.1325,0,123,118,11,135,16,0.98711,62.2211,0.0,0.0,1.25,5.271,17.22247,0.0,0.0,124.0,33.57048,0.00294,0.43,6.31,-1.0,0.185284,52732.90219124792,42.80975925775222,536.8710796100972,0.07575687119350413,76635.89437581348,0.1588191977882574,0.19680940083784015,0.12452533488172292,0.23009314313420337,85.00766815282238,0.5167188235294118,0.3173613797985361,0.223548737841903,5.479220957459986,88.47096989241969,0.17219048101647824,0.31811386643014783,2.455394709358616,0.18080836932913852,83.18008600523946,0.45281927417424633,9.95679012345679
11,211,65.0645,21.1621,40,37.9708,0,123,118,10,135,15,0.97464,59.75634,0.0,0.0,0.42857,5.907,17.82317,0.0,0.0,124.0,33.41177,0.00289,0.42,7.416,-1.0,0.165016,48572.08248514291,42.87174761736834,532.1536703362037,0.07356764503865153,74417.0152792053,0.15264514639933033,0.1928475153577476,0.12364095131153262,0.22252849110723474,84.38412981186858,0.514501568627451,0.3130230436823199,0.22197011852087448,5.67563955477353,87.42261653292748,0.1654095066136825,0.31301039646540024,2.5121391315682096,0.18067257353612007,83.36103714871649,0.4445429811087242,11.57957175925926
12,212,63.5802,21.218,38,38.7166,0,123,118,10,135,15,0.98508,58.34064,0.0,0.0,1.64286,6.442,18.16388,0.0,0.0,124.0,33.26296,0.00281,0.4,6.897,-1.0,0.184984,45607.59229481408,42.97230718165268,527.7246450729862,0.07101195998705216,73463.7475495314,0.1472142126324829,0.18825957584065467,0.12206764180423037,0.21569999338240847,84.30555914046695,0.5110674509803921,0.3083403631329337,0.2218648227110389,5.825730605553038,87.61585873343343,0.1594856388708908,0.305282141188189,2.192461332044582,0.18036636134464848,83.35276742142858,0.4445429811087161,11.384211033950617
13,213,63.2991,21.3116,37,34.8723,0,123,118,10,135,14,0.99099,57.94578,0.0,0.0,1.25,6.465,18.21178,0.0,0.0,124.0,33.18973,0.00287,0.4,6.7,-1.0,0.177893,47480.04621077522,42.94065913447627,523.262261234732,0.06910660138067427,74476.74477124008,0.14243188907909354,0.1868188372103347,0.12108115961468015,0.21060063664189296,84.42304992987951,0.5084654901960785,0.30688587628952474,0.2207473124455775,5.907255926596081,84.62620227269213,0.15417715233803472,0.2996075739327955,1.4019255359400167,0.18043460761220878,83.32516036305043,0.4324256470641352,10.44237075617284
14,214,63.9885,21.121,37,36.6664,0,123,118,10,135,14,0.99664,58.44734,0.0,0.0,0.67857,6.549,18.28942,0.0,0.0,124.0,33.35102,0.00281,0.39,8.037,-1.0,0.192206,51870.152109650284,42.89111064392843,518.751934434645,0.06736288459519837,77155.65709811985,0.138246556036955,0.1850040085815069,0.11967050543512367,0.20669759953286806,84.86564670191919,0.5134487450980387,0.30716787148467783,0.22033828756416204,5.972740301064571,87.67126332757569,0.1493799928716386,0.29465198015845484,1.3945907560159587,0.1803406529557528,83.20493284667126,0.43020802102090566,10.104311342592593
15,215,64.225,21.0559,37,34.037,0,122,118,10,135,14,1.00211,58.64366,0.0,0.0,0.5,6.408,18.12531,0.0,0.0,124.0,33.53542,0.00289,0.39,8.288,-1.0,0.184448,51433.44748418455,42.88427056206597,514.20320937792,0.06572436715782445,77267.28619672295,0.13463832302108927,0.18622732898353786,0.11665540201915747,0.20242502031846807,84.76799104746316,0.5175224901960779,0.312500800197788,0.2191668778641982,5.974527171487256,86.36621160235433,0.14502620310451567,0.2912781005892831,2.152287117589746,0.1807228826787879,83.25540038672062,0.4302080210209023,12.645399305555555
16,216,63.8799,20.8365,37,37.4099,0,123,118,10,135,14,0.98951,58.31761,0.0,0.0,0.57143,6.437,18.07393,0.0,0.0,124.0,33.59873,0.00318,0.4,7.02,0.13465,0.178336,50220.45070890689,42.803233205536266,509.56450387349236,0.0642612598496916,76810.53175961644,0.1316436588373434,0.18515314157606722,0.1154880039387977,0.19904982602550028,84.55502847009485,0.5190937254901961,0.3148153939439389,0.21811939001830752,5.926664604207101,85.81122352047258,0.1410693043264489,0.2945689211936221,2.0160874146865044,0.17965959294121964,83.28740920689256,0.430208021020902,13.138358410493828
17,217,64.6652,20.5612,37,33.5289,0,122,118,10,135,14,0.98203,58.95489,0.0,0.0,0.5,6.378,17.88657,0.0,0.0,124.0,33.68788,0.003,0.39,8.459,-1.0,0.200457,52646.65232458562,42.9206036226249,504.86475705548196,0.0629385430041861,77000.82775187951,0.12919717744116618,0.18299275771995904,0.11464842136882421,0.1948238979997173,84.25798949807309,0.5199192156862746,0.31702532348399753,0.21768868600186106,5.884346906492385,87.45221745847468,0.13748627653534115,0.3035299157555578,1.4447483691241214,0.17964558783978216,83.10625750492542,0.43020802102089944,12.485773533950617
18,218,65.1603,20.4992,37,35.4461,0,122,118,10,135,14,0.99599,59.34091,0.0,0.0,0.28571,6.138,17.6491,0.0,0.0,124.0,33.6985,0.00333,0.39,7.661,-1.0,0.19758,54346.054672144914,43.131990409191744,500.2035737590242,0.061709694006925324,77498.53239201165,0.1265640441044901,0.18195648417176322,0.11340033908301267,0.1907421933260422,84.18568591784332,0.5188772549019608,0.31701889898103064,0.21627492951611166,5.870009659841779,87.38707808413062,0.13422661681065412,0.311333568727831,1.117348206747013,0.17898352606363652,82.98685374346691,0.43020802102089944,11.768229166666666
19,219,65.1625,20.6512,37,33.7513,0,122,118,10,135,14,0.99245,59.3283,0.0,0.0,0.39286,6.342,17.59571,0.0,0.0,124.0,33.59202,0.00325,0.4,7.356,-1.0,0.186876,55385.36428388189,43.1929281729239,495.6789157199485,0.060557602114729284,77546.50770845654,0.1239548189275075,0.1817751835388985,0.11250856004804692,0.18669896526424473,83.78485969598655,0.5186003921568628,0.3198953700936694,0.21541411995650955,5.867252561210123,87.57839943573319,0.1311417796798674,0.3184024675883946,2.284000257556151,0.17904573738475002,82.90184076379998,0.43020802102090094,11.275077160493828
20,220,65.0313,20.6158,37,32.8256,0,123,118,10,135,13,1.0013,59.18437,0.0,0.0,0.53571,6.69,17.72423,0.0,0.0,124.0,33.37497,0.00306,0.39,7.723,-1.0,0.214164,55368.361316670635,43.207761411313655,491.27104278008545,0.059479771134104034,76823.72253650932,0.1217368875110862,0.18215897234478404,0.11194614436482828,0.18315866176877954,83.0683291175365,0.5178917647058823,0.3241315804250663,0.2145693350252935,5.852822024960625,85.98719521772976,0.128308660080382,0.3238363060154627,1.6465163935509315,0.18148534079189274,82.83369106674954,0.43020802102089556,13.264949845679013
21,221,65.4475,20.2794,37,30.3569,0,123,118,10,135,13,1.01383,59.53109,0.0,0.0,0.07143,6.733,17.69495,0.0,0.0,124.0,33.15499,0.00325,0.39,7.454,-1.0,0.20649,58073.22636805548,43.25429695035204,486.9535672657566,0.05849138793126999,76470.6977110017,0.11951274043007323,0.18371217006074653,0.11115235102701541,0.17967747678058735,82.26536235216176,0.5165227450980393,0.32510367451668937,0.213622025266605,5.803425161239615,84.35327460739511,0.12569440731479362,0.32642468002191866,1.1122203243785849,0.18233657003084414,82.59119193411543,0.42799039497767216,12.849295910493828
22,222,65.7432,20.4187,36,30.5677,0,123,118,10,135,13,1.00995,59.78151,0.0,0.0,0.39286,6.588,17.40976,0.0,0.0,124.0,33.02314,0.00308,0.39,8.171,-1.0,0.198466,59723.788769713996,43.125167658299574,482.7049668946655,0.05759704297685259,76388.047899015,0.1174807888760674,0.18312102776235686,0.11029635616620151,0.1759652103929506,81.18324392662495,0.5157043137254903,0.32437262776981224,0.2133144404933054,5.760103174444613,88.35670320598628,0.1232741674224295,0.330663361913413,1.9320976059276613,0.18334306745573128,82.61456265075545,0.4279903949776718,12.58449074074074
23,223,65.4341,20.2083,36,31.3969,0,123,118,10,135,13,0.99266,59.50788,0.0,0.0,0.32143,6.744,17.52733,0.0,0.0,123.0,32.91422,0.00294,0.39,7.829,-1.0,0.201536,60551.53675002135,43.12137895748939,478.5142590375024,0.056712264145605776,74658.06445050982,0.11541275276236833,0.18544590200148953,0.10966919223627294,0.17279607472888717,80.35385734481201,0.5126439215686275,0.322831828201611,0.21410799473444092,5.726430056287915,87.70404955841482,0.1210003466395388,0.33692874780957643,1.7614473565464273,0.18813042674851396,82.70933425305532,0.42577276893444377,12.239535108024691
24,224,65.5432,20.0553,36,32.2343,0,123,118,9,135,13,0.99061,59.59089,0.0,0.0,0.32143,6.69,17.34582,0.0,0.0,123.0,32.7753,0.00326,0.39,8.061,0.12899,0.214173,60880.92252709748,43.212123164424185,474.3180289586066,0.05594065815828599,74645.81365004163,0.11356639423555746,0.18574042432378535,0.10906366817690488,0.1696619361236649,79.35523629087017,0.5091597647058818,0.32081683239243086,0.21343054477557866,5.6899959476035535,86.82984046993587,0.11887424562003526,0.34067576438090263,1.3968203294829045,0.18671121596145684,82.64798887503133,0.424149353998609,12.060378086419753
25,225,65.4409,20.3171,35,29.422,0,123,118,9,135,13,0.98297,59.46634,0.0,0.0,0.21429,6.843,17.21496,0.0,0.0,123.0,32.80651,0.00321,0.39,7.942,-1.0,0.21575,62058.18056985981,43.180972440743155,470.01798726710456,0.05520403083901475,74321.45521946556,0.11176054599891211,0.18745338645522833,0.10859054235000401,0.16672016980652715,78.64666798115974,0.5066956862745098,0.3187288244987687,0.21289167017453267,5.671320299457896,86.27566099449302,0.11685466801132426,0.3375902949937221,1.2128422091984048,0.187026970788979,82.59478898434088,0.42414935399860526,13.132523148148149
26,226,64.6941,19.9868,35,29.1157,0,123,118,9,135,13,0.98599,58.86036,0.0,0.0,0.39286,6.859,17.43809,0.0,0.0,123.0,32.90794,0.00325,0.39,7.686,-1.0,0.211251,58182.98423213874,43.14224111297984,465.66273763909214,0.05446994233723738,72947.9603436629,0.1100281230534807,0.18290042031095716,0.10814717153102629,0.16387826266136557,77.59687575638284,0.507389411764706,0.314644317889995,0.21418888979208356,5.68491313609708,87.76500574062092,0.1149064343883983,0.3315173062542346,2.1006866161110724,0.18656783595112345,82.7838700487593,0.42414935399860926,13.192418981481481
27,227,64.0229,19.9098,35,28.502,0,123,118,9,135,13,1.01096,58.27419,0.0,0.0,0.85714,6.834,17.1546,0.0,0.0,122.0,32.88097,0.00332,0.39,7.813,-1.0,0.210486,56492.46677005688,42.988250167281535,461.3077080327709,0.05377576309013031,71715.86340910943,0.10840872746457944,0.18029148612857737,0.10733943594271715,0.16164105405875057,77.31117411250884,0.5035031372549019,0.31046056722130044,0.2149592136386293,5.667891613132714,89.94677223784633,0.11309999590723359,0.32697910300473765,1.3713173029304828,0.1867124094597618,82.77365518111552,0.4219317279553802,12.829523533950617
28,228,63.6588,19.4517,34,28.6326,0,123,118,9,135,12,0.99586,57.92685,0.0,0.0,1.17857,6.971,17.09338,0.0,0.0,121.0,32.53502,0.00323,0.39,8.054,-1.0,0.207087,55082.44848376521,42.84807332356771,457.08610298237363,0.05314762340355975,70776.31077979616,0.10687204999994376,0.17812825602742324,0.10679250602955012,0.16020691386296124,76.8299805426632,0.4950262745098039,0.30641969064233643,0.21494342893268745,5.63341219114851,87.23840698689986,0.11134248037649912,0.3231015665810429,2.9693462264363597,0.18693311910951077,82.65359735324421,0.4219317279553807,12.410108024691358
29,229,62.7947,19.5623,33,28.8568,0,123,118,9,135,12,1.00675,57.12849,0.0,0.0,0.5,7.116,16.69399,0.0,0.0,121.0,32.29463,0.00317,0.4,8.786,-1.0,0.208356,54046.41945669006,42.74009723427855,453.0034562693301,0.052551268526374706,70372.05918295367,0.10539046987480905,0.1758973602032854,0.10620971577179036,0.15834840368115094,76.46548678711353,0.48774470588235297,0.3026498526207839,0.2158094554900299,5.604102600143229,85.86976704069966,0.10962701802545717,0.31938790235840514,2.235823296579961,0.18718391896240252,82.83911091932104,0.41809068697631724,12.162808641975309
30,230,62.2302,19.6085,33,27.6476,0,124,118,9,135,12,1.01324,56.6082,0.0,0.0,0.5,7.453,16.78745,0.0,0.0,121.0,32.17769,0.00333,0.39,7.614,-1.0,0.197124,53252.785274798625,42.47971278061101,449.03698411374063,0.05198900830764364,69694.28444171957,0.10384682575962623,0.17369125088717008,0.10540497466939044,0.15697484451073154,76.4393362743098,0.4849015686274511,0.2994751997626312,0.214624723893991,5.621248019941615,87.30604546451413,0.10794031260757288,0.3156234155287443,1.8468300176287813,0.1860135111880583,83.02985046172701,0.4158730609330859,12.585744598765432
31,231,62.029,19.2342,33,27.9768,0,124,118,9,135,11,0.99889,56.41578,0.0,0.0,0.85714,7.609,16.82515,0.0,0.0,122.0,32.10346,0.00336,0.39,8.025,-1.0,0.215863,52759.01716349822,42.27433061011043,445.2092723033869,0.05142931497042085,69074.5162027854,0.1024219360950642,0.1719972886568217,0.10489567828856801,0.155619088914027,76.88874456527402,0.48356288235294115,0.29622971413946003,0.21334750286766846,5.678761899314404,88.11054527348948,0.10640778401648043,0.312010947642005,1.5118545267280918,0.1854057275885346,82.87509921741746,0.413655434889856,12.601996527777779
32,232,62.5642,19.5033,33,28.0221,0,123,118,9,135,11,0.99757,56.91196,0.0,0.0,0.5,7.671,16.50483,0.0,0.0,122.0,32.17105,0.00337,0.39,7.658,0.13092,0.199233,53521.652737519296,42.09105145489728,441.5280601065745,0.050961111543649226,68903.6303787659,0.10107195370696886,0.17020949689905907,0.10440061765405549,0.15357352408927025,77.37590887309673,0.48481570588235284,0.2930799730748686,0.21345942776288396,5.644246878605337,85.88919467787545,0.10497622384041155,0.30857776258805386,2.276230739259998,0.1848767761424431,82.7341390717943,0.413655434889856,12.766927083333334
33,233,62.8393,20.0549,33,30.7033,0,123,118,9,135,11,1.01205,57.18041,0.0,0.0,0.21429,7.69,16.7352,0.0,0.0,122.0,32.3958,0.00339,0.39,7.695,-1.0,0.205922,54014.91623452686,41.99405265148775,438.0570994228361,0.05049101750296934,69386.1665126295,0.09981841178991913,0.16814753317201225,0.10399287071559184,0.15166993771139753,77.97799768943717,0.4886721568627451,0.29004258049356635,0.21266493175095225,5.676701340642637,87.20474820865041,0.10355193721109272,0.3051121852351053,1.6396631133125894,0.18473293073442187,82.83910636929426,0.41971410191214886,12.738956404320987
34,234,63.2303,20.3145,34,31.1593,0,123,118,10,135,12,0.97979,57.54329,0.0,0.0,0.42857,7.848,17.21097,0.0,0.0,122.0,32.61782,0.00367,0.39,7.84,-1.0,0.198638,55574.99625324587,41.95460849338107,434.7425494717984,0.0500034720755634,70863.44874671607,0.09866600535170016,0.16672507012276067,0.10357975289901569,0.1498173856034059,78.49440774245285,0.49370313725490195,0.28765368887354137,0.21302682466948122,5.727298446799677,86.82647010362388,0.1022427222113224,0.30198494403927806,1.8921451507579397,0.18433512201011232,82.80314630073346,0.42193172795537004,13.189621913580247
35,235,63.5743,20.4823,34,31.1267,0,123,118,10,134,12,0.97581,57.8634,0.0,0.0,0.5,7.691,17.43317,0.0,0.0,120.0,32.74755,0.00363,0.39,8.174,-1.0,0.205251,56527.40074642149,41.934600830078125,431.53751797053644,0.04967621751004928,71636.22678282387,0.09750204469439103,0.16612704714566046,0.10317562485453131,0.14937890962363976,79.83629664317064,0.5004440784313726,0.28499832826835486,0.21244445962795652,5.755187402202036,87.81783308084924,0.1009904946845952,0.29901733244502776,1.5308409900760889,0.18396767148981766,82.75453308034389,0.4241493539985977,13.687789351851851
36,236,63.5698,20.6898,35,30.1712,0,123,118,10,134,12,0.99041,57.89936,0.0,0.0,0.53571,7.592,17.57429,0.0,0.0,120.0,32.86413,0.00348,0.39,7.363,-1.0,0.195644,55684.29663381335,41.86894282588252,428.49347189535047,0.04934792755338232,71286.84823252553,0.09642336080406402,0.1648721290709587,0.10278347025372331,0.14730740437192924,80.35491938669747,0.506338549019608,0.28376865237629384,0.2120444344522389,5.789165904724789,87.76596061457707,0.09978972516813565,0.296218795780561,1.4554540033660277,0.1839385785679882,82.71975294536028,0.4241493539986085,13.875
37,237,64.0292,20.7706,35,32.9257,0,123,118,10,134,12,0.99962,58.33363,0.0,0.0,0.53571,7.752,17.75355,0.0,0.0,124.0,33.16056,0.00356,0.39,7.84,-1.0,0.201675,56598.947677640535,41.771169026692704,425.6283560068626,0.04890506363088792,71482.3264119957,0.0954167563321682,0.16427692065109942,0.1022824270018426,0.1457332374395357,80.92969009432034,0.512292549019608,0.2820511749027132,0.20967306986401218,5.775095419908965,86.39715960431849,0.09865070987155564,0.2933896505217786,2.0735271145406,0.18413512176255672,82.68843380683812,0.42414935399861425,14.028645833333334
38,238,64.9836,20.4879,36,32.297,0,123,118,10,134,13,1.00097,59.18495,0.0,0.0,0.21429,7.733,17.82323,0.0,0.0,124.0,33.35369,0.0037,0.39,7.536,-1.0,0.201982,60444.77740929202,41.700544757607545,422.9905051559203,0.04852551352015092,72822.6476612207,0.09443270464006782,0.1634976599132106,0.10218717432597933,0.14424937803006974,81.38895560016476,0.5149270588235295,0.27883394293684144,0.20897220896466862,5.797065343424742,88.3094494288732,0.09754890265745597,0.29051219483003404,2.3608795807531915,0.18450253100376615,82.499099527393,0.42414935399861614,13.928626543209877
39,239,65.6926,20.221,37,30.8026,0,123,118,10,134,14,0.99433,59.82745,0.0,0.0,0.28571,7.67,17.57952,0.0,0.0,123.0,33.52731,0.00404,0.39,7.723,-1.0,0.190403,62399.21899355704,41.56127590603298,420.5756292566686,0.048148589835918035,74291.02561039623,0.093564202885964,0.16200802436479314,0.10183751808522581,0.14296167310971025,81.90715015630659,0.5170125490196078,0.27645897083337434,0.20843196764048963,5.791677824396393,87.98333793068524,0.09648558854143938,0.2874947030032805,2.4969389993245286,0.18497898399745094,82.3774629476026,0.4279903949776713,14.034288194444445
40,240,65.5002,20.6447,37,32.0024,0,123,118,10,134,14,1.0008,59.70628,0.0,0.0,0.28571,7.757,17.35436,0.0,0.0,123.0,33.65496,0.00379,0.39,7.816,0.12809,0.185829,60016.189279839586,41.63567342875916,418.4264563055088,0.04778952880921143,73798.8244396862,0.09274854769366042,0.16134805944630157,0.10159621297299062,0.1424281745182492,81.89526624418832,0.520192549019608,0.27407716919852104,0.20868142949876764,5.7713858540151275,89.2503558453041,0.09545973368549972,0.28475843516058486,2.4940420032571264,0.18594158369858166,82.4254348113132,0.43020802102090006,14.21629050925926
41,241,65.685,20.8285,37,31.7651,0,123,118,10,134,15,0.99599,59.91236,0.0,0.0,0.17857,7.627,17.71694,0.0,0.0,123.0,33.73133,0.00373,0.39,8.386,-1.0,0.184526,60382.804694530125,41.58542585961612,416.53309730358876,0.04742869597137123,73973.89727004977,0.09201616838574657,0.16082872153196204,0.10140719757757317,0.1412252481454784,81.96715433033619,0.5195161176470587,0.27190321778304494,0.2090902809384359,5.823588338323654,89.12032551489,0.09450756318274281,0.2820884220342109,1.4113270028913407,0.187159648531108,82.45819609534479,0.4302080210209061,14.233458719135802
42,242,66.0042,20.8856,38,31.6878,0,123,119,10,134,15,1.00751,60.22896,0.0,0.0,0.25,7.314,17.87504,0.0,0.0,123.0,33.7316,0.00383,0.39,10.417,-1.0,0.174642,61615.45131882344,41.615214595088254,414.8583120635252,0.047047377584499665,74244.19318366211,0.09114235948178857,0.16079448397846588,0.10124054399491814,0.14026924598251708,81.91947542190752,0.5198441568627443,0.26974413284284776,0.20998099562098102,5.861538774001714,85.416133728233,0.09356924561800532,0.27951439440521325,2.0030587667558466,0.18851319876769246,82.45979535880724,0.43020802102090566,14.116512345679013
43,243,65.6473,20.6797,38,33.2478,0,123,119,10,134,15,1.01055,59.91791,0.0,0.0,0.5,7.041,17.92626,0.0,0.0,124.0,33.64688,0.00377,0.39,10.073,-1.0,0.175917,61267.46616849591,41.63884235900125,413.3321350116681,0.0466621095341909,74932.73489445186,0.09034718260069838,0.16026868013093698,0.10090208392606381,0.1391081329737934,81.58179663877468,0.5187674509803922,0.26789306917661193,0.21070058215431353,5.874744899680059,87.33833281897441,0.09264326398216297,0.2770487896327188,2.597494509118729,0.19135647485051843,82.61315875458793,0.43020802102090233,14.165219907407407
44,244,65.6366,20.4607,38,31.6641,0,123,119,10,135,15,1.00791,59.89942,0.0,0.0,0.35714,6.935,17.74988,0.0,0.0,124.0,33.49753,0.0039,0.39,9.608,-1.0,0.169381,60744.80232672803,41.63053234712577,411.9583606133069,0.04632371153880672,73411.18438444758,0.08954412384539234,0.15908184122750804,0.10074236938766797,0.1379749612953773,80.88553195158943,0.5163933333333333,0.2665225693625362,0.21134304763269032,5.859253356076122,85.38324002316331,0.09181150836593405,0.2745610351209213,2.0612822321868327,0.1938798291053417,82.65293382072782,0.43020802102090966,14.434268904320987
45,245,65.8071,20.3561,38,33.1832,0,123,119,10,135,16,1.00491,60.03694,0.0,0.0,0.60714,6.847,17.55968,0.0,0.0,124.0,33.41443,0.00384,0.38,8.914,-1.0,0.174752,61366.975690983076,41.70157067569685,410.6810769944084,0.04600271097446341,73278.04193226657,0.0887767718872632,0.15802548485142273,0.10056762514257932,0.13688501042242107,80.40268601721017,0.5168466666666667,0.2650310448083706,0.21166494939308103,5.837611967008963,88.25889243944926,0.09089956958414759,0.2721689134555172,1.6315736497367275,0.19536276587441623,82.5522651054234,0.4302080210209029,14.787856867283951
46,246,66.0534,20.3993,38,35.8901,0,123,119,10,135,15,1.00044,60.24311,0.0,0.0,0.25,6.728,17.46925,0.0,0.0,123.0,33.384,0.00387,0.39,11.351,-1.0,0.167938,62419.68692901088,41.63993458688995,409.46202083914915,0.04568790754785022,73158.57565446886,0.08799740766788808,0.15698984620666337,0.10046331707062077,0.13599999443589839,80.46721313736127,0.517600137254902,0.2636006652291995,0.21170590055026625,5.857737655317862,86.02307626251938,0.09002317081487511,0.2698198962009952,1.9315963996592367,0.19643774489901084,82.42759635829069,0.4302080210209036,14.838927469135802
47,247,65.8086,20.4103,37,34.024,0,122,119,10,135,15,1.00183,60.01685,0.0,0.0,0.07143,6.886,17.50595,0.0,0.0,123.0,33.38442,0.00371,0.39,12.611,-1.0,0.171128,61016.92872845927,41.695550424081304,408.31841054059623,0.04536677461859166,72607.68918904211,0.08727923676939195,0.15654273515024297,0.10031990294824603,0.1351132224823025,80.64012313980328,0.5161311568627451,0.262559348498873,0.21209597290579812,5.90292134901651,84.17790599796417,0.08917140880196583,0.26743804728743287,2.8191619353583914,0.19834132078412467,82.41281513580871,0.4302080210209023,14.799189814814815
48,248,65.6988,20.3172,37,34.3164,0,122,119,10,135,15,0.99781,59.90741,0.0,0.0,0.03571,6.961,17.51714,0.0,0.0,124.0,33.44044,0.00352,0.39,13.104,0.12976,0.175468,61264.39258262937,41.746682437849636,407.24373588664747,0.04505323550469518,73477.5267748251,0.08656455460978893,0.15588185797801746,0.10008999340402697,0.13412949645721098,80.71837442429681,0.514843137254902,0.26110265493430285,0.2123550573511647,5.971972688047044,86.03656829805,0.08833950870947263,0.26504395633150135,1.7925480594956325,0.20139576201111598,82.50219976067164,0.4302080210209021,14.92139274691358
49,249,65.6585,20.5735,37,32.0594,0,122,119,10,134,15,0.99323,59.87398,0.0,0.0,0.57143,6.964,17.43627,0.0,0.0,124.0,33.58699,0.00397,0.38,13.296,-1.0,0.175936,60831.32197845335,41.93245461546344,406.2295943628216,0.04473684289204223,73430.12164075562,0.08586078289989316,0.15569784926879693,0.10002314813896904,0.13317578242931122,81.0581522266959,0.5139590784313688,0.2597299475596848,0.21211528241230368,5.995608751338392,85.36321337270279,0.08755118847413954,0.26275769024266227,1.9473469694177188,0.20384271716606733,82.53597217505103,0.430208021020903,14.849874614197532
50,250,65.3242,20.6067,37,35.7015,0,122,119,10,134,15,0.99869,59.59611,0.0,0.0,0.42857,7.292,17.65306,0.0,0.0,124.0,33.73865,0.0037,0.39,16.321,-1.0,0.177604,60680.06379258774,41.91688970871913,405.238415010453,0.04445838692258129,73204.437890079,0.08517574862217313,0.15470378905143645,0.09983070760328043,0.13221686776860375,81.4409288828881,0.5147764705882354,0.2595745410993365,0.21215227353863852,5.99618687240023,89.58918884068075,0.08673686204425697,0.26050879072339034,1.5205966452399173,0.205318487209932,82.52479901720504,0.4302080210209078,14.847270447530864
51,251,64.9783,20.3737,37,35.8609,0,122,119,10,135,15,1.00388,59.28908,0.0,0.0,0.10714,7.418,17.68176,0.0,0.0,123.0,33.83877,0.00361,0.39,15.796,-1.0,0.180218,61518.50804794633,42.001932403187695,404.2987174616503,0.04417403852410961,72463.29763900458,0.08454206500111827,0.15404399665072893,0.09958827215096741,0.13135478865056915,81.28193846414844,0.516778431372549,0.2591316761278175,0.21240282113994272,6.015927959208866,88.7714151824749,0.08592961031417237,0.25832394729190955,1.5827100761840907,0.20665669607687354,82.44777706201454,0.4302080210209041,15.002411265432098
52,252,64.7935,20.0178,36,34.3571,0,122,119,10,135,15,0.9837,59.12112,0.0,0.0,0.10714,7.368,17.4785,0.0,0.0,123.0,33.8207,0.00355,0.39,18.549,-1.0,0.186253,62074.75520257481,42.01925207067419,403.4186802429974,0.04390048098548413,72140.24766865693,0.0839204724553062,0.15289339980122435,0.09935844304220406,0.13051176293302094,81.46958303108926,0.5167156862745098,0.25851397676336385,0.21233179926795576,6.027223050084777,84.8060318426926,0.0851365120740658,0.2561779655052102,1.8359294806224178,0.20751540962360912,82.3594683506672,0.4302080210209045,15.177903163580247
53,253,65.0694,19.7909,37,34.4816,0,122,119,10,134,15,0.97652,59.36478,0.0,0.0,0.21429,7.035,17.17137,0.0,0.0,123.0,33.8717,0.00363,0.39,17.853,-1.0,0.180738,62845.32803914792,42.10441721221547,402.5767256719794,0.04363422179370999,72204.74198344575,0.0833165187007592,0.15202330246448528,0.09927045890104562,0.12974527646084644,81.62937817468004,0.5173145098039216,0.25846115995423247,0.2126974996961234,5.991386202097573,88.22979108798111,0.08437303319059695,0.2540286628803515,2.708429343083877,0.2088234511265562,82.3364782394264,0.4324256470641321,15.232253086419753
54,254,65.1205,20.0348,37,33.6611,0,122,119,10,134,15,0.98291,59.43445,0.0,0.0,0.35714,7.002,16.97695,0.0,0.0,123.0,33.83115,0.00369,0.39,17.549,-1.0,0.170476,61844.72438869114,42.02493512188947,401.76826008545635,0.04337805913344937,72351.00734337542,0.0828700120998767,0.15134728653848756,0.09911416922677434,0.12888437072651773,81.1262059819229,0.5170235294117647,0.2580183678146808,0.21343251900644433,5.976188080844131,89.14848361216565,0.08363291688995783,0.2517098273431256,2.3551974208552084,0.21055038220257435,82.34877070193419,0.43242564706413406,15.310281635802468
55,255,64.8098,20.1406,36,33.4039,0,122,119,10,134,15,0.97467,59.16271,0.0,0.0,0.17857,7.182,17.18649,0.0,0.0,123.0,33.73198,0.00404,0.38,15.602,-1.0,0.181345,61257.87034339375,41.96633892294802,400.97559574701035,0.04310823944358857,71593.70689809298,0.08233610949295846,0.15044949099385932,0.09902049137426605,0.1280288268762513,81.03586056540844,0.5169850980392157,0.2577837063751888,0.21358228643433017,5.989867169871612,85.93698477551152,0.08290797989090315,0.24950703406571542,2.892552001898162,0.21131072257349087,82.42605772721205,0.4302080210209047,15.458719135802468
56,256,64.5604,20.3327,36,33.6301,0,122,119,10,134,15,0.98234,58.89188,0.0,0.0,0.25,6.998,17.27822,0.0,0.0,123.0,33.50063,0.00409,0.39,16.08,0.12834,0.188157,62656.255458943335,41.91311683183835,400.16132444810853,0.04283926195857168,71797.16620843604,0.0817615920785201,0.14963714498712133,0.09883544970571331,0.1273072785548289,80.82454515110265,0.5133290196078433,0.2581782467481836,0.21392102132439497,6.00601035073002,87.59372745701289,0.0821987596423609,0.2473552076069816,2.65980506924125,0.21148391868986782,82.43387004761925,0.43020802102090316,15.760513117283951
57,257,64.1836,20.5045,35,32.1141,0,122,119,10,134,15,0.98412,58.51725,0.0,0.0,0.25,6.585,17.44465,0.0,0.0,123.0,33.46928,0.0037,0.39,15.702,-1.0,0.186431,61947.46741448591,42.00251845371576,399.33028707487335,0.04258142954916873,72625.61837164649,0.08117940024349578,0.14872513079588062,0.09887291197415338,0.1269236520481795,80.81534248851001,0.5116184313725489,0.2578878300925399,0.2142704237318038,6.036028752463481,85.86674889407726,0.08150891980377992,0.24526365593535843,1.3910998540728705,0.21167873089528877,82.44958318232435,0.43020802102089933,15.778356481481481
58,258,64.0055,20.7579,35,32.1374,0,122,119,10,134,15,0.99154,58.36879,0.0,0.0,0.32143,6.756,17.59473,0.0,0.0,122.0,33.49714,0.00389,0.39,18.86,-1.0,0.187518,61607.93122987396,42.06317666136189,398.51338609099633,0.042332990168156615,72313.51883300868,0.08062605796445936,0.14787350755131823,0.09875779775183052,0.12674782344251773,81.30535632185057,0.51162,0.2573388978845325,0.21457492968968958,6.0970585879290935,86.26056020668561,0.08083713573213606,0.24323090641169876,2.495721277618164,0.2121875487451787,82.47521407955581,0.4302080210209029,16.07494212962963
59,259,63.8457,20.9634,35,33.5982,0,122,119,10,134,14,0.9891,58.20861,0.0,0.0,0.28571,6.713,17.81337,0.0,0.0,123.0,33.50556,0.00407,0.38,18.092,-1.0,0.187481,61250.90105313485,42.04239211847753,397.649532599658,0.04208643382893997,71742.28813060097,0.08012574121345821,0.1477523936596248,0.09868271020714026,0.1256523968984642,81.31707218636993,0.5113731764705882,0.25678873924879286,0.21480665433261403,6.177725111352911,88.39055572112022,0.08018135887858749,0.2412514336703852,2.65343060606412,0.21239802894779636,82.56836319044379,0.4302080210209,16.47950424382716
60,260,63.9119,21.0892,34,32.9256,0,121,118,9,134,14,0.98177,58.24122,0.0,0.0,0.46429,6.632,17.98674,0.0,0.0,121.0,33.45097,0.00368,0.39,19.354,-1.0,0.191982,61653.49560017151,42.15966344762732,396.75297816769887,0.04126762155751708,71444.87033964577,0.07622656038826406,0.14724739079100457,0.09826217820887963,0.12112409943684305,81.60530837031844,0.5091098039215686,0.25411730766665924,0.21713349041955524,6.217908454236641,86.84563091978028,0.07463717225657937,0.23827235220766788,2.9084459765954525,0.21335786999115186,82.58817569404022,0.4302080210208967,16.44825424382716
61,261,64.1121,21.0704,34,36.0511,0,121,119,9,134,14,0.98902,58.35791,0.0,0.0,0.53571,6.533,18.09622,0.0,0.0,117.0,33.33145,0.00389,0.39,19.567,-1.0,0.190885,62780.158506991545,41.988851853358895,395.78219786349547,0.040300053124060875,71549.54261933785,0.07200492785715089,0.1465088238071396,0.09766810340246382,0.11506154873554318,81.30743423768206,0.5058023529411765,0.25111700199749726,0.21975508076042718,6.235428319359825,89.2878211821592,0.06896461133744361,0.23542445251485755,1.5690331867549758,0.2139233491076162,82.57897131351595,0.4279903949776685,16.345871913580247
62,262,63.877,20.9781,33,34.6238,0,122,119,9,134,14,0.98675,58.09415,0.0,0.0,0.5,6.476,18.07917,0.0,0.0,115.0,32.99337,0.00356,0.38,20.121,-1.0,0.197385,63115.600453638865,41.92086151499807,394.76773417159166,0.03943461463192454,71523.27393157482,0.06742690126721979,0.14571226680738547,0.09708409765502203,0.11026683441177391,80.90033036602316,0.4995156862745098,0.2479642651398987,0.22329349643188715,6.2626546527728255,87.84073678120927,0.06252532772898489,0.23261516897787732,1.5232838048516908,0.21461384950945386,82.62485963914371,0.4241493539986078,16.19849537037037
63,263,63.4354,20.7525,32,33.1657,0,122,118,9,134,13,0.97875,57.64508,0.0,0.0,0.25,6.416,18.00114,0.0,0.0,115.0,32.65126,0.00359,0.39,20.767,-1.0,0.2006,63346.726812232155,41.85232901867525,393.72983423656746,0.03870428516481025,71323.49054509315,0.06241686496823713,0.1442942397145593,0.09637553752599494,0.10609989228066655,80.35439095982292,0.49040392156862733,0.2456599447042395,0.2270625254908466,6.293072414700681,86.73231597420816,0.05598056339293161,0.22968087152121677,1.3200188396495713,0.21527238633815363,82.72379695602353,0.42414935399860565,16.11593364197531
64,264,63.4875,21.0165,32,33.3856,0,122,118,9,134,13,0.97517,57.6967,0.0,0.0,0.28571,6.316,17.80804,0.0,0.0,117.0,32.47383,0.00378,0.38,20.753,0.1277,0.230874,62633.36125096279,41.9731381263262,392.7032048432501,0.037305272986701866,71642.5517385875,0.05770222715556723,0.1421925938449312,0.09589305037750233,0.1030364932588658,79.71377179145999,0.4814478039215685,0.2438580643083749,0.2300391689795501,6.359821722082857,88.32999333343656,0.04923947679502986,0.22647288751059352,2.614626034684433,0.2160443852939569,82.82359359823118,0.42193172795538025,16.05960648148148
65,265,63.0593,21.1706,32,32.933,0,122,118,9,134,12,1.01195,57.31414,0.0,0.0,0.35714,6.345,18.0302,0.0,0.0,117.0,32.40197,0.00361,0.38,24.916,-1.0,0.233539,58449.36951868711,41.856046700183256,391.6619093153771,0.035790603046296506,71397.82551787232,0.053884202475669475,0.13998398406666065,0.0955236853012352,0.10089762644026957,78.65631563364002,0.47796633333333327,0.24245294338847176,0.23154044674376406,6.374155982315048,88.00712921909985,0.04351539017682928,0.2225401994725501,1.6196376544334226,0.2166774427993935,82.77629225796042,0.41365543488986195,16.428819444444443
66,266,63.0221,21.2762,32,32.7806,0,122,118,9,134,13,0.99868,57.26506,0.0,0.0,0.17857,6.386,18.16043,0.0,0.0,118.0,32.40238,0.00358,0.39,21.795,-1.0,0.238182,59662.27490504969,41.90452971281829,390.6440351060295,0.03509888291455274,71677.2739173967,0.05106269501858503,0.13950991325461579,0.09448703387896705,0.09766487341867973,77.52725184750511,0.47791960784313725,0.24099629973334463,0.23217609669754183,6.356606759272336,88.1765573868984,0.03978411194905684,0.21814790960249464,1.7042462738316184,0.216956171266548,82.71441431842844,0.41365543488986023,16.672743055555557
67,267,62.5026,21.062,32,34.0214,0,122,118,9,134,13,0.97037,56.8248,0.0,0.0,0.35714,6.169,18.25278,0.0,0.0,117.0,32.26,0.00331,0.39,29.322,-1.0,0.229955,57062.75732413497,41.980774679301696,389.6699249236301,0.03213196094461267,72064.98830202686,0.0490621942456794,0.14020968632240902,0.09330930596803144,0.0947269684551088,77.39989923957697,0.47510901960784324,0.23983238005882043,0.23121921423341082,6.3622877293048425,86.25811236187435,0.03751633352001736,0.2136216035338424,1.479553909317768,0.21726933540164253,82.9384858989173,0.41365543488985224,16.859375
68,268,61.8322,20.5901,32,33.6936,0,122,118,9,134,13,0.97071,56.16648,0.0,0.0,0.25,6.177,18.07099,0.0,0.0,118.0,32.07822,0.00287,0.38,24.261,-1.0,0.225039,55815.84284093264,42.114805433485245,388.7385145276386,0.030424681558706933,73845.8420002541,0.04726666840616367,0.14032220490146577,0.09347091100956932,0.09390483692367224,76.78912763241331,0.46990705882352934,0.2397755551167595,0.23106659417679293,6.379030412177512,86.22145956716753,0.03573171341073981,0.20922128814474428,1.730177317823365,0.21740652677024014,83.12266621285215,0.4098143939107863,17.03317901234568
69,269,60.0381,20.5743,30,35.8415,0,122,118,8,134,12,1.01059,54.52929,0.0,0.0,0.39286,6.521,17.66409,0.0,0.0,119.0,31.85973,0.00238,0.38,20.901,-1.0,0.23398,52338.9862847174,42.312171088324654,387.895925171587,0.02989340463634004,73333.7087452717,0.04640010172741619,0.14043316434508166,0.09315063894146362,0.09341999135884188,75.44304182940982,0.4683839215686275,0.239357420546987,0.2315185296049061,6.376408742012705,86.17340186392755,0.03428304136391282,0.20445854276997744,2.4575536902597954,0.21775697399135202,83.40764071055331,0.3993204748020471,16.93330439814815
70,270,57.7815,20.4858,29,33.256,0,122,118,8,134,12,0.99355,52.48943,0.0,0.0,0.14286,7.213,17.6529,0.0,0.0,120.0,31.5385,0.00209,0.39,19.739,-1.0,0.242052,47773.63917050084,42.500804948218075,387.1655080094216,0.029044509689143634,71512.90100200467,0.04577651480209685,0.13952853091912867,0.0925099700505287,0.09235929788529884,74.49367393019622,0.4647478431372549,0.23714557638915543,0.23195503352470853,6.367006557648895,87.65150319081401,0.033160033238728466,0.20091717201768594,2.5832067913100594,0.2173276937825054,84.10481499052369,0.39710284875880714,17.024353780864196
71,271,55.9873,20.1421,27,34.5597,0,122,118,8,135,12,0.97922,50.8365,0.0,0.0,0.25,7.675,17.57375,0.0,0.0,122.0,31.37759,0.00243,0.39,17.818,-1.0,0.244193,44349.44744404877,42.68357378170814,386.5332798265771,0.028493081407144984,71712.82325922066,0.045424298519993106,0.13812563861275137,0.09286401281691592,0.09239609169678648,74.49426963206898,0.4647862745098039,0.23606930295053974,0.23330407080562748,6.36717323949399,88.07286264408042,0.03236038360478475,0.1982091106517799,1.4881599014864284,0.21806225493896064,84.25790842744844,0.393261807779741,17.17211612654321
72,272,54.0961,20.0796,26,32.8346,0,122,118,8,135,11,0.98322,49.13633,0.0,0.0,0.39286,7.566,17.27622,0.0,0.0,125.0,31.29125,0.00144,0.39,19.38,0.12667,0.240688,40831.44452393883,42.76904278036989,385.9810554399781,0.02826919691526544,70386.4034954027,0.04519329887736209,0.1374854287700847,0.09363041434984691,0.09227247074937683,73.99585109444554,0.46447254901960794,0.23526527648420126,0.23362084616613057,6.35534622728961,87.81877973711273,0.03170396273181025,0.1956580889413968,1.9701301054292453,0.217798733400188,85.14528141195365,0.39326180777973824,17.314091435185187
73,273,50.8941,19.8441,25,31.3026,0,122,118,8,135,11,0.98503,46.33712,0.0,0.0,0.42857,8.074,17.22416,0.0,0.0,125.0,31.11924,0.00086,0.38,18.946,-1.0,0.245749,32460.81555876988,42.856784585081506,385.5071637948595,0.027972054101461117,68574.21024413264,0.0450119395102331,0.13696136248236643,0.0955469911165106,0.09150097939362367,74.14852390897177,0.4605686274509804,0.23337513248362876,0.23369451339926978,6.39432084651843,88.23778609393817,0.03130460732074627,0.19351042393490103,2.0237747740998584,0.21767945334590466,85.68720061332456,0.3849855147142229,17.57079475308642
74,274,50.5787,19.861,25,30.3213,0,122,118,7,135,11,0.98605,46.04452,0.0,0.0,0.28571,7.734,17.0227,0.0,0.0,124.0,31.1035,0.00106,0.38,14.163,-1.0,0.274948,32205.713372213468,42.96434604974441,385.0722911767316,0.027707819977325354,68635.5875036584,0.04448937387538151,0.13535207397522245,0.09721377903774098,0.09015802708554678,74.54947652703638,0.4595113725490196,0.22946341736388032,0.2323532959348435,6.396457071367212,88.97991480266678,0.030929797885816974,0.19182768247234736,1.6906214909625286,0.21705984384830643,85.64375798244767,0.38660892965005117,17.684895833333332
75,275,49.4097,20.0374,25,32.8337,0,121,118,8,135,11,1.01444,45.06309,0.0,0.0,0.17857,7.289,17.03654,0.0,0.0,124.0,31.14361,0.00084,0.39,16.028,-1.0,0.279308,27880.135677704628,42.93098299002941,384.6354325011123,0.027515462762627334,69722.76955617842,0.04386758477692444,0.13363359215096135,0.09933173952463276,0.08976996765387253,75.563492989161,0.4602301960784314,0.22587718791690284,0.2310640845764985,6.3977505219612265,86.97665782081671,0.03054214890233647,0.19071573136685305,2.735017998485955,0.2163606651742629,86.43188366419317,0.38498551471421955,17.86820023148148
76,276,49.2283,20.5102,26,34.2646,0,121,118,8,135,12,0.94877,44.91989,0.0,0.0,0.28571,6.725,17.19396,0.0,0.0,124.0,31.46937,0.00042,0.38,16.477,-1.0,0.290453,28191.959025214306,42.85830424744405,384.1621930499868,0.027312933761468417,71388.28398610245,0.043258503224055854,0.1325444347735195,0.1003935433096386,0.0875240144083278,76.53779004578175,0.46500901960784324,0.22274263470097483,0.23109562427211963,6.4105775556871185,84.22014623471156,0.030231192182202167,0.18464386414102382,2.664888809422969,0.21552098283095125,87.04787214402214,0.38498551471422093,18.309461805555557
77,277,49.2612,20.9191,26,36.1018,0,121,118,8,134,12,0.93771,45.0029,0.0,0.0,0.71429,6.348,17.59762,0.0,0.0,124.0,31.66726,0.00045,0.38,15.373,-1.0,0.299391,29028.562117789996,42.85806406280141,383.6318880640998,0.02711158806132895,72044.28254177442,0.04240414822244403,0.13287071493352043,0.10118847040677806,0.08712260873948635,77.35286390067111,0.4657890196078432,0.2186081419315557,0.2314966722927186,6.457989947561752,87.29182726600484,0.029879463032865622,0.1758931419693033,2.046833781926708,0.21439191551573117,87.16983841882268,0.38882655569328545,18.947434413580247
78,278,50.7075,21.4894,27,33.5855,0,121,118,8,134,12,0.9818,46.31962,0.0,0.0,0.14286,5.98,17.95102,0.0,0.0,124.0,31.85402,0.0003,0.38,13.846,-1.0,0.316684,30086.301274694928,42.769626758716726,383.0692722390167,0.026907438833998237,72819.47321035112,0.041860717991921884,0.1335349867331282,0.102053957167974,0.08683972114620453,78.55505657365167,0.46393960784313737,0.21418943938012905,0.23056900986468737,6.505138663026774,87.61589514326067,0.029595484965623413,0.16749199976410087,2.9071941785068782,0.21429716768956614,87.18343712412096,0.39326180777973646,19.510657793209877
79,279,51.4639,21.8088,28,34.1756,0,121,118,9,134,13,0.98387,47.04198,0.0,0.0,0.42857,5.645,18.44378,0.0,0.0,124.0,32.05069,0.00019,0.38,13.867,-1.0,0.324899,29618.109131686695,42.73116537965374,382.4562040398641,0.02676344911248373,73582.21233588735,0.04122335374873775,0.1346147810752158,0.10233142877287653,0.08720122816043806,79.04816008358381,0.46798549019607844,0.2089076420805373,0.22962717489762696,6.533795910849193,83.98552904543246,0.02918882982740421,0.1575222859944196,2.6631412010499886,0.21368651403947345,87.13521325273675,0.3910441817365198,20.112895447530864
80,280,52.598,21.9219,30,37.7193,0,121,118,9,134,13,0.97281,48.06887,0.0,0.0,0.28571,5.254,18.71912,0.0,0.0,124.0,32.28702,0.00031,0.38,12.636,0.12796,0.316841,32287.428424636993,42.75882127549913,381.81766118208037,0.026649972309494636,75362.67070131813,0.04061093177376978,0.1365859213109988,0.10249413290332521,0.08836247043046594,79.5705062233306,0.4725235294117647,0.2021540095539211,0.22886244135569517,6.557424673706702,87.55970107727373,0.028855556473907074,0.1484924981091655,3.629764950140689,0.21275370369838462,86.94002674541316,0.393261807779743,20.505738811728396
81,281,54.3493,22.2074,31,35.8769,0,121,118,9,134,13,0.98255,49.62533,0.0,0.0,0.14286,4.951,18.81462,0.0,0.0,125.0,32.4133,0.00022,0.38,10.557,-1.0,0.320529,35624.48544073593,42.74783344033324,381.16216163177586,0.02650345385027929,75058.58453701851,0.040008786958155955,0.13553042412573796,0.10243390430009976,0.09050667564634227,79.86159823831895,0.4735705882352941,0.1970013069332946,0.2284328450121343,6.587380463596344,87.6265346802209,0.028578420186560687,0.14001510423364485,3.3848530203972236,0.21190057523401284,86.72302309783576,0.3948852227155755,20.515528549382715
82,282,54.3845,22.1072,31,36.068,0,120,118,9,134,13,0.97873,49.70991,0.0,0.0,0.42857,4.809,19.05817,0.0,0.0,125.0,32.46167,0.00017,0.38,10.793,-1.0,0.313431,35597.129486492086,42.79138786410108,380.4870785895819,0.02632759595268774,75413.50575344687,0.03931665196533461,0.13387666423464722,0.10244927922857297,0.09213016823279961,80.1359719434774,0.47295537254901954,0.19320345985657947,0.2272794174521111,6.626666165977327,88.45614343303535,0.028348024898180304,0.1295984337586887,2.8930912743970016,0.210688290358255,86.89779040656772,0.39932047480203875,20.557195216049383
83,283,53.6946,21.8049,32,37.2832,0,120,118,9,134,13,0.98022,49.17729,0.0,0.0,0.78571,4.71,18.9735,0.0,0.0,125.0,32.59176,0.00017,0.38,11.786,-1.0,0.329128,33764.87618154413,42.60225536205151,379.79315666141594,0.026250910350070364,76707.17587251322,0.03875146901001871,0.13378404619766415,0.10255388455157169,0.0947597759684506,79.80719780938148,0.4765203921568627,0.1905063876387434,0.22600209665447965,6.623385219873092,87.13201649009237,0.02814898524418282,0.11546679967997055,2.883306361122292,0.20919442139131467,86.75400618502108,0.39932047480203914,20.49464699074074
84,284,53.2566,21.548,32,36.2409,0,120,119,9,134,13,0.98199,48.85064,0.0,0.0,0.71429,4.673,18.71156,0.0,0.0,125.0,32.67058,0.00018,0.39,12.668,-1.0,0.350303,32021.395145881124,42.44922402464314,379.08353166701403,0.026194698224786664,75931.98167924512,0.03817724075994242,0.13152034351728514,0.10236104010297876,0.09639469177507302,79.49985146888278,0.4773839215686273,0.18670904164936525,0.22506201278559748,6.577922500988617,86.90138655321115,0.027767295613517096,0.10387897318967587,2.7493809531471056,0.207923397318375,86.91143897363995,0.3993204748020383,20.342351466049383
85,285,52.6519,21.7025,33,37.1695,0,120,119,9,134,13,1.00266,48.36303,0.0,0.0,0.96429,4.763,18.48647,0.0,0.0,125.0,32.76546,0.00014,0.39,11.543,-1.0,0.368671,29881.472205351398,42.38103777096595,378.35480377461255,0.026099222881712354,75625.55827057928,0.03760700721895996,0.13117747239517624,0.10221848672392414,0.1003403089632212,79.11901183875871,0.4802611764705883,0.18374749572693244,0.22461117252256663,6.510367691173812,85.17792268197317,0.027516036611290595,0.09767506559538051,2.7374105690029884,0.20731455948695057,86.8346055477552,0.40537914182432977,20.326244212962962
86,286,52.4775,21.9437,33,39.7266,0,120,119,9,134,13,0.97241,48.21345,0.0,0.0,0.28571,4.952,18.61948,0.0,0.0,124.0,32.9213,0.0002,0.39,9.873,-1.0,0.342869,30417.211423511002,42.291185920621146,377.62699006421633,0.026085724564924816,75769.3980374188,0.037052262191766584,0.13156016423891184,0.10211716012134987,0.10400889058896211,78.18933507649679,0.48518470588235296,0.18340577765901064,0.22390623774604831,6.470181435924808,85.28642317206754,0.02780022682952924,0.09537178373912546,3.1906162383447447,0.20664870375390176,86.80564999881972,0.3993204748020416,20.41531635802469
87,287,52.0293,22.2415,33,37.8852,0,120,119,9,134,13,0.98042,47.83918,0.0,0.0,0.5,5.087,18.83098,0.0,0.0,124.0,33.1414,0.00016,0.39,10.943,-1.0,0.35513,30047.359093064835,42.36188686041184,376.8995684292779,0.02608047577321997,75654.31592790909,0.036616001900403955,0.1320903849633787,0.10188624356747662,0.10725353804768675,78.53033223400345,0.48962588235294113,0.18177243116823763,0.22310890141689474,6.489675256468044,88.59782165563902,0.02759330280139326,0.09300747733805487,3.132369820766721,0.20590807510599435,87.20818405136009,0.4031615157810955,20.336130401234566
88,288,50.4691,22.3531,32,37.59,0,120,119,9,134,13,0.9781,46.47167,0.0,0.0,1.46429,5.289,19.08327,0.0,0.0,123.0,33.27889,0.00024,0.39,11.497,0.12719,0.358223,27310.52656581213,42.43676776650511,376.1836370162536,0.026069913430004275,75249.47097157822,0.03611110401195854,0.13370765026442416,0.10171502954801456,0.10916363034798894,78.26356820638816,0.49199176470588235,0.18078077210283797,0.22349954522141133,6.538784517343339,85.00302870797036,0.027541836391390993,0.08996163099704016,2.935392603519788,0.20474531830522577,87.57347928475745,0.40316151578110065,20.181809413580247
89,289,49.1969,22.23,31,39.1673,0,120,119,9,134,13,0.97926,45.3608,0.0,0.0,1.03571,5.624,19.17998,0.0,0.0,121.0,33.3479,0.00033,0.4,10.916,-1.0,0.357302,24643.032236039882,42.46339491855951,375.4555372488208,0.026100141280428573,74245.81566820588,0.0356314412801032,0.135554577418611,0.10132843042597382,0.11030539744478132,78.07912976755125,0.49269137254901957,0.17964132396644503,0.22255310115094348,6.564810586766647,88.53167629085135,0.027363151174250228,0.08696070609009139,3.606065032356914,0.2039502809623627,87.94346407118755,0.40316151578110143,20.129292052469136
90,290,49.6417,22.0572,32,39.9913,0,120,119,9,134,12,1.00735,45.69919,0.0,0.0,0.75,5.674,19.07625,0.0,0.0,120.0,33.40559,0.0003,0.39,7.294,-1.0,0.345793,25396.74797266748,42.49373089825666,374.71853856935235,0.026111377332139446,75329.6621649325,0.03536544214924146,0.13746096641730002,0.10158535212015044,0.11072674401741658,77.64779558300218,0.49490078431372553,0.17953685051045912,0.22180245846891147,6.571912243989224,87.53316970955322,0.027483040243055378,0.08428673102659597,3.569846722743392,0.2036228946605682,87.79456430553005,0.40316151578109877,20.12403549382716
91,291,50.5128,21.8228,32,39.2055,0,120,119,9,134,12,0.96294,46.42318,0.0,0.0,0.21429,5.549,18.92907,0.0,0.0,118.0,33.53592,0.0003,0.4,8.933,-1.0,0.339606,27041.80903881596,42.510281974886674,373.96761644294645,0.026167958175222335,75039.35653963542,0.03516958339887511,0.13962170343017377,0.10142925122476758,0.11123133138141283,77.40533365388183,0.4965866666666667,0.17885498127149735,0.22122436239468357,6.53180056060569,88.50254085028816,0.027716997198512054,0.08150921396754425,1.8518486778844139,0.20230785671199517,87.8864164425957,0.40316151578110077,20.18214699074074
92,292,51.616,21.416,33,38.1557,0,120,119,9,134,12,0.98855,47.39154,0.0,0.0,0.85714,5.38,18.7263,0.0,0.0,120.0,33.64384,0.0003,0.39,10.61,-1.0,0.351467,29157.549189240104,42.45823876651717,373.1977417221892,0.026312946357054535,76496.04852839814,0.03495373807899146,0.14145282882871105,0.10097901701922163,0.11218635592746083,77.17786246387779,0.49794823529411764,0.1784057612755879,0.22023521638750895,6.472081369672235,87.60107959028811,0.02797541438122349,0.07874630540051242,1.8502360332501426,0.2017878429186923,87.67595243078382,0.4059733529317359,20.00655864197531
93,293,52.0849,21.1091,33,35.8931,0,120,119,9,134,12,0.98149,47.85524,0.0,0.0,0.03571,5.218,18.37697,0.0,0.0,118.0,33.68838,0.00029,0.4,8.996,-1.0,0.360701,28709.917010874793,42.48390442648052,372.3950556821005,0.026580933139339933,76947.67693441405,0.03463303434318545,0.14332421555587782,0.10095514188247001,0.11327644528089574,76.95793722959293,0.4977643137254902,0.17810250336292613,0.21914024664433007,6.403168786265222,89.34344413121515,0.028354140621895285,0.07644959305649128,2.3702245751586277,0.20109179160876278,87.4954272392593,0.40759676786756155,19.89959490740741
94,294,52.2076,21.0207,34,36.925,0,120,119,9,134,12,0.99647,48.01932,0.0,0.0,0.32143,5.347,18.11561,0.0,0.0,118.0,33.69965,0.00025,0.4,7.575,-1.0,0.349468,28082.228061906957,42.34495356053482,371.569009024688,0.027480827909922644,77146.15137545243,0.034289222407799816,0.1450323599547636,0.10075519827080841,0.11441421798470967,76.38569951646414,0.49432745098039216,0.1772840827705686,0.21832398961709773,6.289862679298663,84.97116508563249,0.02885779548089876,0.07366770684839898,1.7032038235232951,0.19999045120764178,87.39680433799087,0.4136554348898529,19.755256558641975
95,295,53.4681,21.1312,35,35.4157,0,120,119,10,134,12,1.00867,49.18254,0.0,0.0,0.35714,5.579,18.03647,0.0,0.0,116.0,33.70118,0.00022,0.4,7.57,-1.0,0.363176,30131.755175645812,42.34872493037471,370.718075337023,0.028263266674995038,76497.33134156025,0.034046695954872086,0.14671956237759717,0.1003938133484555,0.11418336318466893,76.57233192813877,0.491731490196078,0.17846858702775165,0.21747597993750098,6.159095115578823,88.24577067361454,0.029674992165507598,0.07086648827471666,3.142000661610942,0.19913374644584722,87.20180219321271,0.413655434889854,19.54393325617284
96,296,55.4057,21.5388,36,36.25,0,120,119,10,134,12,0.9715,50.98993,0.0,0.0,0.96429,5.484,18.13389,0.0,0.0,117.0,33.70313,0.00032,0.42,9.049,0.13027,0.3528,31716.440846991027,42.340249332380886,369.8126887398727,0.02790717603238745,75702.59234670638,0.034086328584168005,0.1496237472690151,0.10016086797553812,0.11468950433748835,76.68062218958822,0.4899956862745098,0.17756126597940006,0.21615357008557132,6.022802953284679,88.87155628205011,0.03108486391901863,0.06758738212901343,3.876909598738061,0.1984035518327795,86.91096427692321,0.4186848980837164,19.278645833333332
97,297,58.2665,21.7198,37,37.9344,0,120,119,10,134,12,0.99009,53.65261,0.0,0.0,0.35714,5.186,18.48451,0.0,0.0,121.0,33.73949,0.00019,0.42,9.633,-1.0,0.33171,33965.76473485542,42.17041204005112,368.8742399596253,0.028256370215964905,75334.67412259456,0.03403851290465413,0.150789267250485,0.09995077074527187,0.1149240758143273,76.92808111834402,0.4932062745098039,0.17649138626859529,0.2157500999606967,5.90344120727104,87.6905643979682,0.03265929668355242,0.06454472317711812,5.100491288480362,0.19769071072536287,86.62867297554753,0.42799039497767294,18.95187114197531
98,298,60.2876,21.8999,39,40.4559,0,120,119,10,133,12,0.98983,55.56898,0.0,0.0,0.35714,4.963,18.6347,0.0,0.0,115.0,33.77428,0.00031,0.44,9.277,-1.0,0.333227,36310.83723240933,42.02162132734134,367.8954004088377,0.028551118013968278,76022.02359738799,0.03389223062376091,0.1521985291202045,0.09965641565977391,0.115146214393047,77.56931703208936,0.4946031372549019,0.17626981370902464,0.21466031422007667,5.77366608561306,86.63931425047006,0.035518572184546286,0.0619021073368996,4.450564091872519,0.19676407013377364,86.07324479884451,0.43020802102090255,18.70949074074074
99,299,62.9659,,41,41.1796,0,120,119,10,133,12,0.95525,58.10832,0.0,0.0,0.60714,4.819,18.78988,0.0,0.0,117.0,33.86339,0.00049,0.44,7.76,-1.0,0.308782,39615.67980762436,41.9880894790461,366.89753614169155,0.02883389038366157,75651.69496063753,0.03353776125089207,0.15452535237692536,0.09945082309995763,0.11555716967403161,78.00403550730687,0.494576862745098,0.17619166611622172,0.21341422202201218,5.606030270363558,88.98067498044445,0.03998135152304635,0.05978706568733738,2.997055013443598,0.19616376458375376,85.39512938105239,0.4401077290222574,18.40089699074074
