,frame_number,SITI.SI,SITI.TI,VCA. E,VCA. h,VCA. epsilon,VCA. L,VCA. avgU,VCA. energyU,VCA. avgV,VCA. energyV,AGH.Blockiness,AGH.Spatial Activity,AGH.Letterbox,AGH.Pillarbox,AGH.Blockloss,AGH.Blur,AGH.TemporalAct,AGH.Blackout,AGH.Freezing,AGH.Exposure(bri),AGH.Contrast,AGH.Interlace,AGH.Noise,AGH.Slice,AGH.Flickering,cambi,cubrow.1.0,blur,cubcol.0.6,color_fulness,cubcol.0.5,cubcol.1.0,cubrow.0.6,cubcol.0.3,cubrow.0.3,tone,uhdhdsim,cubcol.0,cubrow.0,fft,cubrow.0.5,blockiness,temporal,staticness,movement,contrast,noise,saturation
0,300,50.4903,19.2108,30,0.0,0,117,113,12,138,16,0.99922,46.78491,0.0,0.0,5.35714,5.192,0.0,0.0,0.0,121.0,27.03643,5e-05,0.32,1.481,0.0,1.367907,0.08421766791560154,22505.761577079,0.10025998551172488,82.85047921204853,0.0661215818806125,0.07786112849078543,0.12678248705921175,0.10994109515027028,0.19706769122441448,0.41074039215686275,95.88998843467961,0.08646516932359764,0.24414987902750473,67388.59419079863,0.10689604955787219,1.1189218621816543,0.0,602.1440119319287,0.0,88.67433549100973,0.3209927962332631,62.363095507209685
1,301,50.4337,19.5349,30,22.7168,0,117,113,12,138,16,0.99815,46.68474,0.0,0.0,3.75,5.214,16.49695,0.0,0.0,122.0,26.94065,6e-05,0.32,1.428,-1.0,1.29423,0.07568050181547326,22713.00304994027,0.0834242114484799,83.04345697747893,0.08452534665391515,0.07457082071174548,0.09732662283137272,0.10756274870467165,0.19134963084235723,0.4073066666666667,95.89177692464922,0.08569232230859486,0.2434659367873701,67361.33755408246,0.09097399136466314,1.2567300313533158,4.745084719270622,585.8671600976786,11.347366898148149,88.04740298226405,0.3232104222764854,62.299907354660974
2,302,50.368,19.8604,30,22.6664,0,117,113,12,138,16,0.99955,46.59575,0.0,0.0,3.03571,5.183,16.77733,0.0,0.0,123.0,26.91619,8e-05,0.32,1.546,-1.0,1.289011,0.07336169827494164,23005.354664917468,0.07711748419318201,82.94338165696855,0.08572629946660867,0.0747647437145162,0.09413210134843043,0.10554400372250362,0.19374752413203009,0.40451176470588235,95.85338332432245,0.0847363511850557,0.24409201995675073,67536.2313007032,0.09149953194339844,0.9119171731461081,4.887913034577286,571.9977066844988,10.593219521604938,87.59006919230097,0.32099279623325827,61.95988520869502
3,303,50.7156,19.8761,30,22.7201,0,118,113,12,138,15,0.99694,46.90932,0.0,0.0,3.53571,5.183,17.05813,0.0,0.0,124.0,27.03844,4e-05,0.31,1.676,-1.0,1.229813,0.07317922775108339,23544.494480087753,0.08277590539503785,82.66909525142606,0.08095931582755882,0.07775253024259189,0.09212340265496788,0.10406415971992097,0.1972140874139279,0.403789568627451,95.82659255488194,0.08473380284839017,0.2448623224210812,67419.74616485863,0.08680547777943068,1.0083433564446826,4.819585099078901,559.9101289644644,9.364824459876543,87.80838323393385,0.32321042227648306,61.67034968623408
4,304,51.0378,20.0072,30,23.5722,0,118,113,12,138,15,0.99922,47.22755,0.0,0.0,5.89286,5.203,17.06759,0.0,0.0,124.0,27.22645,7e-05,0.32,1.694,-1.0,1.182738,0.07299658775415376,23785.12010024888,0.0896769218371158,82.66123424528982,0.08838716882755003,0.07878715804875389,0.09107249671586415,0.10221349664868262,0.20116746022756068,0.4075470588235294,95.75743826568839,0.08520057070621823,0.24410967589395602,67323.80122732272,0.08425199773920115,1.1330776702187826,4.956691471990992,549.3839240328655,8.704427083333334,87.14680449823265,0.3232104222764888,61.48025230125145
5,305,51.2231,20.0057,30,22.998,0,118,113,12,138,15,0.99782,47.40008,0.0,0.0,6.17857,5.205,17.17698,0.0,0.0,124.0,27.29034,6e-05,0.32,1.475,-1.0,1.199047,0.0744943789840049,24076.807654517226,0.09475020310748455,82.66399674663627,0.09716438853507096,0.08043633201487181,0.08955558525500959,0.10045992985793495,0.20478842272654849,0.41060235294117653,95.75820100853551,0.08558989703951626,0.2442288546021008,67510.67514167316,0.08204288839872008,1.1361558077847165,4.875080111059609,540.1121775581433,8.171923225308642,90.97645509492058,0.3232104222764908,61.4493440227744
6,306,51.0114,19.5376,30,23.4466,0,118,113,12,138,15,0.9982,47.15068,0.0,0.0,4.03571,5.186,17.17786,0.0,0.0,124.0,27.18042,5e-05,0.32,1.486,-1.0,1.207725,0.07540156576534779,23880.862935399477,0.09053799614695995,82.85180035129108,0.09649125145550436,0.08082666385727358,0.08927791138959801,0.09821847774752018,0.20602491044673793,0.40510235294117647,95.8501204968252,0.0851623790661463,0.24428509900132717,67447.26697783895,0.08132311892799457,1.011991371708226,4.859686150274179,532.3267594733784,7.5249807098765435,89.41803882450233,0.32542804831971456,61.28698711630739
7,307,49.0675,19.0659,29,24.2846,0,118,113,12,137,14,1.00341,45.3515,0.0,0.0,4.14286,5.25,16.7797,0.0,0.0,125.0,27.00107,5e-05,0.32,1.541,-1.0,1.232377,0.07505011610681586,20949.802933132392,0.08766352015688238,82.91213107736408,0.09024469090462547,0.08105839187575246,0.08981071199150747,0.09714404417443313,0.20097904714898798,0.39920509803921567,96.14185196396531,0.0850195033273601,0.24425172379444868,67059.42283031245,0.08032521152600308,0.9955329704632164,4.781639921968633,525.588984404901,6.964265046296297,85.98895527567312,0.32321042227648694,61.333325798128854
8,308,47.7632,19.5228,28,22.8156,0,118,113,12,137,14,1.00238,44.08534,0.0,0.0,5.71429,5.277,16.36739,0.0,0.0,125.0,26.96694,3e-05,0.32,1.498,0.34182,1.319817,0.07523925235868745,19572.64833517922,0.08604711194856719,83.09070908642929,0.08770587130946719,0.08149507184960997,0.08912229650442277,0.09486006412834988,0.19564311762261333,0.39879490196078426,96.3164250633715,0.08460394688838978,0.2445223167939039,66817.1355985333,0.0795350496173093,1.038149844074541,4.599012550712949,520.0965388884879,6.712239583333333,86.7928564811961,0.32099279623325466,61.49021553698881
9,309,46.9956,20.0958,28,19.2828,0,118,113,12,137,14,1.00004,43.40288,0.0,0.0,4.28571,5.267,16.7528,0.0,0.0,125.0,27.0997,5e-05,0.32,1.558,-1.0,1.31688,0.07384531042355234,18639.01207268914,0.08474791792504095,83.44262986770131,0.08630674789965902,0.08182298012171783,0.0889604597847127,0.09264007303489181,0.18884050667854801,0.4022294117647059,96.43231879275392,0.0842050864394452,0.24434285401567293,66570.26235416194,0.07902326647517952,0.8379027617408826,4.601418094730176,515.6087685121787,6.787856867283951,90.48425154945743,0.320992796233255,61.498249383620276
10,310,47.2052,20.7323,28,20.1068,0,118,113,12,137,14,0.99814,43.6847,0.0,0.0,4.89286,5.198,17.24692,0.0,0.0,125.0,27.52221,4e-05,0.32,1.449,-1.0,1.311743,0.07370516824587817,18366.862611653836,0.08370206012794017,84.42289733428893,0.08571675726236555,0.08203234847033437,0.08867862696858736,0.09063410051107008,0.18415151559045087,0.41849254901960786,96.40216016089249,0.08371390257349882,0.24428982106947578,66512.39638074179,0.07854219739806928,0.9056469090071817,4.608871245228336,511.5027885669389,8.546585648148149,93.07419072968925,0.32099279623325633,61.21597440743152
11,311,48.5598,21.267,29,22.4938,0,118,113,12,137,14,0.99642,45.01463,0.0,0.0,5.53571,5.181,17.79629,0.0,0.0,125.0,27.77238,0.00011,0.31,1.671,-1.0,1.253172,0.07350414695588914,19232.650054830192,0.08262646681791509,84.65906896995625,0.08672108445551586,0.08226896806126072,0.08852592352359498,0.0893821835648875,0.18395495032748965,0.4240886274509803,96.2715888438577,0.08316997922801257,0.2443518192926479,66588.44076125722,0.07817827574861376,1.1615480074042128,4.7702855971627045,507.52866219199996,9.500530478395062,86.55852410983343,0.32542804831971156,60.97487065821519
12,312,49.4639,17.4266,30,22.0328,0,118,113,12,137,14,1.00046,45.90278,0.0,0.0,4.28571,5.131,18.25265,0.0,0.0,125.0,27.81182,5e-05,0.31,1.618,-1.0,1.280703,0.07671187248425983,19767.16775284872,0.08185113316467461,84.48713154782018,0.08576495113547591,0.08283355347749499,0.08815202088949231,0.08928405364390793,0.1840880913109318,0.43009803921568623,96.16625059224734,0.08281459509212216,0.2444894776509136,66506.44939077031,0.07694666147602142,0.9742102511972798,4.720064236627606,503.7961657585282,9.426697530864198,86.01506175907599,0.32542804831971617,60.99969878020109
13,313,49.0325,21.3007,30,17.2873,0,119,113,12,137,14,0.99626,45.5322,0.0,0.0,4.60714,5.104,14.96155,0.0,0.0,125.0,27.65139,5e-05,0.31,1.584,-1.0,1.250428,0.07934462169205538,19372.737490012212,0.08116547578362007,83.42189230883851,0.08469636095446571,0.08331547162603982,0.08792308937345093,0.09003683032351724,0.18478806957495855,0.4197043137254902,96.25190296071122,0.08225248692694816,0.24449391097888776,66374.4707550646,0.0760160317418964,0.9697609394262248,4.593748250328605,500.62234802999643,7.686728395061729,87.85849408135002,0.32542804831971556,60.88072807406202
14,314,47.4168,21.3778,29,22.1711,0,119,113,12,137,14,1.00177,44.0489,0.0,0.0,4.42857,5.184,18.28584,0.0,0.0,125.0,27.22261,8e-05,0.32,1.602,-1.0,1.273196,0.08007315002100225,17584.42690897629,0.08060005477752327,81.58816662758863,0.08372382091491364,0.08350420004416623,0.08762690032632266,0.09163904581172255,0.1831587525932598,0.404713725490196,96.4931763026265,0.08167482456492382,0.24460797868109924,66066.29707554665,0.07567821936576408,0.7748986259631065,4.843556978763946,498.0703189639752,7.652633101851852,89.10004982284616,0.32321042227648883,61.036542727623456
15,315,46.0981,21.0843,28,21.1543,0,118,113,12,137,14,0.99591,42.75935,0.0,0.0,5.17857,5.271,18.35385,0.0,0.0,125.0,27.1609,2e-05,0.32,1.526,-1.0,1.345618,0.0827810139315555,16413.961573466735,0.07996607011474706,81.24225182996314,0.08284722489184868,0.08344565450036288,0.0873545505354718,0.0936922312120602,0.18004473817286215,0.4071961960784314,96.63229795512201,0.08156210618642477,0.24454608087791938,66075.44909869811,0.07557473409479157,1.0977692770321423,4.757311218625937,495.8905698306554,8.622106481481481,86.03031827953944,0.3209927962332564,61.39666559666763
16,316,45.4261,20.3213,27,19.6559,0,118,113,12,138,14,0.99794,42.06662,0.0,0.0,6.32143,5.25,18.09718,0.0,0.0,125.0,27.01526,2e-05,0.31,1.544,0.34131,1.366209,0.0817030120903299,16039.16717000816,0.07950193379695517,80.80447862130298,0.08208261811515671,0.08322173063312124,0.08727657733654054,0.09536690177050658,0.1761056074714941,0.4080343725490195,96.70582666817461,0.08151422224438237,0.24452927609998526,66031.20653108026,0.07548784677226762,0.847140945341504,4.709656910679013,493.87789415193396,8.684751157407407,86.77725180080704,0.3209927962332541,61.549113520869504
17,317,46.5342,19.6056,28,18.1129,0,118,113,12,138,14,1.00259,43.03567,0.0,0.0,4.28571,5.254,17.44185,0.0,0.0,125.0,27.15062,5e-05,0.32,1.476,-1.0,1.397172,0.08107119751106245,17134.002732033925,0.07910244320241183,80.6191790850886,0.08136034298927555,0.08299946117044432,0.08717172402163524,0.09628473210366804,0.17375100319910927,0.4111364705882353,96.52204222016928,0.08149676644274188,0.24455895082564946,66181.18610352284,0.07541561543380006,1.062789048669189,4.61900327925022,491.882342674444,8.634886188271604,86.99368088476095,0.3209927962332535,61.65573138955198
18,318,47.3931,18.7936,29,20.9286,0,118,113,12,138,14,1.00026,43.85035,0.0,0.0,3.46429,5.15,16.83026,0.0,0.0,125.0,27.45578,7e-05,0.31,1.572,-1.0,1.402844,0.08105082693630823,17741.739103746575,0.07859055893667817,81.29994557136258,0.08052439545925134,0.08270691543880479,0.08689298965605041,0.09751788693329061,0.1728977891347531,0.4206239215686275,96.39283712169188,0.08155599130055709,0.24437232964355976,66163.83406981098,0.07536791808145016,1.1482840064499502,4.678076725046503,489.69251388514715,8.839940200617283,89.32811464056869,0.32099279623325416,61.39377678765191
19,319,48.3556,19.0598,30,20.9005,0,118,113,13,137,14,0.99937,44.79326,0.0,0.0,3.75,5.195,16.13281,0.0,0.0,125.0,27.78489,4e-05,0.32,1.621,-1.0,1.433576,0.08359878419502911,18235.869074262162,0.07818898268383882,82.29053838022878,0.07983620033717984,0.0827315176786028,0.08643538777812186,0.09887762027159343,0.1730525841722581,0.43120588235294127,96.30343484878345,0.08204932366133114,0.24329965702885611,66126.90979482957,0.07525982762507825,1.034493010359459,4.448196640218533,487.4998507568664,8.522569444444445,90.82467626507375,0.3209927962332549,61.17965905460311
20,320,49.3145,19.3652,30,18.8046,0,118,113,13,137,14,0.99881,45.72268,0.0,0.0,5.28571,5.086,16.35854,0.0,0.0,125.0,27.93253,0.00011,0.32,1.503,-1.0,1.438469,0.0883315736193453,19072.019535950836,0.07782257787705017,83.03120392076471,0.07917973892552346,0.08268061071166764,0.08602231572078085,0.09898522742241013,0.17297464491171363,0.43731009803921306,96.17967462919432,0.0826744126069959,0.24247491683295805,66311.04784376183,0.0751692439462126,1.0057066824938796,4.420184584879153,485.432658202628,10.003279320987655,90.61716940695116,0.32099279623325455,60.9677591206115
21,321,49.9333,19.2124,31,19.0952,0,118,113,13,137,14,1.00251,46.31168,0.0,0.0,6.53571,5.121,16.62311,0.0,0.0,125.0,28.12712,8e-05,0.31,1.507,-1.0,1.397528,0.08925652575877838,19595.40833154866,0.0774179261375862,83.27045729206287,0.07858477775489314,0.08282087102463656,0.08563757822573319,0.09969096604910159,0.17338548592809103,0.44238274509803915,96.10258282252943,0.08336725986905562,0.24241148777384303,66450.25583363044,0.0751096695048018,0.8591395864787169,4.522301864374002,483.4810608523422,9.908275462962964,87.14081752241894,0.3209927962332553,60.9205766842689
22,322,49.5339,18.3554,31,20.9566,0,118,113,13,137,14,1.00058,45.94344,0.0,0.0,3.39286,5.176,16.49313,0.0,0.0,124.0,28.21632,3e-05,0.32,1.567,-1.0,1.428814,0.08782521512520411,19404.657623509305,0.07709240597925399,83.54458951753114,0.07804287773764207,0.08243296652734768,0.08526763237541217,0.09989048195726835,0.17366436130737808,0.44727060784313577,96.12111752342875,0.08413728932254,0.24183152971112407,66348.8944604336,0.07512848179581434,1.2067096187997692,4.723800474957843,481.76373374389823,9.59693287037037,89.27516804162133,0.3209927962332553,61.135609002760894
23,323,49.4717,18.4035,30,19.6992,0,118,113,13,138,14,1.00297,45.8665,0.0,0.0,2.78571,5.16,15.75565,0.0,0.0,124.0,28.18041,4e-05,0.31,1.526,-1.0,1.442894,0.0878844111066853,19418.806668588284,0.07686727785246752,83.48221622739001,0.07754118773087747,0.08230265283332676,0.08512567980275529,0.10045671530439587,0.17431295964709778,0.4476478431372548,96.1129836976209,0.08483863078310998,0.24122911863566532,66371.32176126642,0.07519447753673966,1.025021226590528,4.526033733069237,480.18321655665625,9.773582175925926,90.19982510472896,0.32099279623325444,61.1511531876929
24,324,49.2173,18.1012,31,20.3798,0,118,113,13,138,15,0.99664,45.68222,0.0,0.0,4.32143,5.252,15.7959,0.0,0.0,124.0,28.12375,6e-05,0.31,1.572,0.34825,1.39291,0.08817376979490049,18987.8858835439,0.07645434872304147,83.09583273335029,0.07635610968797575,0.08204195087050821,0.08490735050133232,0.1008749677818549,0.17458537337439592,0.4498905882352941,96.11058275912208,0.08510302751134588,0.24044682167522394,66234.3158077692,0.07499446272886574,1.0695381182061605,4.824521921079363,478.75306891997667,10.248746141975309,88.90743713213155,0.320992796233255,61.24315426673418
25,325,48.7523,18.0026,30,20.6934,0,118,113,13,138,15,0.99959,45.29321,0.0,0.0,4.0,5.258,15.53827,0.0,0.0,123.0,28.11543,5e-05,0.31,1.614,-1.0,1.421789,0.08754116643111971,18601.6386051068,0.07615042084443616,83.07001832997736,0.07710760618548412,0.081561699947689,0.08479755697764517,0.10111061364941143,0.17490651861417464,0.45095411764705884,96.24087735965313,0.0852177405094967,0.23997848945228414,66066.9356816979,0.07503759935416951,1.1273629504098017,4.817049984213525,477.51544729475927,11.019097222222221,89.76125307969895,0.3209927962332553,61.47364807128907
26,326,49.018,17.9009,31,20.2584,0,118,113,13,138,15,1.00079,45.55978,0.0,0.0,4.0,5.255,15.45502,0.0,0.0,123.0,28.22578,3e-05,0.31,1.542,-1.0,1.41261,0.08692647995897587,18956.039100436727,0.07595865596263461,83.07610713532881,0.0768682043625425,0.08143443249019292,0.08483387343079539,0.10149639261265933,0.17537741102619178,0.4521525490196079,96.17563824708895,0.0855711061584507,0.2399462400070169,66313.42164987336,0.07522997270531644,0.7178990961410595,4.764600725621033,476.3173609472611,10.961564429012345,85.69529687512747,0.3209927962332579,61.5095437132282
27,327,49.1181,17.5334,31,18.5758,0,117,113,13,138,16,0.99907,45.62503,0.0,0.0,4.21429,5.147,15.37081,0.0,0.0,122.0,28.26081,4e-05,0.31,1.524,-1.0,1.366665,0.08647093629998093,19185.502959838155,0.07556334717750682,83.4692042583929,0.07681603212288045,0.08138225798925469,0.0847608902625524,0.10178383864884989,0.17612591634233282,0.451341568627451,96.17207497107032,0.08529236691956774,0.23937719550172662,66479.1394847224,0.07522115177515323,1.002691700382285,4.796238492608926,475.22683407305533,10.780381944444445,90.37283063497244,0.3209927962332562,61.69969780062452
28,328,48.9518,17.6252,30,18.8298,0,117,113,13,138,16,0.99509,45.45066,0.0,0.0,4.14286,5.193,15.0537,0.0,0.0,122.0,28.26247,5e-05,0.31,1.654,-1.0,1.379174,0.08604382579167781,19102.90748132817,0.07496556721085726,83.92782054615091,0.07601115710774092,0.08143055102437761,0.08481151227420951,0.10209727231644218,0.17697044770980822,0.4475240980392155,96.2289327074658,0.08524853215414704,0.23885504710489264,66289.75202118033,0.0754097675577204,1.0748586588187101,4.636930083085339,474.22872308562273,10.653501157407407,88.15459358169751,0.320992796233258,61.82318812240789
29,329,48.9438,17.5192,31,20.3851,0,117,113,13,138,16,1.00209,45.48673,0.0,0.0,4.32143,5.242,15.1342,0.0,0.0,122.0,28.25963,8e-05,0.31,1.571,-1.0,1.3525,0.08554643291131571,18963.28905057294,0.07556749628107244,84.39517922494572,0.07593492426881791,0.08168897889896949,0.08494456327531309,0.10267748128262516,0.17741569480259348,0.4427623529411765,96.26471254014882,0.08517249860433977,0.23856832050772955,66436.88520724018,0.07560364078060654,1.0483271757020571,4.66518110793188,473.3132492431193,10.990354938271604,89.72145906719165,0.32099279623325844,61.928051607108415
30,330,49.9392,17.0847,31,22.7336,0,117,113,13,138,16,1.00243,46.39442,0.0,0.0,5.60714,5.296,15.04995,0.0,0.0,124.0,28.49243,0.0001,0.31,1.661,-1.0,1.244146,0.08467576317772124,20176.52744950405,0.07685205214443588,85.38931601417846,0.07672715615528464,0.08167630685744705,0.08474601305016669,0.10317142290916638,0.1778051890449278,0.4416560784313725,96.10692305241787,0.0849875172328247,0.23833478252452459,66686.6456505964,0.07676021377652459,1.002417335453407,4.799451087575198,472.4472507345571,11.196180555555555,88.23871774026277,0.3254280483197104,62.02723825713734
31,331,50.1798,17.0726,31,21.1257,0,117,113,14,138,17,0.99813,46.62331,0.0,0.0,6.85714,5.289,14.67453,0.0,0.0,124.0,28.57282,6e-05,0.31,1.567,-1.0,1.242471,0.08384519148761438,20750.452874271166,0.07782740785008346,85.4950664882834,0.07813193298647368,0.08207723537610045,0.08474361678874448,0.10364633658750248,0.17845251507520968,0.43635437254901954,96.08137613203826,0.08488444066924497,0.23805302541228665,66839.68755873686,0.07916195919931002,1.259867233510087,4.643173510594408,471.6526452397613,11.267505787037036,89.42701102640892,0.32542804831971345,62.00055930055218
32,332,50.181,17.1763,31,21.298,0,117,113,14,138,17,0.99759,46.63008,0.0,0.0,5.46429,5.252,14.6614,0.0,0.0,123.0,28.66498,5e-05,0.31,1.541,0.33951,1.237361,0.08348917101538,20765.27549648437,0.07781878126493486,85.82552869892359,0.07719848659899012,0.08341222850361732,0.08438790465530158,0.10365641721910407,0.179037371166713,0.43386666666666673,96.06228101210189,0.08481590327693458,0.23767601486822687,66889.74919730249,0.08023452844833341,1.4139173068517779,4.778100007302479,470.9218416949471,11.290123456790123,88.72666619835631,0.325428048319713,61.9151277895327
33,333,50.1302,17.7885,31,22.4184,0,117,113,14,138,17,0.99979,46.60101,0.0,0.0,4.71429,5.329,14.74847,0.0,0.0,123.0,28.78827,3e-05,0.31,1.722,-1.0,1.251047,0.08367928358200553,20626.677050337228,0.07896431610174606,86.11761871019314,0.07687409452384913,0.08451347957455618,0.08411017576531334,0.10366263172521886,0.17955937387603815,0.4311641372548968,96.07680914159849,0.08476367554485467,0.23740044461308119,66843.69450124666,0.08017064746830467,1.470315264213223,4.8178356131001365,470.2775006656381,11.714940200617283,86.65274011421837,0.32542804831971306,61.987956671067224
34,334,49.8956,18.5347,31,21.4213,0,117,114,14,138,16,1.00179,46.40955,0.0,0.0,3.42857,5.31,15.26997,0.0,0.0,123.0,28.73162,2e-05,0.32,1.479,-1.0,1.235534,0.0829232264210936,20281.327324601305,0.07979560497137568,86.01355306148002,0.07659209458090764,0.08829635982752249,0.08409955787623781,0.10371266973824858,0.1801534882615864,0.42758433333333334,96.07103099420164,0.08463026854270543,0.23740345506695815,66899.85482241646,0.07985700696585628,1.1625519807932336,4.829717876700307,469.68179648625875,12.319926697530864,85.78137148191091,0.3292690892987782,61.74797227647569
35,335,49.8347,18.8464,31,21.8398,0,117,114,14,138,16,0.99743,46.37079,0.0,0.0,4.32143,5.294,15.90604,0.0,0.0,123.0,28.73308,5e-05,0.32,1.345,-1.0,1.276184,0.08291191493079172,20273.678771527244,0.0834071427169081,86.02964184871311,0.07651258535814796,0.08991447942190228,0.08384689413984399,0.10374422522961103,0.18050713410648478,0.4291492941176469,96.05730489108849,0.08447868990067788,0.237282939704381,66924.83812395799,0.07975969961333657,1.3640931170286787,5.025775511887173,469.1081500233385,12.479359567901234,89.98159880245106,0.3276456743629467,61.65705042709539
36,336,49.9594,19.261,31,22.8858,0,117,114,14,138,16,0.99828,46.47422,0.0,0.0,3.17857,5.314,16.17162,0.0,0.0,123.0,28.78648,5e-05,0.31,1.406,-1.0,1.239803,0.08284925251388124,20437.445175722947,0.08476946065251476,85.72020497958546,0.07612130084781905,0.09212578569399943,0.0833344622023354,0.10377366626429214,0.18087588673821142,0.43276941176470596,96.04076638648553,0.08444421272509241,0.2373384214202054,66877.37708499406,0.07962881826950606,1.3219825377470962,4.953285342752666,468.5207063674958,12.081114969135802,89.73608588617532,0.32926908929877724,61.58372346854504
37,337,49.6108,19.4313,31,21.1537,0,117,114,13,138,16,0.99962,46.1503,0.0,0.0,5.92857,5.32,16.52783,0.0,0.0,124.0,28.66868,3e-05,0.32,1.431,-1.0,1.255414,0.08287360520741702,20133.91818296594,0.0853055819396645,85.64558498121377,0.07576469462051776,0.0929922503917996,0.08296532311466794,0.10381328118490141,0.18140878275138372,0.43640113725490187,96.09978799862645,0.08441527935989612,0.2373139720235498,66820.11857183122,0.07945363111338398,1.1372969446345929,5.014270225700619,468.00690209228355,12.275655864197532,87.68037314389535,0.3314867153420103,61.59762102291908
38,338,49.1985,19.8034,30,21.4021,0,117,114,13,138,16,0.99736,45.77182,0.0,0.0,4.5,5.269,16.66673,0.0,0.0,125.0,28.54018,3e-05,0.32,1.551,-1.0,1.20801,0.08309508159868126,19621.135002997788,0.08589517455172896,85.61925773104895,0.07535622811127217,0.09414725344507784,0.08249570546504688,0.10394774121936552,0.1818063565878378,0.4374356862745098,96.15839558488261,0.08441059215937315,0.2373533091130217,66647.87254469027,0.07974846098450986,1.5127230676477663,4.933963203633011,467.54258126809435,12.34837962962963,87.27187405884436,0.33148671534200247,61.51265292697483
39,339,49.2426,19.9964,30,21.5648,0,117,114,13,138,16,0.996,45.80945,0.0,0.0,3.21429,5.274,16.98968,0.0,0.0,125.0,28.50741,6e-05,0.32,1.547,-1.0,1.152004,0.08291745424073484,19552.495111139444,0.08648644753434022,85.59540513770145,0.07467183812079628,0.09550701267622713,0.08230821762101657,0.10406059136283928,0.1819763590041579,0.43473372549019607,96.14978959200798,0.084356568535351,0.23735739997387467,66688.4599536698,0.07969635582827296,1.425829535952458,5.011806148933296,467.16598738344237,12.256172839506172,87.8213338035602,0.3375453823642974,61.63257231535735
40,340,49.2449,19.8571,31,23.1426,0,117,114,13,138,16,0.99707,45.85048,0.0,0.0,4.35714,5.261,17.15453,0.0,0.0,125.0,28.41683,4e-05,0.42,1.51,0.33038,1.170748,0.08244517073659868,19521.373780612827,0.0860641990679629,85.55386293515357,0.07440961540498756,0.09562484688986743,0.08227012408817098,0.10420494976162586,0.18220719076668693,0.4304533333333333,96.14427335502256,0.08430934964834119,0.237492822682329,66664.856366594,0.07992322602664284,1.6611540331978507,5.00796574830679,466.8389399169556,12.110050154320987,87.13376903419729,0.3375453823642996,61.5843520929784
41,341,49.4963,19.7203,31,23.1689,0,117,114,13,138,16,0.99632,46.06943,0.0,0.0,3.85714,5.265,17.03754,0.0,0.0,125.0,28.25726,2e-05,0.42,1.465,-1.0,1.157264,0.08211215213502311,19840.494108585102,0.08626103986765143,85.3379664419208,0.0748489653644082,0.09525447739075094,0.08251544511572226,0.10436043135422571,0.18263115366378233,0.4277769019607842,96.10792465212776,0.08426981387241904,0.2376257246957616,66651.18087129395,0.08009212437369956,1.3810708896853126,4.9510730023645175,466.49523811985847,12.07248263888889,88.70980307547754,0.33754538236430137,61.30888630431376
42,342,49.9466,19.6654,31,24.0046,0,117,114,13,138,16,0.99653,46.41142,0.0,0.0,4.0,5.231,16.92259,0.0,0.0,125.0,28.1931,2e-05,0.42,1.502,-1.0,1.175743,0.08188655772394349,20596.385286633147,0.08608406702829194,85.54808193426143,0.07453593146575048,0.0949862857880404,0.08254556308600822,0.10450993220496595,0.18365778936484844,0.42787072549019606,96.05818833354974,0.08424887163495647,0.2377495167220239,66778.7998427393,0.08012260829000448,1.2404646721220403,4.91531355622071,466.13223703165033,12.032648533950617,88.02837527064789,0.3375453823642993,61.47895436228058
43,343,50.4069,19.6681,31,23.8941,0,117,114,13,138,16,0.9971,46.84073,0.0,0.0,4.60714,5.216,16.8774,0.0,0.0,125.0,28.19876,5e-05,0.42,1.472,-1.0,1.206805,0.08171305346775375,21246.80482587396,0.08576454415755926,85.36596963877983,0.07422181516763221,0.09461736794156386,0.0827118239176234,0.10472120018213367,0.18493377045207296,0.43221098039215694,95.98679807265286,0.08419781556929606,0.23789905250908927,66911.62665953518,0.08012125837622917,1.2833441585982637,5.013143556097631,465.7119922686287,12.235580632716049,89.37113655291617,0.33754538236430065,61.53916629744165
44,344,50.5716,19.542,31,23.4894,0,117,114,12,138,16,1.00175,46.972,0.0,0.0,3.57143,5.218,16.8769,0.0,0.0,125.0,28.30437,6e-05,0.42,1.479,-1.0,1.153678,0.08150101228891087,21613.98786014505,0.08547109916792148,85.37011430026104,0.07415882276750996,0.09461896040444716,0.08260712798361253,0.10500538133360436,0.1863606893519507,0.4358427450980392,95.92828319406493,0.08416874279843482,0.23805420587637344,66896.75342072341,0.07999863950128103,1.045297120937297,5.025528291282567,465.3149376210967,11.865306712962964,84.97156523523986,0.3375453823643008,61.563279516902966
45,345,50.8265,19.123,31,22.3215,0,117,114,12,138,16,0.99597,47.17347,0.0,0.0,5.71429,5.277,16.77033,0.0,0.0,125.0,28.43729,6e-05,0.42,1.553,-1.0,1.15928,0.08143919791634997,22178.682541637143,0.0852010260496455,85.12015209746222,0.0741564044637416,0.09460137771549568,0.08253138904056609,0.10531812189055187,0.18758731591783925,0.43916837254901925,95.88012192012242,0.08416279499748949,0.23815461906343605,66931.66745919021,0.07990027935585646,1.3991689664940699,5.005879532435966,464.9511871669329,11.298466435185185,85.3342164935212,0.3375453823642978,61.533149248288
46,346,49.8239,19.4297,30,22.4096,0,117,114,12,138,16,0.99874,46.20646,0.0,0.0,4.03571,5.25,16.41148,0.0,0.0,125.0,28.35242,3e-05,0.42,1.447,-1.0,1.196025,0.08205374395766876,21289.507661246236,0.08494734627901797,84.57465464355361,0.0741897983238279,0.09468382638723064,0.08243601043466951,0.10541760565364905,0.18791462735221867,0.43884486274509804,95.97105329343933,0.08416803759770332,0.23826348167350364,67013.93274397822,0.07978578560035518,1.3439962829246623,4.943888825159298,464.67387509656004,10.724633487654321,88.96571893130643,0.33532775632106054,61.72506826895254
47,347,48.2195,20.3814,29,23.5297,0,117,114,12,138,16,0.99922,44.68879,0.0,0.0,5.57143,5.37,16.67161,0.0,0.0,125.0,28.06349,2e-05,0.32,1.486,-1.0,1.206839,0.0822878669496855,19578.533520878857,0.08471192201111268,83.93830947854246,0.07423668886819057,0.09490792078215825,0.08249721661105384,0.10567836976624984,0.18796222796350456,0.43310470588235295,96.17343120595898,0.08411321609645322,0.23836705544662315,66653.51726302801,0.0797667652673247,0.9931861023334789,4.883835640748327,464.4389976729166,9.999373070987655,88.19129697216003,0.32542804831971633,62.02202238859954
48,348,46.236,20.3338,28,23.6363,0,117,113,12,138,15,1.00174,42.85497,0.0,0.0,6.03571,5.436,17.48397,0.0,0.0,125.0,27.69372,5e-05,0.32,1.485,0.29591,1.267412,0.08214651613638999,17389.741339000142,0.0844837406664588,83.1188628563265,0.07424545418366746,0.09552807998243396,0.08260337341114754,0.10602651427951688,0.18662071570860495,0.421198431372549,96.51597307597028,0.08410134563245425,0.23846949874492546,66261.22888412602,0.07984282815939613,0.8343433320920114,4.784516773797001,464.35003679180005,9.732156635802468,89.96705927840398,0.3232104222764891,62.00973190495998
49,349,44.3039,19.6782,27,23.5479,0,118,113,11,138,15,0.99818,41.01866,0.0,0.0,3.60714,5.538,17.44285,0.0,0.0,125.0,27.27964,5e-05,0.32,1.509,-1.0,1.277549,0.08202141720005485,15659.621578009266,0.08426528699393893,82.19800295785956,0.07439479229512933,0.09668957587463561,0.08262588299653353,0.10582903884600728,0.18519149598113283,0.40510823529411766,96.80575209259304,0.08401028389254904,0.23860643959426484,66063.10591407,0.07998352637787674,1.2607131074163231,4.73120295938583,464.32394785997474,9.337336033950617,89.87006172911799,0.3209927962332551,62.05602669421537
50,350,44.3259,19.5005,27,21.3743,0,118,113,11,138,14,0.99684,40.97127,0.0,0.0,5.67857,5.53,16.87852,0.0,0.0,125.0,27.18886,6e-05,0.31,1.489,-1.0,1.327659,0.08161628473944922,15791.428696470082,0.08404011427864368,82.08080503242148,0.07441652813249212,0.0978632216222594,0.08271089522707606,0.10575462192551964,0.18380973430192032,0.4001086274509804,96.81176508754675,0.08395709251955889,0.23871738866207587,66091.61087754552,0.07996255507746432,0.9810346020847562,4.672453164707902,464.3483985411818,9.422935956790123,86.75760948319076,0.3209927962332537,62.21136003659096
51,351,46.0166,19.0196,27,21.0235,0,118,113,11,138,14,1.00488,42.53149,0.0,0.0,4.28571,5.425,16.73217,0.0,0.0,125.0,27.37316,5e-05,0.32,1.389,-1.0,1.328908,0.08156470266616654,17632.728382615947,0.08382907066893208,82.37130626158348,0.07420273593114911,0.09780662731417661,0.08285224801347404,0.10573296954594265,0.18265371080721707,0.401716862745098,96.58722908447996,0.08390987795636289,0.23884373169821818,66551.96245183394,0.07999081032795767,1.1919290197307228,4.645759649667579,464.3514001158833,9.534722222222221,87.51427393535945,0.32099279623325555,62.001543586636764
52,352,48.3656,18.4334,29,23.8105,0,118,113,11,138,15,0.99875,44.67361,0.0,0.0,4.60714,5.336,16.31805,0.0,0.0,125.0,27.50869,6e-05,0.31,1.379,-1.0,1.299582,0.0815824413317277,20346.62579895311,0.08361589410084311,83.15214753468709,0.07408227614660169,0.0985208687012535,0.08295714499001705,0.10570415972918522,0.182218803036938,0.40998509803921557,96.21134876441339,0.08390204754566043,0.23896030576289762,66927.21251309753,0.08002771470805031,1.397116801806276,4.6464801389145265,464.3444633647223,9.343171296296296,88.03483050378475,0.32321042227648,61.70601550443673
53,353,49.804,18.5053,29,22.6808,0,118,113,12,138,15,0.99904,46.00333,0.0,0.0,5.21429,5.252,15.82037,0.0,0.0,127.0,27.57482,5e-05,0.32,1.476,-1.0,1.294399,0.08153118297405405,22100.15584742138,0.08339157039698915,83.45068523473114,0.0739143638006156,0.09890988108808438,0.08298464109298437,0.10537140609813893,0.1823038249182564,0.41619098039215696,95.95687537602025,0.08389813421983575,0.23901374286202626,67157.87925034307,0.07978354541258378,1.1636414182872161,4.796843720994252,464.37325873587287,9.426408179012345,86.5309586541826,0.3209927962332584,61.68910198447145
54,354,50.2764,16.7168,30,22.1651,0,118,113,12,138,15,0.99822,46.49246,0.0,0.0,3.96429,5.23,15.8855,0.0,0.0,128.0,27.75336,6e-05,0.31,1.516,-1.0,1.288887,0.08158400015085093,22344.779494354912,0.08321936594916436,83.88825533291082,0.07379667066789607,0.09917850455584953,0.08342120990539267,0.10529381315080251,0.18273803602686753,0.4191611764705882,95.90252974250748,0.08381493140615251,0.23906606743126774,67042.32324980693,0.07976572194652783,1.1515613933301925,4.8258685937247785,464.5240959859709,9.83179012345679,87.68597661119205,0.323210422276486,61.67866440761236
55,355,50.1764,18.3717,30,19.9997,0,118,113,12,138,15,1.00181,46.4202,0.0,0.0,4.57143,5.238,14.34612,0.0,0.0,128.0,27.90966,9e-05,0.32,1.405,-1.0,1.273035,0.08139970023579862,22028.476207159452,0.08303033148294592,84.73833060008934,0.07373427951068842,0.09911908389600543,0.08342350559981379,0.10551999561332885,0.18318479902591303,0.4176746470588235,95.94981057539009,0.08376137671344262,0.23917615211763404,66922.92583772789,0.0794049057050174,1.8575834920395968,4.713172360370419,464.7193180191678,9.964409722222221,87.4284909796852,0.32321042227648494,61.60930190851659
56,356,49.0481,18.5997,29,20.6307,0,118,113,12,138,15,0.99912,45.35874,0.0,0.0,4.60714,5.211,15.76884,0.0,0.0,128.0,27.9527,5e-05,0.32,1.366,0.30324,1.288998,0.0812468215153877,20602.103315510012,0.08282720871718001,84.74057067114401,0.07365415854274748,0.09917115874889997,0.08316498246571702,0.10504516579106259,0.18307955189927172,0.4198058823529412,96.18034466413974,0.08358061493813557,0.23923512979553702,66709.40073960347,0.07911689920260662,1.1256521611306542,4.772261363720825,464.8341875728522,9.470052083333334,89.82607340258133,0.32099279623325633,61.52586101013937
57,357,47.6614,19.7453,28,20.097,0,118,113,12,138,15,1.00013,44.08708,0.0,0.0,5.0,5.274,15.95979,0.0,0.0,128.0,27.91218,6e-05,0.32,1.419,-1.0,1.327291,0.08107350045316011,18747.175818763204,0.0826508801958505,85.57457989800372,0.0735190690029219,0.09913853594543308,0.08300602117895782,0.10492133074956404,0.1826634869655739,0.42089686274509797,96.4185488106564,0.08349643854822053,0.23928618098438356,66465.76057367188,0.0789784046228375,1.333155502713543,4.612397362157811,464.93548920346433,9.389998070987655,87.15452167178579,0.3209927962332549,61.796465461636764
58,358,47.6953,18.2973,29,21.6816,0,118,113,12,138,15,0.9996,44.10423,0.0,0.0,6.0,5.287,16.94918,0.0,0.0,125.0,28.42015,9e-05,0.31,1.626,-1.0,1.266463,0.08094764543472817,18461.66502987345,0.08246423023323637,85.96432310583943,0.07342458597830888,0.09894003714452976,0.0830591822223449,0.10482826912579664,0.1820298948942976,0.432844705882353,96.37771579148406,0.08337546785397547,0.2392889534579871,66436.37475320241,0.07881659806329981,1.0402961818466776,4.860229797754998,465.0660551672793,9.866849922839506,90.73416308202847,0.32099279623325533,61.96962879322193
59,359,48.0457,18.9988,29,20.6076,0,118,113,13,138,15,0.99865,44.45632,0.0,0.0,5.42857,5.375,15.69771,0.0,0.0,125.0,28.7444,6e-05,0.31,1.494,-1.0,1.306827,0.08068349799894368,18608.465935538577,0.08232115575322947,86.43749792739933,0.0733710144482075,0.0987637845260276,0.08303590669364126,0.10491778322430029,0.18203975092302502,0.43901333333333326,96.32552252710447,0.08326839414601127,0.23941265460902178,66551.0720653825,0.07916160702686308,0.8987388412304482,4.6852814537302585,465.1954738994168,10.035204475308642,86.68050635540784,0.32099279623325555,61.841970938223376
60,360,48.7986,19.0179,30,21.3656,0,118,113,13,138,15,1.00143,45.19168,0.0,0.0,4.07143,5.34,16.30075,0.0,0.0,125.0,28.79547,5e-05,0.31,1.438,-1.0,1.268501,0.08072123955626646,19355.51270968319,0.08219721943972601,86.86051785094308,0.07378917894900304,0.09893456882476262,0.08269156050375696,0.10487128394372727,0.18208022513049393,0.4418416274509802,96.15285333355375,0.08318858370666364,0.23940080279307252,66567.6350134466,0.07932908424467187,1.2923605859170926,4.806008963570689,465.261727159181,10.567804783950617,85.65324710157138,0.32321042227648494,61.830000700774015
61,361,49.393,18.9254,30,21.4196,0,118,113,13,138,15,0.99719,45.76277,0.0,0.0,4.32143,5.281,16.31584,0.0,0.0,125.0,28.82822,6e-05,0.32,1.524,-1.0,1.295823,0.08073722989410664,19992.466641803592,0.08210149545711443,87.13082169289008,0.07300892002428759,0.09920381236224095,0.08249386690946754,0.10510979759792234,0.18225656193409126,0.4462301960784314,96.07214634200714,0.08309449164114888,0.23945544722015338,66592.93373249315,0.07957852745536129,1.2712075314635614,4.773288022881368,465.2298035515546,11.132908950617283,86.38420394589978,0.3232104222764877,61.793721328546965
62,362,50.0266,19.1719,31,21.9624,0,118,113,14,138,15,0.99628,46.422,0.0,0.0,3.92857,5.269,16.24056,0.0,0.0,126.0,28.97705,2e-05,0.31,1.622,-1.0,1.302586,0.08089128735458263,20379.32921166985,0.0824014281625134,87.14727918616869,0.0727726790368536,0.09932967251360027,0.08218992639641207,0.10581521940328034,0.18211059796424067,0.4498801176470588,95.97580011321382,0.0830541622072968,0.23943727593567593,66626.89540556111,0.07887962476036148,1.2176662739052861,4.717913765055046,465.1020696001337,11.916329089506172,85.24982762077842,0.3254280483197191,61.63689337836371
63,363,50.9264,19.7379,32,23.5203,0,118,113,14,138,15,1.00541,47.29573,0.0,0.0,3.85714,5.325,16.45221,0.0,0.0,126.0,29.15268,3e-05,0.32,1.605,-1.0,1.278546,0.08103076111360918,21234.13756959661,0.08230209144127369,87.26698290225417,0.07352837375823884,0.09916598096206418,0.08196282040037954,0.10620698251778826,0.18178016548594658,0.4536078431372549,95.87886661709938,0.08304331840626782,0.23939032736728463,66749.27299340462,0.07894587619918735,1.0858010584632207,4.846476549086318,464.895087280053,12.49392361111111,88.87884422937793,0.3254280483197179,61.6229707694348
64,364,51.3275,19.8743,32,21.9093,0,118,113,14,138,15,1.00004,47.67898,0.0,0.0,2.89286,5.241,16.93682,0.0,0.0,126.0,29.19913,3e-05,0.32,1.501,0.28524,1.24604,0.08090373358457299,21887.956635955314,0.08199219307330946,87.68627978809626,0.07154694756442981,0.09898989977170163,0.0817319938354619,0.10637880997890269,0.1813520010502793,0.45448470588235,95.81507780340476,0.08306418556184803,0.2393937312512826,66848.85835390679,0.07927291223094042,1.2561162024646217,4.787607126980535,464.6566230514185,12.945939429012345,89.00745672550602,0.32705146325555123,61.644280892831304
65,365,51.5545,19.9002,32,22.7286,0,118,113,14,138,15,1.00183,47.91624,0.0,0.0,3.67857,5.258,17.05457,0.0,0.0,125.0,29.24232,2e-05,0.32,1.37,-1.0,1.17195,0.0810799812978676,22178.942555285703,0.08106530504906563,87.99911426806409,0.07108977312283406,0.09892246979920404,0.08169274126326845,0.10690307060040016,0.18062064767872024,0.45407019607843135,95.79732198363507,0.08306628787561303,0.23937476933805676,66924.63819285377,0.07984657937379733,1.4957644852456586,4.8638312660514185,464.3861880249738,13.26904899691358,88.6806638709481,0.33754538236429865,61.67543500735436
66,366,51.3947,20.0967,32,24.177,0,118,113,14,138,15,0.99809,47.81946,0.0,0.0,4.17857,5.252,17.07772,0.0,0.0,123.0,29.25757,4e-05,0.32,1.602,-1.0,1.19493,0.08086387877127907,21714.796671789474,0.08042238231528451,88.49642685871129,0.06996401914665144,0.09891285856515193,0.08159013344019841,0.10744260838193521,0.18023262895713563,0.45184747058823527,95.8383194357645,0.08309534922979833,0.23934779388456387,66864.27987382244,0.07983649261910862,1.6911548567127745,4.905944248159511,464.1022807318029,13.599922839506172,86.85426059533982,0.3375453823642978,61.52530434690876
67,367,51.3483,20.2388,32,21.7752,0,118,113,14,137,16,0.99878,47.78167,0.0,0.0,3.92857,5.25,17.25096,0.0,0.0,122.0,29.29865,3e-05,0.31,1.432,-1.0,1.204355,0.08090238843096265,21868.89035474484,0.08043871601038402,88.52801530832184,0.06990801122794882,0.09868276238064,0.0814789236525782,0.1077243501213672,0.1807567054933871,0.44880705882352945,95.8356258786325,0.08309276145218122,0.2393077648637825,66864.30519360282,0.08041191651200892,1.2831578109962263,4.810881311470442,463.83583254224055,13.923562885802468,86.98526857587939,0.33754538236429354,61.37822337209442
68,368,51.4175,20.2888,32,23.2588,0,117,113,14,137,16,0.99998,47.88019,0.0,0.0,4.5,5.22,17.37768,0.0,0.0,123.0,29.37111,3e-05,0.32,1.477,-1.0,1.221615,0.0805835704367648,22013.808539608897,0.08050368339804184,88.7468122424191,0.06999762138423948,0.09861670830904218,0.08132044194035909,0.10821439416191289,0.18164287243761681,0.4484701960784314,95.8272149863347,0.08306863892301632,0.2392578234239754,66949.30069542893,0.08115539804676501,1.2843092094581212,4.971452211870029,463.58627450607503,14.055603780864198,85.25084136214109,0.3375453823642925,61.33511880003376
69,369,51.535,20.2188,32,23.2959,0,117,113,15,137,16,0.99894,48.01162,0.0,0.0,4.5,5.24,17.41883,0.0,0.0,122.0,29.44317,2e-05,0.31,1.65,-1.0,1.212916,0.0805985677260879,22080.783612344694,0.08061537940087572,89.04966577408777,0.0699306272481411,0.09843668928289727,0.08127734865008804,0.10866447622336058,0.18312175743351256,0.44674352941176476,95.82352066989321,0.08302221686015195,0.23925157867168265,67090.15014680098,0.08145685780152746,1.7067281610654745,4.950080050117575,463.35952900294325,14.00366512345679,85.77463315504092,0.33311013027783803,61.21542527940538
70,370,52.1541,19.913,33,22.5072,0,117,114,15,137,16,0.99645,48.56651,0.0,0.0,3.64286,5.242,17.35665,0.0,0.0,122.0,29.44608,4e-05,0.32,1.488,-1.0,1.224314,0.08077232080535389,22913.524479764226,0.08081674152703627,88.98640845313255,0.07026027762999233,0.0986281614768146,0.08108562835248796,0.1092716430168133,0.1842416810995336,0.4468643137254902,95.7214231523597,0.08301374136182162,0.23927946104110095,67209.15012431475,0.08222667630333227,1.2071606994406834,4.9476825318223066,463.15765027164736,13.763213734567902,87.1006330732195,0.3375453823642987,61.1078419626495
71,371,52.0508,20.0105,33,23.9316,0,117,114,15,137,16,1.00048,48.48847,0.0,0.0,2.60714,5.264,17.10081,0.0,0.0,121.0,29.30619,5e-05,0.31,1.523,-1.0,1.221485,0.0814164420167663,22849.732646347205,0.08135669980943433,88.52348722870207,0.0693397750850386,0.09862307786798936,0.08097691387314743,0.10988941384816123,0.18454979557240295,0.4438847058823529,95.72453639995514,0.08304034682004771,0.2393223004071199,67151.76122721302,0.08231930010196871,1.2949444650739113,4.921090533702369,462.9793203463117,13.423804012345679,87.33643707507241,0.335327756321069,61.17712006745515
72,372,52.3375,19.9694,32,23.5921,0,117,113,14,137,16,0.99985,48.73942,0.0,0.0,4.07143,5.257,17.18719,0.0,0.0,120.0,29.16028,5e-05,0.31,1.482,0.3107,1.208005,0.08088839214904549,23383.96937233059,0.08274269741783148,88.29224352263643,0.0691320052121498,0.09887286468395538,0.08090439636136224,0.1103336363207551,0.1846194516968249,0.44163843137254905,95.68134289094785,0.08307254273821739,0.23931015553966145,67206.02077378264,0.08326706646890668,1.3503272820794605,4.90292241878237,462.79169706567967,13.019868827160494,89.11023639527829,0.33592196742846553,61.19393205054012
73,373,53.7315,18.4875,33,25.8342,0,117,113,14,137,16,1.00665,49.97896,0.0,0.0,6.17857,5.251,17.14984,0.0,0.0,123.0,29.185,5e-05,0.32,1.425,-1.0,1.207602,0.08116631480285015,24883.46953403297,0.0842599248243734,88.40284631320196,0.06895857233895726,0.09914561929160778,0.08108701463913137,0.1104535678469569,0.18486667424684525,0.43909725490196083,95.48507598091491,0.08303353074159989,0.2392765272698441,67211.97744021288,0.08340161248149443,1.1651863968510046,4.870424840826931,462.57037084218246,12.792293595679013,89.25009804752564,0.33532775632106393,61.283380579065394
74,374,53.3409,19.2364,33,21.6127,0,117,113,14,137,16,0.99884,49.62459,0.0,0.0,3.07143,5.366,15.88337,0.0,0.0,123.0,29.08372,9e-05,0.31,1.366,-1.0,1.190345,0.08108574834793734,24281.148952410007,0.08667451462044497,88.30598514032158,0.0693755174715566,0.09981777584719351,0.08083656420406465,0.11048735646483321,0.18598143753807495,0.4394509803921568,95.51093822486621,0.0829866317197098,0.23928391132668078,67187.67843409165,0.08341996880988509,0.9156025136869091,4.66684926478081,462.326890307037,12.604793595679013,88.50374517784869,0.3254280483197216,61.056129738136576
75,375,53.9802,19.2722,33,23.3548,0,117,113,14,137,16,1.00395,50.17687,0.0,0.0,3.78571,5.301,16.51996,0.0,0.0,124.0,29.03382,7e-05,0.31,1.487,-1.0,1.185561,0.08026113527785865,25837.92674232198,0.08781134104127407,88.47331097935604,0.06968251945596267,0.10023116909304366,0.08084689643901606,0.11028173935255879,0.18722463223412433,0.43694313725490197,95.44920612799308,0.082844682823726,0.23924273458837697,67583.03895767767,0.08370499752846364,1.0651056450316436,4.859079188427946,462.08421159316293,12.589313271604938,86.49173262376682,0.3292690892987805,61.0106675889757
76,376,54.444,20.1759,33,23.0771,0,117,113,14,137,16,1.00317,50.59288,0.0,0.0,3.64286,5.252,16.5506,0.0,0.0,124.0,28.99445,6e-05,0.31,1.464,-1.0,1.191973,0.08041030372979432,26905.085927031865,0.08918256454737111,88.85483454231752,0.06974516357190713,0.10050248343807654,0.08089634513925269,0.11002100742948669,0.1886254323601016,0.4325243137254902,95.35238100945251,0.08272136472290756,0.239279811074149,67673.47258410123,0.08412406218290441,1.13962147635667,4.6775256018725155,461.8334921066153,12.592737268518519,88.20224424828822,0.3292690892987809,60.70811518916377
77,377,54.3507,20.7997,33,22.9478,0,117,114,14,137,16,1.00229,50.50057,0.0,0.0,3.71429,5.277,17.32754,0.0,0.0,123.0,29.00809,8e-05,0.31,1.522,-1.0,1.177214,0.0811222119125415,26618.87854876328,0.08943991965550918,88.86133053383448,0.06946408747482463,0.10070046836251817,0.08101863314466037,0.11000813408437936,0.18965451808210862,0.4294694117647059,95.36214453739156,0.08275992625130126,0.23928155507930934,67724.8156206859,0.0844533960109578,1.1859689210885698,4.866817384937854,461.55628964446544,12.838638117283951,92.47287800202106,0.32926908929877613,60.3735383587119
78,378,54.2561,21.1265,33,24.0004,0,117,114,14,137,16,0.99852,50.4321,0.0,0.0,3.64286,5.278,17.86228,0.0,0.0,121.0,28.99788,6e-05,0.32,1.497,-1.0,1.151173,0.08222231553517173,26608.629778902505,0.08937635914455408,88.8760024316349,0.07022013738104933,0.10045347947423018,0.08206049268399575,0.10966657324566985,0.19044313924043305,0.4254788235294117,95.40032901047971,0.08287836572638008,0.23935239207469577,67721.09903483777,0.08469112590696733,1.1586673237785663,4.802364550829496,461.2546956201475,12.997878086419753,89.07208345603658,0.3292690892987811,60.22779827353395
79,379,53.8507,21.3158,33,23.6389,0,117,114,14,137,16,0.99213,50.08168,0.0,0.0,3.60714,5.301,18.1424,0.0,0.0,122.0,29.02295,5e-05,0.32,1.624,-1.0,1.178122,0.08073453582452811,25840.608853816793,0.0897693964439189,88.64335620395954,0.07194416595863588,0.10032356798293983,0.08423853805998607,0.10943384885462598,0.19122957433878157,0.42826994117647055,95.480361504462,0.08277514637784439,0.2396261229890182,67731.1862476464,0.08498646193934457,1.0343964362273825,4.81878487721762,460.9261981586029,13.065731095679013,88.3700881396502,0.3331101302778438,60.08749879436729
80,380,53.4616,21.7892,33,24.8618,0,117,114,14,137,15,0.99467,49.76151,0.0,0.0,4.67857,5.355,18.30425,0.0,0.0,123.0,29.04492,5e-05,0.32,1.657,0.30967,1.17947,0.07936657156875282,25061.017667000324,0.09030136302191455,88.35991922919877,0.0721858724168212,0.10051599929253482,0.08550171629043868,0.10935592751239041,0.19187936677988346,0.43214980392156865,95.59171749947635,0.0826762213285182,0.2398694869450543,67767.01326853158,0.08514916537237145,1.0068593282871847,4.8324126244977625,460.5462886998316,13.082802854938272,90.2763777594924,0.3353277563210731,60.00091081784096
81,381,53.2496,22.2209,33,25.737,0,117,114,14,137,15,0.992,49.57413,0.0,0.0,4.46429,5.281,18.7073,0.0,0.0,124.0,29.10916,5e-05,0.32,1.546,-1.0,1.134528,0.0792703352792947,24805.654370360284,0.09011253114039934,88.33683597522395,0.07305212518111086,0.10004567613487188,0.08580494026177941,0.10916228644962922,0.19260864305558925,0.4354745098039216,95.58778467666764,0.08244002291444599,0.2396294766842813,67770.18561553361,0.0854068474758349,0.7862426107408821,4.816378974918933,460.1462186939328,13.02758487654321,86.89910927074844,0.3353277563210737,59.867713080512154
82,382,52.703,22.2359,33,24.2564,0,117,114,14,137,15,0.99211,49.07723,0.0,0.0,3.57143,5.279,19.07947,0.0,0.0,123.0,29.07664,8e-05,0.42,1.513,-1.0,1.152843,0.08030594891876855,24011.759603894247,0.09026058715033801,88.09542521983371,0.07475750295962169,0.09982664601787325,0.08617673996894896,0.1089934084169823,0.1930859095136476,0.4328624901960779,95.65814688470725,0.08212739912574507,0.23964293015256954,67560.51497895723,0.08573090751161458,0.7344888600042501,4.936846859962771,459.6889204726859,12.936873070987655,89.05084426598043,0.33562486187477353,59.70779155213156
83,383,51.7338,21.2529,32,25.0483,0,117,114,13,137,15,0.99957,48.1588,0.0,0.0,3.5,5.238,19.09483,0.0,0.0,123.0,28.79314,2e-05,0.32,1.652,-1.0,1.144566,0.08103243110976614,22861.112465819795,0.09069837700169603,87.90855989168921,0.07510853889084435,0.0999124465990078,0.08611026694384263,0.10874729404834337,0.19349769122545585,0.42869913725490083,95.81612789425188,0.08185669363299937,0.239772646117423,67287.43835720627,0.08589874958596487,0.7557260895759317,4.878374026954282,459.22783378106976,12.724537037037036,86.20932741465239,0.3292690892987799,59.89002425582321
84,384,50.7784,20.6839,32,23.8064,0,118,114,13,137,14,1.00013,47.27284,0.0,0.0,3.17857,5.241,18.24446,0.0,0.0,122.0,28.29866,3e-05,0.32,1.574,-1.0,1.121787,0.08201138361984306,21473.389191659568,0.09082303001832966,86.62079151246743,0.07712710456765805,0.1001158560740072,0.08637332254411875,0.10832418130578784,0.19408724203549058,0.423041568627451,95.91191427471492,0.08176148183054818,0.24004133217397142,67013.9153898901,0.08635242052964016,0.99146537318454,4.8496463679888375,458.7757298532304,12.288532021604938,87.70560982784738,0.33532775632106365,59.828672620985245
85,385,50.5635,20.4883,31,24.1359,0,118,114,13,137,14,0.99801,47.04162,0.0,0.0,4.64286,5.2,17.75435,0.0,0.0,122.0,27.94058,3e-05,0.32,1.538,-1.0,1.153612,0.08154810906608176,21513.693424250545,0.0908145544388992,85.3018718006554,0.07712817331024967,0.10042089805384233,0.08656324224362376,0.1079989735600765,0.19473355567398964,0.41629176470588236,95.95160659056026,0.08160568909969901,0.2401643282729655,66893.33477932292,0.0863797482413134,1.3534506385703342,4.9027010210653,458.4035166267252,12.08497299382716,86.19878994765173,0.33532775632106643,59.897651201413005
86,386,50.9271,21.1622,32,22.9576,0,118,114,13,137,14,0.99606,47.37767,0.0,0.0,4.39286,5.118,17.58735,0.0,0.0,122.0,27.82689,2e-05,0.32,1.63,-1.0,1.179401,0.08189363588911204,21781.14877257701,0.09107863646063151,84.06048928466596,0.07748478119468173,0.10059153224126494,0.08684431001212391,0.10739347709083383,0.19527320885679514,0.4123905882352942,95.9104670372449,0.08160246636380158,0.24014649515742453,66969.29987531807,0.08627334254278128,1.2732217123641212,4.807502582715784,458.09744797661415,12.041039737654321,88.49287261398493,0.33532775632106465,60.06657258963879
87,387,51.436,21.3837,32,23.776,0,118,114,13,137,14,1.00358,47.89381,0.0,0.0,4.03571,5.204,18.1559,0.0,0.0,125.0,28.12075,3e-05,0.31,1.634,-1.0,1.145785,0.08177238789654998,22129.66863716832,0.09118592427354175,85.13231490994097,0.07723121664137315,0.1006809968695016,0.08718938527558041,0.10676952870278984,0.1955354721967328,0.425122568627451,95.86911921508207,0.08165608145731194,0.24018537281843197,67018.6696695182,0.08643339373077712,1.5012699103871467,4.830927172866202,457.7977822828039,12.748601466049383,86.01456315860977,0.33754538236430065,59.64598140010128
88,388,51.5477,21.7362,32,27.1418,0,118,114,13,137,14,1.00066,47.99526,0.0,0.0,3.46429,5.238,18.35664,0.0,0.0,128.0,28.5553,4e-05,0.42,1.606,0.31584,1.174211,0.08195057333129743,22073.95755264288,0.09167702950039328,85.81206974029325,0.0782151770476787,0.10069890735256756,0.0874085244812869,0.10649101030991273,0.19541844985310058,0.43486,95.82997485640163,0.08176715276352185,0.24040404552771205,66958.5445087776,0.08762366629236686,1.2729322820497277,4.862217846897576,457.50277414093415,13.385850694444445,87.12030775417938,0.3375453823643008,59.51148026077836
89,389,50.7401,22.6193,32,27.1304,0,118,114,13,137,14,0.9981,47.2888,0.0,0.0,4.35714,5.305,18.65528,0.0,0.0,128.0,28.85849,5e-05,0.42,1.45,-1.0,1.128424,0.08213915180142302,20725.217250711252,0.09160423909320521,86.89087357811124,0.0784787165444752,0.10077586463040138,0.0876124563434615,0.10587910049254397,0.19556546951164147,0.4370101960784314,95.93136974933458,0.08186776177438762,0.24055331791313375,66768.65787325051,0.08955518744552803,1.0097513156618592,4.870673250730402,457.2334776468927,13.875048225308642,86.46538688274802,0.33754538236430104,59.395384611906834
90,390,49.9692,23.4619,32,26.5017,0,118,114,13,137,14,0.99766,46.58515,0.0,0.0,3.60714,5.279,19.41301,0.0,0.0,128.0,28.85623,5e-05,0.43,1.689,-1.0,1.138112,0.0830473358685773,20052.641091503698,0.09136468295600204,86.37767161097253,0.07776494319271125,0.10090727595675986,0.08822971109716492,0.10536166653148943,0.19549390617174822,0.4354028627450981,96.09553564341178,0.08191274359369657,0.24048647356422223,66720.30893922562,0.09026022080769072,1.1989477838921785,5.018423858996904,457.00533049807905,14.302903163580247,87.8664147980277,0.33754538236430215,59.32626305097415
91,391,49.3569,23.7823,31,25.9681,0,118,114,13,137,14,0.99349,46.02357,0.0,0.0,3.82143,5.222,20.13592,0.0,0.0,128.0,28.69119,1e-05,0.42,1.589,-1.0,1.150709,0.08426939644971784,19364.337289423212,0.09080479466719481,86.18422384491386,0.07701847004459564,0.10104017723657059,0.0893199285536434,0.10465058580558999,0.19507824056240056,0.4336021372549014,96.1989009234411,0.0818813455738432,0.24050882971504645,66627.27582809313,0.08935712527949902,1.2155659569746176,5.038833091844691,456.79326346753123,14.757185570987655,85.99242410388563,0.3375453823643007,59.2001542456356
92,392,49.8449,24.1814,31,26.6848,0,119,114,13,137,14,0.99892,46.45201,0.0,0.0,4.32143,5.206,20.41479,0.0,0.0,128.0,28.86253,5e-05,0.42,1.604,-1.0,1.178136,0.08428062320044957,20077.11879835177,0.09101978989446537,86.5546555445778,0.07687631430304641,0.10117142000559386,0.08976941816102625,0.10414298706117281,0.19476040072698442,0.4400964705882352,96.18942908178688,0.08183409878420486,0.24024875059597997,66651.40685774399,0.08832057391377268,1.2175345887268334,5.112456435892552,456.57893463881703,15.226851851851851,84.98716554921276,0.3375453823642997,59.24317724910784
93,393,49.8008,22.8676,31,26.7463,0,119,114,13,137,14,1.00155,46.40168,0.0,0.0,4.10714,5.254,20.75668,0.0,0.0,128.0,28.98303,4e-05,0.31,1.478,-1.0,1.219087,0.084528604707341,19852.021060951956,0.09034588407737906,88.83832345828542,0.07688842092649328,0.1006193161682293,0.09013752190553659,0.1037562180873925,0.19466247835227177,0.4462705882352941,96.25025352113423,0.08187228000396753,0.23964690316752021,66585.38779895863,0.08803401189207279,1.1218586705684317,5.05873402449225,456.46425971953727,14.859712577160494,91.45013331883568,0.32542804831972205,59.77719775541329
94,394,48.5118,23.8489,30,26.1083,0,119,114,13,137,14,0.9988,45.16203,0.0,0.0,4.82143,5.194,19.63354,0.0,0.0,128.0,28.5253,5e-05,0.31,1.508,-1.0,1.233026,0.08465555702864458,18964.689746445943,0.08979548708641424,87.52763376497275,0.07688106934840565,0.0996052837976356,0.09039067944658559,0.10353318943052323,0.19467559849043903,0.4335643137254902,96.42152591797134,0.08196343631060836,0.2390307156707228,66577.51238406854,0.08831290825692815,0.9500643913915301,5.10434594356359,456.3036983557977,14.584683641975309,88.72920522590401,0.3254280483197171,59.636730052806705
95,395,46.8451,23.448,29,26.7127,0,118,114,13,137,13,0.99549,43.55449,0.0,0.0,4.17857,5.289,20.47386,0.0,0.0,128.0,28.14527,4e-05,0.31,1.484,-1.0,1.248644,0.08460326576568987,17430.676938041466,0.0876421425968368,86.78312525898424,0.07682216736068241,0.09790058586779295,0.09046327685437403,0.10354982387362412,0.1942672442581607,0.41810745098039215,96.64089551284853,0.0819230078252673,0.23840996579060844,66444.03008135504,0.08818719490922562,1.3254137705361855,5.0344265558139565,456.1580718442459,13.87061149691358,87.06734886524382,0.3232104222764877,59.90353412392698
96,396,44.8302,22.7163,28,26.0969,0,118,113,12,137,13,0.99304,41.65019,0.0,0.0,4.32143,5.325,20.1302,0.0,0.0,129.0,27.90574,3e-05,0.32,1.576,0.30041,1.262841,0.08500599314921471,15263.884904922526,0.08688414824650816,86.4201413595559,0.07685791203080972,0.09674762197862428,0.09076246691533298,0.10363832639587267,0.19323201198284032,0.40846196078431374,96.92577439542356,0.08185014848412968,0.23790763384789226,66056.73704247519,0.08835009450587773,1.0930257949817852,5.025044866131625,456.0690141992113,13.112268518518519,85.13160034812134,0.32099279623325566,60.261245350778836
97,397,43.2464,21.6584,27,24.9053,0,118,113,12,137,13,0.99656,40.11,0.0,0.0,4.64286,5.391,19.49435,0.0,0.0,129.0,27.72773,4e-05,0.31,1.483,-1.0,1.302645,0.08530301638016637,13934.314721808276,0.08584851426386268,86.10574044456052,0.07694380254378602,0.09596533724359153,0.09104322999677802,0.1037728931193899,0.19180040100987372,0.40584705882352945,97.1501810206557,0.08177970942349091,0.2374501899468361,65738.46696621295,0.08870153181979865,1.290200366332606,4.8303148168027175,456.0000992617859,12.363618827160494,84.82506222185793,0.32099279623325266,60.717122772593555
98,398,42.9809,21.6133,27,23.3862,0,118,113,12,137,13,0.99793,39.83095,0.0,0.0,3.60714,5.466,18.57977,0.0,0.0,129.0,27.59664,2e-05,0.32,1.679,-1.0,1.298633,0.08535437097528438,13691.030500985891,0.08539741356335667,85.72571621362212,0.07703025072519676,0.09474061987524757,0.09150748487073125,0.10381915810086305,0.19069259903512237,0.4039827450980391,97.12265568397953,0.0817227317178876,0.23691907383865346,65627.11008843225,0.08862911299178974,1.315444371567639,4.667893357293172,455.91346942249356,11.541666666666666,88.15101782170291,0.3149341292109582,60.86020990065586
99,399,44.6689,,28,23.9945,0,118,113,12,137,13,1.00195,41.40716,0.0,0.0,4.96429,5.327,18.54495,0.0,0.0,129.0,27.7509,3e-05,0.32,1.542,-1.0,1.298826,0.08524829150643093,14862.016513298524,0.08445004334100158,85.22382129476456,0.07730528765818555,0.09398205800224295,0.09179470564841405,0.10378959858615673,0.18988230571125542,0.40685294117647064,96.81038838407488,0.08168853755802472,0.2361775193271275,65777.40457081115,0.08906786479411545,1.383795266591794,4.621022977968355,455.78320422462616,11.12282986111111,89.56403285909086,0.31877517019001983,60.80340764551987
