,frame_number,SITI.SI,SITI.TI,VCA. E,VCA. h,VCA. epsilon,VCA. L,VCA. avgU,VCA. energyU,VCA. avgV,VCA. energyV,AGH.Blockiness,AGH.Spatial Activity,AGH.Letterbox,AGH.Pillarbox,AGH.Blockloss,AGH.Blur,AGH.TemporalAct,AGH.Blackout,AGH.Freezing,AGH.Exposure(bri),AGH.Contrast,AGH.Interlace,AGH.Noise,AGH.Slice,AGH.Flickering,cambi,noise,movement,tone,cubrow.0.5,contrast,cubcol.1.0,temporal,fft,cubcol.0.6,cubrow.0,cubrow.1.0,saturation,uhdhdsim,cubrow.0.3,color_fulness,cubcol.0.5,staticness,cubcol.0.3,cubcol.0,blur,cubrow.0.6,blockiness
0,100,23.7923,18.6691,11,0.0,0,120,116,3,138,7,0.99436,22.31851,0.0,0.0,16.78571,10.886,0.0,0.0,0.0,118.0,29.53556,0.0,0.29,5.071,0.0,5.699572,0.16049639811662642,0.0,0.43888352941176484,0.08437839487896907,88.31261280321252,0.044911049707250135,0.0,60945.879765004436,0.044337195379628117,0.017969382741437383,0.09377306801602298,51.41022274817949,102.91264487766847,0.08784490616679118,76.24016966921023,0.07670215343164828,598.9355027900561,0.14711204107201864,0.048379877641798026,2795.169259619103,0.10887912214197283,0.8205369631566461
1,101,23.132,18.3348,11,18.8218,0,121,116,3,138,7,0.99887,21.66604,0.0,0.0,14.10714,11.494,16.02797,0.0,0.0,107.0,29.02396,0.0,0.29,6.212,-1.0,5.694216,0.16049639811662622,10.693479938271604,0.4342870588235296,0.057475712610322624,85.44318956970814,0.04626562381037277,4.940677517824225,60914.6324270831,0.044073522559705924,0.013549418849036718,0.07214725087267598,51.22894117567274,103.0261028592536,0.06614586256488268,75.8855818334287,0.07159608104387204,584.8087845226238,0.13190831832815547,0.04564060233651376,2637.7743595143174,0.0766163104737881,0.9409996847269761
2,102,23.1186,18.3097,11,18.3072,0,121,116,3,138,7,0.99663,21.58661,0.0,0.0,15.78571,11.714,15.73891,0.0,0.0,105.0,28.80284,0.0,0.28,5.452,-1.0,5.638017,0.16049639811662483,9.756992669753087,0.432910980392157,0.05078153670866568,85.01292140918582,0.04730278183560271,4.948416966259515,60859.421318209665,0.043035334851017494,0.012331070283410921,0.0629136831668394,51.003349398389275,103.01553087971934,0.06311987489181803,76.07055387865776,0.06819338808677614,572.5755065533409,0.12473894940118228,0.03746586202648321,2806.6129106604703,0.06349739016547545,0.712320323549026
3,103,24.4292,18.0417,11,16.5254,0,121,116,3,137,6,0.99709,22.68062,0.0,0.0,12.32143,10.764,15.72042,0.0,0.0,102.0,28.79988,0.0,0.28,5.228,-1.0,5.613798,0.16049639811662456,8.651427469135802,0.4330572549019607,0.04843650283001109,86.8375816256285,0.04624402677647001,4.934651614327394,60940.33284399071,0.04218651608637732,0.0118653719187174,0.056510790857221,50.86829611695843,102.7951467766301,0.062458402399633725,76.62287763116645,0.06718793715950871,561.3281302221133,0.11905830492660648,0.03478119950159939,3608.0729967554485,0.06382036887414244,1.0706827228597844
4,104,25.1493,17.8572,11,15.5873,0,121,116,3,137,6,0.99079,23.29337,0.0,0.0,13.39286,10.649,15.49494,0.0,0.0,100.0,28.79538,0.0,0.28,6.11,-1.0,5.578756,0.16049639811662572,7.723861882716049,0.4328200000000001,0.04834562086258255,86.52848339190179,0.04581754525256473,4.928977528513865,61057.02056258605,0.042419671714026566,0.011305137278261627,0.052248404272886614,50.658632066514755,102.68931915433384,0.06070735701439073,77.20021389508045,0.06445791692776179,550.5556975572592,0.12280833828537074,0.032158004000765114,3982.3542595306903,0.0620029217207376,0.9588616436152734
5,105,25.3413,17.7074,11,15.0298,0,121,116,3,137,6,1.0066,23.50571,0.0,0.0,12.32143,10.73,15.34619,0.0,0.0,99.0,28.6276,2e-05,0.28,5.089,-1.0,5.587468,0.1604963981166251,6.456066743827161,0.4308705882352942,0.04998333897632437,87.12403751173235,0.04613383489814819,4.91063766741843,61140.73273441585,0.042948035821654615,0.01093002173321738,0.05054389713646337,50.55392682110822,102.64841678988033,0.059773867183594724,76.55586574304891,0.06383886009522939,540.2524408346005,0.12157279329103222,0.03359323264784683,4084.1518243589016,0.06360408419181492,0.8447540714369547
6,106,25.4459,18.447,11,15.7477,0,121,116,3,137,6,1.01168,23.60799,0.0,0.0,14.17857,10.653,15.22346,0.0,0.0,101.0,28.43323,0.0,0.28,5.464,-1.0,5.51405,0.16049639811662586,5.928192515432099,0.42908592156862757,0.0484371993984048,85.53914043977053,0.045703558169696276,4.864120480531451,61154.73832491978,0.04650854603829703,0.010723950452905407,0.04879974937189296,50.38969779308932,102.66148407172061,0.05922471462429342,76.15363489417103,0.06471273355643595,530.0397005289965,0.12188756922308813,0.0339424711166743,4004.1031490240034,0.061313436959847506,1.1574692027734488
7,107,25.6092,19.2925,11,16.2334,0,121,116,3,137,6,0.99984,23.78059,0.0,0.0,15.75,10.566,15.85279,0.0,0.0,101.0,28.33638,0.0,0.28,7.668,-1.0,5.54673,0.16049639811662622,6.052083333333333,0.42965137254901975,0.046266543998627195,88.08891820147356,0.04482040121413606,4.871590985176388,61093.422062201535,0.04704010408941178,0.010584680834187067,0.04856069415846082,50.02746977629485,102.64133318841894,0.05966957041635649,75.61549465976942,0.07143491980999347,520.0867671133042,0.12002182336357294,0.033721162062428596,3871.604009096363,0.05939518629113779,1.0617743859291737
8,108,25.6039,19.8812,11,16.5945,0,121,116,4,137,6,1.0137,23.84539,0.0,0.0,13.03571,11.073,16.57658,0.0,0.0,104.0,28.62682,1e-05,0.28,6.83,0.48174,5.492036,0.16049639811662703,6.236159336419753,0.43392117647058825,0.045440181461552716,85.3887654633836,0.043215198621649076,4.89724375533595,61181.566860809384,0.0491455184206287,0.010402769118398743,0.04797335281697409,49.88726429880401,102.651068178903,0.060017761550498004,76.61977318177946,0.07762161687481686,510.0236665575471,0.11639738910843857,0.036538022964143754,3686.78307988469,0.05782514236052954,0.9413096683776501
9,109,26.3235,20.3213,12,18.2985,0,120,116,4,137,6,0.98918,24.54046,0.0,0.0,14.5,10.771,17.08947,0.0,0.0,104.0,29.18687,0.0,0.28,5.039,-1.0,5.583143,0.1604963981166271,6.720968364197531,0.4406179019607842,0.0456524556974182,89.29002507186541,0.042413398835149003,5.003840988672372,61170.11420340878,0.05345823454236469,0.010305025417714334,0.0485507139754769,49.71452143162857,102.51148986225319,0.06095395926403982,78.21427742057858,0.08258325105129745,499.60481715854155,0.11295234590019369,0.037640681749581385,3844.199062017747,0.056030613956428915,1.145475617173963
10,110,26.8783,20.161,12,19.4965,0,120,117,4,137,7,0.99242,25.11212,0.0,0.0,12.96429,10.436,17.46096,0.0,0.0,111.0,29.67417,0.0,0.28,5.581,-1.0,5.496413,0.1604963981166274,9.381992669753087,0.44458470588235294,0.04575188142881043,90.19015616514298,0.04167730389220859,5.048222337799925,61199.251398579654,0.05635960949456624,0.01028591075307535,0.04939102212137642,49.46503759313512,102.40159549715293,0.06291023713246134,80.08867141371373,0.08427169966894728,489.6122636710449,0.10998615913426636,0.0390042974204978,4009.1288336519156,0.05491667174080187,0.9499310953888005
11,111,26.9255,19.8336,12,17.9348,0,120,117,4,137,6,1.00661,25.21659,0.0,0.0,12.03571,10.262,17.32795,0.0,0.0,113.0,30.01524,1e-05,0.28,4.989,-1.0,5.326267,0.16049639811662827,9.687114197530864,0.44773960784313727,0.04614656610453647,86.1633778586909,0.04113737909642658,5.087698695450557,61215.02407156488,0.057272579374493114,0.010380778730853649,0.05013357020212441,49.37258440182533,102.37035317190218,0.06501058211596629,81.70095047614463,0.08469809767225457,480.3646884518089,0.10720987759170665,0.039474805109580215,4004.9368717399716,0.05330156922203426,0.9097827978288371
12,112,26.7035,19.5877,12,20.0955,0,120,117,4,136,6,1.0008,25.08357,0.0,0.0,9.92857,9.987,17.04021,0.0,0.0,113.0,29.97525,0.0,0.28,5.519,-1.0,5.182399,0.1627140241598615,8.820264274691358,0.4462513725490196,0.046334222528416964,88.43981063847367,0.04037256946298434,5.143447365077736,61248.26632569366,0.058248408043839094,0.010506471197599806,0.05078953818972725,49.36591065960166,102.35577402039542,0.06753304657932223,82.71600443177014,0.0843504940810695,471.7384820390905,0.10467746616374804,0.0419199578417845,3942.426070768498,0.052870664269398966,0.7352851424981788
13,113,26.6588,19.4671,12,18.3619,0,120,117,4,137,6,0.99921,25.01544,0.0,0.0,14.92857,9.748,16.83215,0.0,0.0,112.0,29.65303,0.0,0.28,4.92,-1.0,5.213062,0.16049639811663619,8.695216049382717,0.440663137254902,0.046810412038625904,88.27969538944909,0.03961369220125999,5.158700362398688,61122.09449862591,0.05840587314293602,0.010667428004784952,0.053485808468722786,49.135213216145836,102.3737265088754,0.07007015350700699,82.75012699047014,0.08387704460821523,463.789846462699,0.10277067899746398,0.03987499191359846,3962.1919380488544,0.05254528103475848,0.6444362975911594
14,114,26.8574,20.0332,12,17.9961,0,120,117,4,136,6,0.99968,25.21122,0.0,0.0,14.14286,9.893,16.72061,0.0,0.0,115.0,29.79512,1e-05,0.28,5.173,-1.0,5.169304,0.17483135820444637,8.123697916666666,0.4392933333333333,0.04593490787573148,85.75375319914903,0.039181999944857805,5.222141849509565,61096.99686739904,0.05872357579835789,0.01096834392120781,0.052974637476758596,48.886912404755016,102.37127893579007,0.0731811534535879,82.56121956867999,0.08372404551292631,456.2689138891785,0.101019847218628,0.039199602261401234,3958.0446217990298,0.052769168798312095,1.1024557088089912
15,115,26.43,20.4558,13,19.2974,0,121,117,4,136,6,1.00934,24.91415,0.0,0.0,14.0,10.079,17.20978,0.0,0.0,115.0,29.73736,1e-05,0.29,8.178,-1.0,4.921796,0.18532527731319925,9.73900462962963,0.43638627450980394,0.04507922121386203,84.03461390424161,0.03848078087259705,5.331156631668085,61300.403674100424,0.05874536107790704,0.011447674469287211,0.051862803541147987,48.655876253858025,102.35669637267904,0.07619220937761405,81.79403919614876,0.08414034009505823,448.60336508470596,0.09860388525267995,0.03841142395288349,3756.867952621311,0.05222940799397116,0.7347449629751576
16,116,25.8307,20.4678,12,19.4992,0,121,117,4,136,6,0.99537,24.4299,0.0,0.0,15.82143,9.964,17.57729,0.0,0.0,114.0,28.99394,1e-05,0.29,8.603,0.51736,4.969443,0.18532527731319956,10.30078125,0.4289650980392157,0.04459993635335044,89.13317454793687,0.03826492688275428,5.399747972227986,61301.39740172626,0.05878559911366535,0.011883276200447363,0.05150892685718127,48.38812783323688,102.50271085241624,0.07858901769898773,81.2435022160345,0.0856131974566228,440.5942526510128,0.09641423853585529,0.03788563367771011,3602.423630508341,0.05162419790313394,0.7763016203629484
17,117,25.7487,20.7022,12,18.6424,0,121,117,4,136,6,0.97878,24.36066,0.0,0.0,16.03571,10.028,17.58148,0.0,0.0,113.0,28.54182,0.0,0.29,8.132,-1.0,4.990743,0.18532527731320014,9.973717206790123,0.4234309803921568,0.04452346407940035,88.68954464383593,0.03798778388301709,5.366583664577443,61223.60085320217,0.058566577235523054,0.012277352375115293,0.051557700957902124,48.308778550889755,102.56215246615656,0.08096724487051964,81.1712773274773,0.08758417838768369,432.52864054910276,0.09542935742097361,0.03693041288838958,3562.228580172551,0.05159843643220469,1.2430157374336013
18,118,26.3772,20.9504,13,19.4539,0,121,117,4,136,5,0.98251,24.99814,0.0,0.0,22.39286,9.66,17.77699,0.0,0.0,114.0,28.96627,0.0,0.29,8.525,-1.0,4.840726,0.1853252773132008,10.117717978395062,0.42567098039215684,0.045998592957289905,88.89932586343639,0.037518638048450854,5.333049806193404,61248.716421041325,0.05850847705053796,0.012851479921707744,0.05063758921175822,48.27228084611304,102.47154161485636,0.08340555404957771,80.70881731236985,0.08925614333992919,424.88728959856354,0.09395809648926977,0.036207609539563965,3784.492201170745,0.052111583647448105,1.7013090579132102
19,119,25.7117,20.3551,13,19.7803,0,121,117,4,136,5,1.00841,24.42715,0.0,0.0,21.46429,9.734,17.99103,0.0,0.0,112.0,29.14691,2e-05,0.29,7.121,-1.0,4.759865,0.18532527731320325,9.690007716049383,0.42729843137254897,0.047576834464842066,86.88499955472741,0.037360035722606044,5.320086222889764,61349.05576142174,0.05843668147907154,0.01378784036079212,0.04991596710668254,48.29359040436921,102.57599236229454,0.08632133190817544,80.56881651026522,0.09089228091391503,418.4687542357979,0.09259084205996738,0.03593644709965372,3476.376022004968,0.05175255225658897,1.229248142889323
20,120,25.3375,19.613,12,19.2496,0,121,117,4,136,5,1.01335,24.11837,0.0,0.0,23.5,9.703,17.48437,0.0,0.0,113.0,29.14789,0.0,0.29,5.961,-1.0,4.898932,0.18754290335642987,10.403838734567902,0.42590588235294113,0.04882152082211867,85.7744990499653,0.03743994832776862,5.253419193876941,61505.993855597066,0.058346060120133846,0.014198358274985638,0.04860012561555623,48.31163608880691,102.63319861111316,0.08871581024957692,79.50435320113486,0.09233582140883526,413.43827597615746,0.09119315561744576,0.03616340500699801,3266.1270061156256,0.05171489625642172,0.9753308964676977
21,121,25.1732,19.0332,12,17.3073,0,121,117,4,136,5,1.00576,23.89427,0.0,0.0,23.67857,9.249,16.86975,0.0,0.0,114.0,28.57997,0.0,0.29,6.42,-1.0,5.099138,0.18532527731320023,9.080198688271604,0.4196854901960785,0.04989975779766113,86.21342806860837,0.03731022372998026,5.137935753700739,61727.541417846725,0.058310278896967015,0.01463312373702588,0.04770946727320193,48.41343801992911,102.72518346150805,0.09125090471508092,78.32259079497432,0.09361097815788742,409.85988461041194,0.09016097604140075,0.038673076467614,3225.054883602857,0.05201737989691426,1.6246882252085317
22,122,24.9634,18.5968,12,16.2628,0,121,117,4,137,5,1.00132,23.67323,0.0,0.0,25.25,9.213,16.35614,0.0,0.0,113.0,28.61726,0.0,0.28,6.027,-1.0,5.033099,0.1853252773131999,8.409866898148149,0.42223803921568626,0.04968202760670345,87.46457000237837,0.036896952016558245,5.0322892109786475,61553.375876220794,0.058416571871103856,0.01539187653995821,0.04676494014392952,48.92425028483073,102.73995377290971,0.0932266083724608,77.52357214306984,0.09437350085847439,407.45522930238525,0.08897464750107927,0.03863121335321969,3185.39677130181,0.052332443674402915,2.2900557144850713
23,123,24.6128,18.2078,12,15.9265,0,121,117,4,137,5,0.99308,23.32708,0.0,0.0,29.07143,9.451,15.98344,0.0,0.0,112.0,28.60716,0.0,0.29,4.952,-1.0,5.105625,0.18532527731319917,7.762731481481482,0.4284537254901961,0.04962010226453302,89.9140648595988,0.03677847194483526,4.970927195956505,61567.814293145886,0.058517009620170125,0.016063456518779648,0.045858637825217645,49.61163612648293,102.7620628239864,0.09432003843476804,76.12384647151455,0.09484988291746076,405.83089722223696,0.08779802639755314,0.0389137345372669,3092.6804729889695,0.05238737591002138,1.3027643447469792
24,124,24.6851,17.4086,12,15.6608,0,121,117,4,137,5,0.98188,23.35316,0.0,0.0,27.14286,9.44,15.63741,0.0,0.0,113.0,28.57831,0.0,0.29,4.744,0.59581,5.141189,0.1853252773131974,7.869020061728395,0.4303490196078432,0.04951346076720561,88.06007018206991,0.036780889345340725,4.839684059447216,61479.98046231083,0.05872466242602777,0.0165609055386033,0.045018670349435505,49.98240510917004,102.77234918542815,0.09515312776097219,75.97846100049496,0.09539693402840407,404.47426145649445,0.08676465201921484,0.03938717284248884,3131.8701165937928,0.05287282394038692,1.3191880086041714
25,125,24.9694,17.2584,12,13.2963,0,121,117,4,137,5,0.98462,23.56754,0.0,0.0,25.5,9.689,14.95856,0.0,0.0,113.0,28.4445,0.0,0.29,7.225,-1.0,5.207239,0.1792666102909005,7.71532600308642,0.4287443137254902,0.04961743082840704,85.10133313974524,0.036693833727577035,4.656632472484413,61513.88532617711,0.05902212141874933,0.016941393647969247,0.04438617623588513,49.81439020604263,102.76972803588494,0.09576842098389703,75.28098624352457,0.09584404981299513,403.0989916061302,0.08577964642959433,0.04054074732271262,3185.7693743986597,0.05332692242411334,1.2377007368989912
26,126,25.062,16.8627,12,13.1415,0,122,116,4,137,5,0.98795,23.63036,0.0,0.0,25.64286,9.714,14.84266,0.0,0.0,114.0,28.06396,0.0,0.29,9.191,-1.0,5.200129,0.1726137321612168,6.651379243827161,0.42692790196078434,0.04988564248163925,88.82855714655798,0.03650785856630827,4.474157567352764,61584.42185615471,0.05930283417854247,0.017289234005628006,0.04376477941165812,49.26451638304157,102.80532547795912,0.09634639565055224,74.00859035719171,0.09699702587827945,401.4379192317979,0.0848211921411558,0.042206767175064386,3197.888976174553,0.053964912252123624,1.5472411086208944
27,127,25.1243,16.0611,11,12.5129,0,122,116,3,136,5,0.99591,23.63442,0.0,0.0,26.57143,9.641,14.49855,0.0,0.0,113.0,27.75164,0.0,0.29,7.74,-1.0,5.299896,0.16271402415986144,5.902729552469136,0.42613843137254903,0.050149186375618854,87.13729310702149,0.036228080860295005,4.348063073188558,61468.92114113709,0.05963693510240802,0.017665795797229808,0.043224839030961394,48.78237688982928,102.85828882043663,0.09698368816502194,72.63393018246444,0.09755996402467251,399.6308008818128,0.08382112120795206,0.04378796538717783,3206.1256155784713,0.05479802915104396,1.8899429716140925
28,128,25.0807,15.4671,11,11.347,0,122,116,3,136,5,1.00867,23.59277,0.0,0.0,20.25,9.445,13.79115,0.0,0.0,113.0,27.78234,0.0,0.29,8.342,-1.0,5.176546,0.162714024159861,5.83227237654321,0.4252674509803922,0.05011209694540681,88.01637508737193,0.035813310030428196,4.334302516558016,61326.75848224756,0.06005195336609302,0.018099493145010893,0.04268854582318236,48.55216000403887,102.89004879383008,0.0976911590684443,71.54565163953883,0.09820552031593296,397.6321398255835,0.08283952290855057,0.04457182627349089,3168.454627042654,0.05559909940782982,1.4457470095221499
29,129,24.9768,15.2769,11,11.2099,0,122,116,3,136,4,1.01409,23.48603,0.0,0.0,25.60714,9.584,13.28046,0.0,0.0,112.0,27.51691,0.0,0.29,9.017,-1.0,5.029171,0.1627140241598609,5.50390625,0.42333921568627453,0.05038770523937318,89.17577252710167,0.0353509288969414,4.368366554023213,61365.056503980246,0.0605362256042474,0.018554121159481362,0.04224979162596686,48.171346028645836,102.8963640380064,0.09861535497779152,70.42614810780687,0.09823295837474774,395.46890283403815,0.08192095080487104,0.04536752023524865,3141.485385276396,0.056217698244313524,0.8611242609332548
30,130,24.7297,14.5688,11,11.1573,0,122,116,3,136,4,1.00866,23.23169,0.0,0.0,29.10714,9.683,13.12107,0.0,0.0,113.0,27.28265,0.0,0.29,12.528,-1.0,5.098464,0.16271402415985944,5.046103395061729,0.41995778431372544,0.050613313964460116,88.33800969483617,0.03497931142577837,4.279699450375607,61007.88349078442,0.0610310459630098,0.0188754916024903,0.04167861801796476,48.015697149582856,102.94651643046278,0.0993043843198843,69.47927741015323,0.09828005679591015,393.29489833780787,0.08114597749479441,0.044518091036506675,3073.3391278270724,0.0566942443554975,1.1573492587378167
31,131,24.8906,14.6989,11,10.3953,0,122,116,3,136,4,1.01804,23.34122,0.0,0.0,27.10714,9.546,12.52282,0.0,0.0,112.0,27.19512,0.0,0.29,11.671,-1.0,5.087356,0.16271402415985706,5.043595679012346,0.41840117647058817,0.050821799585715956,88.48850853611586,0.03534130310558116,4.11372918544889,61297.28195304457,0.06147439539860956,0.01918964935086924,0.04147473643976906,48.197418212890625,102.91817690107642,0.09946985760965803,68.80279825073774,0.09839056140086014,391.1096024997195,0.08051389338301554,0.043885332068325254,3180.930823901713,0.05741072843713281,1.0009972479462073
32,132,25.3643,15.3425,11,10.3647,0,122,116,3,136,4,1.01408,23.75492,0.0,0.0,25.0,9.403,12.64178,0.0,0.0,113.0,27.67174,0.0,0.29,12.09,0.61973,5.045161,0.1665550651389214,5.820023148148148,0.4224682352941177,0.051230764587578435,87.43503721793175,0.03550134712513005,4.07160129212664,61478.49108524812,0.06186978429796614,0.01944890875109103,0.042049335925262644,48.3546189673153,102.79930375288001,0.09990965902383561,69.5468142662339,0.0986882528542471,389.039912833537,0.08017008006556003,0.043441196247236004,3410.286505614139,0.05828393484264459,0.8643911504844878
33,133,25.6526,16.1848,11,11.279,0,122,116,3,136,4,1.01346,24.04365,0.0,0.0,22.64286,9.185,13.1855,0.0,0.0,113.0,28.23671,2e-05,0.29,7.373,-1.0,4.715311,0.18310765126996673,7.590277777777778,0.4261596078431372,0.051227486976372014,87.05564290532328,0.03560737659476603,4.178523369429482,61594.928647453846,0.062315788392211795,0.019745201493866063,0.04165264779703482,48.61137974115066,102.72551635867387,0.10040117169794693,70.32268389018982,0.09937601048188328,387.0966427727479,0.08012981657368885,0.042952344581843965,3530.869623853966,0.05859840447018538,0.9546946405626171
34,134,25.7611,16.5719,12,12.4053,0,121,117,4,136,5,1.02382,24.1741,0.0,0.0,23.07143,9.394,13.9205,0.0,0.0,113.0,28.99644,2e-05,0.29,7.684,-1.0,4.471022,0.1853252773131985,9.632040895061728,0.4332462745098039,0.05182312263763914,84.06099525064128,0.03576367597000906,4.372265753465821,61572.86792966901,0.06275767977850122,0.0199904747887878,0.0411528842663494,49.04937122486256,102.64988309223958,0.10112656370044974,71.36321076535712,0.09946610512358041,385.33006664569143,0.08036065291936997,0.04262287834861142,3564.1131786789133,0.05909510706651887,1.053742726526707
35,135,26.0956,17.3147,12,11.7597,0,120,117,4,136,5,1.01231,24.48874,0.0,0.0,22.35714,9.298,14.26439,0.0,0.0,113.0,29.79872,5e-05,0.29,4.59,-1.0,4.287789,0.1853252773132,11.471016589506172,0.44614980392156867,0.05164025150943234,90.2585083863065,0.03696792035242366,4.493966505627707,61758.387695971935,0.06356564197583633,0.020270358203583878,0.04068335550988543,49.25893844792873,102.57243402532936,0.10156036912494162,72.60081623429338,0.09982971207461609,383.79022280317633,0.0808448197584051,0.04230795874706222,3671.295986870357,0.059693788578720736,1.4021913078642159
36,136,26.5784,18.2391,12,13.8084,0,120,117,4,137,5,1.00612,24.93732,0.0,0.0,21.14286,9.331,14.87434,0.0,0.0,114.0,30.09916,5e-05,0.29,3.37,-1.0,4.087329,0.18532527731320078,13.298418209876543,0.44838039215686276,0.051640643692224555,87.68845456074116,0.03793212787948611,4.608354698926874,61667.57936939757,0.06475464910580753,0.020475518039117065,0.04027423397843129,49.70415525083189,102.4768094040252,0.10193244281701867,74.83863140080247,0.10026307586267899,382.60187020814146,0.08063926797302716,0.04194640740680868,3825.6810467068663,0.06009572302720628,1.0628608756454996
37,137,27.102,18.3159,13,14.7385,0,120,117,4,137,6,1.01018,25.4912,0.0,0.0,14.57143,9.365,15.66384,0.0,0.0,113.0,30.40235,1e-05,0.29,5.698,-1.0,3.712565,0.19138394433549533,15.166570216049383,0.4516384313725491,0.05204678379437925,89.37434771988127,0.037708496622922034,4.792115535202207,61757.27140954266,0.06538586840852431,0.020690776847978893,0.039896089992813105,50.11324903700087,102.32685104554172,0.10243377144767846,76.87785106545627,0.10066965366925762,381.7433482139732,0.08060934492473223,0.04203971120951269,4011.379096750627,0.060945578248615885,1.2436865302519207
38,138,27.2236,18.4766,13,14.4763,0,120,117,4,137,6,1.00707,25.67119,0.0,0.0,15.53571,9.372,15.73673,0.0,0.0,114.0,30.75678,2e-05,0.29,3.96,-1.0,3.51335,0.1936015703787276,16.14404899691358,0.4579733333333333,0.0527265453812306,87.89500705642831,0.03790062459379331,4.939408913692676,61770.55575636234,0.06636959135765214,0.02088495865408957,0.03955015498413532,50.178595460491415,102.23692752929549,0.10289786233313727,77.63001373126623,0.1007374052883673,380.9612760518021,0.08114772924237316,0.04142301250566112,4023.5560648110018,0.06164324701338951,1.0945162584826293
39,139,27.2376,19.1179,13,15.0341,0,120,117,4,137,6,1.0024,25.74377,0.0,0.0,13.96429,9.437,15.86734,0.0,0.0,113.0,30.80283,0.0,0.29,4.424,-1.0,3.637717,0.19966023740101932,16.755979938271604,0.4588870588235294,0.05371990683154422,91.09304356128168,0.0374195849593865,5.004583563317982,61626.64656478953,0.06763489008581335,0.021079450805993608,0.039225517282334775,50.03907625174817,102.17516741235707,0.10308779165641459,77.62737695190697,0.10099185462900674,380.2262481977611,0.08225678474246945,0.040910033415972914,4076.2408255706046,0.06252919750253659,1.1031721081342127
40,140,27.1677,19.8462,13,15.4812,0,120,117,4,137,6,1.00764,25.69324,0.0,0.0,12.53571,9.434,16.41354,0.0,0.0,114.0,30.71465,1e-05,0.29,3.714,0.56842,3.628345,0.20350127838008206,17.289882330246915,0.45844235294117647,0.05355923144609081,88.24435757700898,0.03745329134202286,5.105997640227243,61655.34551043993,0.0690693486548673,0.021250886309868693,0.038922507010744865,49.885788340627414,102.18950792679487,0.10368326638532983,77.99304906169291,0.10119474229676353,379.5601228523621,0.08340403934526437,0.04047559123211973,4041.0440186861747,0.06333887831834088,1.218047184607151
41,141,27.2765,20.0849,14,16.4319,0,120,117,4,137,7,1.00644,25.89005,0.0,0.0,14.57143,9.475,17.04041,0.0,0.0,115.0,30.88039,2e-05,0.29,3.107,-1.0,3.572648,0.20350127838008214,17.56785300925926,0.4602133333333333,0.05405689635654484,88.32063147979709,0.03708705517080273,5.184502409370401,61537.50819484735,0.06991564879910704,0.021430960967904644,0.038623732740422086,49.735618308738424,102.12441930274836,0.10451161718741407,78.35018727538933,0.10166519197231268,378.93823317922323,0.08351217442999456,0.04005056517211734,4019.8667616121184,0.06394858296339424,1.1665121585637894
42,142,27.4318,20.4062,14,17.5035,0,120,117,4,137,7,1.01354,26.05515,0.0,0.0,17.28571,9.191,17.23969,0.0,0.0,115.0,31.06212,0.0,0.29,2.909,-1.0,3.728171,0.20571890442331345,17.17920524691358,0.46135168627450973,0.05440510719540529,88.74094845933863,0.036771659589371904,5.257455911074576,61465.14233276543,0.07027536932823783,0.021605390188423,0.03832251769413432,49.71686921296296,102.11664870997254,0.10537835878216528,78.36075502594672,0.10191416654073396,378.34667558614734,0.08422264290275172,0.03964093849754885,4071.433354003773,0.06472725673531537,1.2379030733437948
43,143,27.3342,20.4924,14,18.4654,0,120,117,4,137,7,1.01314,25.94649,0.0,0.0,15.53571,9.402,17.52042,0.0,0.0,114.0,30.95336,0.0,0.29,2.817,-1.0,3.95175,0.19966023740101943,16.839699074074073,0.45948156862745093,0.05496201842184783,86.47973614759634,0.03656758274199475,5.287856650041573,61464.81521460723,0.07078542643490038,0.021741587312597607,0.038035223094326595,49.74885163483796,102.1269207656222,0.1061920823420192,77.43899762175498,0.102021036253164,377.7663179513593,0.08477709108405417,0.0392436233169733,4009.13724887379,0.06545358809863151,1.1742026421568803
44,144,27.563,20.1316,13,16.6003,0,120,117,4,137,6,1.00987,26.06041,0.0,0.0,13.28571,9.255,17.58885,0.0,0.0,114.0,31.06223,0.0,0.29,4.472,-1.0,4.143789,0.19138394433549435,16.194782021604937,0.46545921568627446,0.055441242546547836,89.21263965146295,0.03626867733007361,5.223281435011067,61260.52916278033,0.07159230053576231,0.021893604112691905,0.03775834547205624,49.750556286470385,102.10259747965756,0.10706772982898632,77.07163864807151,0.10190493445447707,377.1934337705451,0.08574772901789543,0.038864020613546255,4110.5592653739905,0.0662489102127318,1.4474897211122781
45,145,27.5622,19.8276,13,16.0111,0,120,117,4,137,7,1.01214,25.95854,0.0,0.0,16.39286,9.39,17.29007,0.0,0.0,111.0,30.92395,0.0,0.29,4.954,-1.0,4.402609,0.18532527731320228,15.028501157407407,0.4633741176470588,0.055961017163395355,88.09864362866281,0.035971987953183904,5.135723984744451,61185.800493031384,0.07195706369506573,0.02201950766664718,0.037523658047044245,49.747103279019576,102.1366406149477,0.1077815739238987,76.57783811717246,0.10152185393240949,376.65795108629,0.08618938962052264,0.03850358016705285,4123.229328703464,0.0671517129431331,1.4139526146310142
46,146,27.4611,19.3411,13,16.0598,0,120,117,4,137,6,1.01391,25.78224,0.0,0.0,18.75,9.324,17.03274,0.0,0.0,112.0,30.56498,0.0,0.29,7.723,-1.0,4.641861,0.18532527731319962,13.895302854938272,0.458561568627451,0.05657038448633253,89.73973057918258,0.035691246032724507,5.078721914110301,61029.184616701634,0.07237226812398319,0.022163808006291176,0.03736114506099826,50.001468046211905,102.18334708505749,0.10830091537202494,74.84572304944163,0.10145388378141969,376.03517568490724,0.08707314216223903,0.03815528073807848,4030.9474409459654,0.06765100456542572,1.59972389060725
47,147,27.5313,18.8612,13,15.634,0,120,116,4,137,6,1.02036,25.79501,0.0,0.0,13.39286,9.421,16.60563,0.0,0.0,114.0,30.68855,0.0,0.29,7.492,-1.0,4.637671,0.18532527731319606,13.31467013888889,0.45921529411764705,0.057323342131610534,87.83354798835266,0.0354292632753418,4.996055462452271,60895.67834011489,0.07310678390222618,0.022286644182969873,0.037088322373747,50.36618117344233,102.24389285363266,0.10876067556931188,73.51738396794181,0.10147948310392399,375.2194696392417,0.08820333334292726,0.03781918903297065,4015.951496770633,0.06825872543261562,1.0284766665686103
48,148,27.2326,18.3784,12,17.0188,0,121,116,4,137,6,1.01695,25.42001,0.0,0.0,13.60714,9.582,16.19279,0.0,0.0,114.0,30.59659,0.0,0.29,7.145,0.58655,4.749264,0.17867239918350494,12.648389274691358,0.45836117647058827,0.05739421948318798,86.65944633330251,0.035183657981964586,4.833862369274966,60849.861683554846,0.07388509244859087,0.022407354515867478,0.03686653765800977,50.695557959285786,102.36405468462343,0.1091693764843672,73.45441663024168,0.10137424607546172,374.20316749168046,0.08903638862751757,0.037496120696580613,3966.3272685068505,0.0688168577989318,1.5131423527115064
49,149,26.8394,17.7997,12,15.9567,0,121,116,3,137,6,1.02733,24.99652,0.0,0.0,15.75,9.454,15.78622,0.0,0.0,115.0,30.14295,0.0,0.28,8.21,-1.0,4.940076,0.1604963981166295,11.202256944444445,0.44995686274509816,0.056979529737274444,91.74804413947632,0.034947724512417955,4.757922919101908,60660.50190246631,0.07370277594387066,0.0225393456819427,0.03664859488432582,50.649426872347604,102.45889331082886,0.10951748865150451,72.29945286778579,0.10127248175091294,373.00860074045863,0.09005085508961432,0.03717708511919209,3885.2932870155423,0.06941730033087601,1.1293479383173473
50,150,26.3435,17.7876,12,15.1175,0,121,116,3,137,6,1.02896,24.48593,0.0,0.0,14.85714,9.333,15.29191,0.0,0.0,115.0,29.78376,0.0,0.29,10.089,-1.0,5.141747,0.160496398116628,10.11694637345679,0.4454784313725491,0.05701764548253751,90.37602645473034,0.03471601776077339,4.729698840182867,60657.68539490409,0.07407796960355303,0.022676437831596525,0.03643599675220639,50.506021193516105,102.56564372275618,0.10976061432667751,71.59826519124874,0.10106330870815561,371.6705034775878,0.09049909341283857,0.036871531680270936,3749.184024999998,0.06946686938498295,1.1109802116986878
51,151,24.6583,18.0852,11,15.8533,0,121,116,3,137,6,1.03151,22.94358,0.0,0.0,11.46429,9.653,15.27176,0.0,0.0,118.0,29.46198,2e-05,0.29,9.309,-1.0,5.26267,0.1604963981166272,9.18065200617284,0.4397984705882353,0.057170928448536926,85.89723879664801,0.034500110052011174,4.664561415428301,60553.795147644225,0.07403918526118684,0.022817753127371127,0.036247941042877325,50.33736391420718,102.88927595578065,0.10977522665078361,71.04353009291458,0.10098844165444205,370.2278920583175,0.09002440602101658,0.03658159400488689,3122.181015867854,0.06930915170984515,1.0880966496279347
52,152,23.0564,18.2172,10,17.5713,0,122,116,3,137,6,1.0212,21.49612,0.0,0.0,12.82143,9.698,15.52743,0.0,0.0,117.0,29.14674,0.0,0.29,10.716,-1.0,5.468618,0.16049639811662678,8.302806712962964,0.435218431372549,0.05707601332161584,87.29007767085082,0.03430179712344423,4.644426896398269,60297.326333126606,0.07362327526582436,0.022958153005892153,0.0360042602828266,50.271630557966816,103.18801906012963,0.10932373580806573,70.26651192904255,0.10100812981510862,368.8561675004737,0.08966262850004988,0.036298433973069866,2618.5753186080033,0.06914508546166626,2.19743973220958
53,153,22.4589,18.173,10,16.3238,0,122,116,3,137,5,0.99552,20.95527,0.0,0.0,11.32143,9.98,15.64215,0.0,0.0,116.0,28.72414,0.0,0.29,10.282,-1.0,5.743758,0.160496398116626,7.441261574074074,0.429326,0.05682330446298019,86.93366850940578,0.03424330666927037,4.627052187626206,60421.61903249112,0.07385601939771347,0.023083054637552818,0.035781147509338355,50.21795597782841,103.29786532573084,0.10860903850087984,68.86541268061775,0.10083260202617383,367.5928087445967,0.0893676851373801,0.036026302638161097,2488.035425539586,0.06904414473670809,1.842025982496915
54,154,21.8916,18.928,10,16.7301,0,122,116,3,137,5,0.98955,20.45377,0.0,0.0,9.25,10.114,15.5975,0.0,0.0,119.0,28.69041,0.0,0.29,10.899,-1.0,5.649332,0.16049639811662614,6.92650462962963,0.429883137254902,0.05662329987580454,91.10454193626575,0.03421115835855637,4.744076235007156,60513.507022290054,0.07433754853977019,0.023035431190692734,0.03556520115881848,50.22505301016348,103.35636805630786,0.10799630521950915,68.93093623236382,0.1006246549932885,366.3547809470369,0.08918206417215084,0.03575634626688759,2302.757210036341,0.06880136601359235,1.163195801142846
55,155,21.7115,19.9311,10,16.319,0,122,116,3,137,5,1.01057,20.30434,0.0,0.0,11.10714,10.563,16.24221,0.0,0.0,119.0,29.01882,1e-05,0.29,11.583,-1.0,5.658983,0.1604963981166262,7.3776523919753085,0.43359058823529406,0.05664143725114665,84.63467703740571,0.03419281877862621,4.8752500232656635,60528.2723900047,0.07519885474222979,0.022941437578337394,0.03533487371752561,50.23031691562983,103.37887440323563,0.10737937421363707,67.97366541349315,0.1005315395679866,365.10983024212754,0.0888144819403318,0.03549700037796513,2224.0761273126714,0.06851947088579574,0.7462320357881173
56,156,21.3584,20.4337,10,17.0958,0,122,116,3,137,5,0.97427,19.96436,0.0,0.0,11.75,10.661,17.09925,0.0,0.0,119.0,28.79953,0.0,0.28,14.584,0.58848,5.630169,0.16049639811662608,7.564670138888889,0.4325078431372549,0.05642439791428026,87.68923561681706,0.034164433751743536,5.006350471395133,60611.35454681809,0.07475160474813587,0.022856217299776414,0.03511101270115955,50.06473965115017,103.44296433312415,0.10677644207628573,69.17246146052601,0.10062404577408016,363.95549597530777,0.08869450617860257,0.035255032759690726,2168.3856812366034,0.06819607863501731,2.5069745129127714
57,157,20.9307,20.9857,9,15.9837,0,122,116,3,137,5,1.00108,19.60455,0.0,0.0,14.67857,10.522,17.52648,0.0,0.0,119.0,28.93214,0.0,0.29,15.023,-1.0,5.659759,0.16049639811662586,8.197241512345679,0.4349796078431373,0.056147687101197385,86.01371855880838,0.034125311718318896,5.122019907303442,60536.92627754155,0.07442724914463257,0.02273853283678456,0.03490221335318275,49.689454443660786,103.56038807967046,0.10607241205732931,70.52723816262517,0.10045548574405817,362.9977470501673,0.08850857936079837,0.03500451576119537,2063.7427337953445,0.0680075890505171,0.7582199529974735
58,158,20.3042,21.7093,9,16.7526,0,122,116,3,137,5,0.98726,19.02308,0.0,0.0,26.25,11.309,18.00331,0.0,0.0,118.0,28.97547,0.0,0.28,14.566,-1.0,5.604748,0.1604963981166239,8.40162037037037,0.43686078431372544,0.0564276200230726,87.15881210754745,0.034065504978679544,5.250112846009439,60604.77839247047,0.07416323925741856,0.022612982910598146,0.0346816044644301,49.41767450026524,103.75843547891455,0.1053455439038457,71.67925527823755,0.10044137465211508,362.23974732399734,0.08813974871207321,0.03477472790772071,1908.130478330225,0.06761458361155756,0.5580602625701548
59,159,20.1423,21.8093,9,16.4629,0,122,116,3,137,4,0.9958,18.87256,0.0,0.0,19.35714,12.016,18.62678,0.0,0.0,116.0,28.99123,0.0,0.28,15.911,-1.0,5.562713,0.15665535713756318,8.403018904320987,0.43597529411764563,0.05620515105718686,88.52695137113334,0.03402638942241005,5.304252615365634,60505.71715880764,0.07390739141758329,0.02249033792472195,0.034457602912964895,49.169718612859285,103.89220613010922,0.10468182072285472,72.24073292698047,0.10020208682252216,361.7096042579007,0.08787302098071902,0.03451741318805998,1833.268007944615,0.06737444657621751,0.6161027772933212
60,160,19.6512,21.8051,9,16.8593,0,122,116,3,136,4,0.99951,18.46877,0.0,0.0,16.28571,11.825,18.71606,0.0,0.0,115.0,28.92949,1e-05,0.28,12.408,-1.0,5.756787,0.14010277100651772,8.55420524691358,0.4351203921568627,0.05647881247423804,85.72939573859219,0.033963965503534525,5.3810834138002095,60492.31981411479,0.07413422914836999,0.022510634974379606,0.033652205011576015,48.68613141848717,104.05646577571858,0.10463816893624882,72.43993816907856,0.10069114310654055,361.4330291732166,0.08726292310113068,0.03420865455721448,1651.2609898319022,0.06732572745112184,0.49626541466630253
61,161,19.3682,23.1872,9,17.3806,0,122,116,3,136,4,0.99918,18.23429,0.0,0.0,25.25,12.953,18.71881,0.0,0.0,113.0,27.99982,0.0,0.28,7.663,-1.0,5.685823,0.1401027710065208,7.924623842592593,0.4177956862745099,0.05651270520993413,86.68401748390565,0.033699984226034575,5.483381675694065,60480.52014867776,0.07422796566870196,0.022540989649298127,0.033016099196327246,48.274510136357065,104.1133035545783,0.1047061971060266,72.26778964633971,0.1007871864363461,361.218061269701,0.08590903579228643,0.03390558154977411,1587.5260075424383,0.06713684594781502,0.8416597163766633
62,162,19.9791,23.1683,9,17.5849,0,122,116,3,136,4,0.99723,18.81406,0.0,0.0,25.71429,12.96,19.90089,0.0,0.0,115.0,27.38017,0.0,0.28,8.98,-1.0,5.609094,0.15443773109433212,7.9819155092592595,0.39937725490196074,0.05669698546315091,85.93311257224262,0.033489670461733054,5.582572674829508,60497.83682020866,0.07426714506425786,0.022557884534455258,0.032422465702213486,48.221500726393714,103.97226190160836,0.10470254478601901,73.63058832917302,0.10151474292682854,361.0043872284717,0.08471245543630274,0.03379300242327495,1748.2035191481264,0.0673852483804451,0.8585531644965353
63,163,21.193,22.3872,9,17.2698,0,122,116,3,136,4,0.99406,19.90081,0.0,0.0,30.14286,12.329,19.89244,0.0,0.0,118.0,28.14412,1e-05,0.28,8.325,-1.0,5.487197,0.1604963981166242,7.984230324074074,0.41041921568627465,0.05681719679235958,87.46773790233287,0.03350784313359298,5.647492125684708,60618.212921569124,0.07447792245816903,0.02256701865791142,0.032052426591203546,48.07288765612944,103.7734731423651,0.1049160179388764,75.39626672089238,0.1020713450720107,360.7949246073951,0.08351326354421597,0.03371098668509924,1967.8488491426617,0.06753420857288638,0.44276647943834163
64,164,22.4971,22.7135,10,18.2279,0,122,116,4,136,4,0.9984,21.10123,0.0,0.0,28.75,11.267,19.21741,0.0,0.0,117.0,28.71722,0.0,0.28,6.446,0.47737,5.450744,0.16049639811662636,8.197096836419753,0.4233556862745099,0.05720179112508956,87.14494903626603,0.0335402983596592,5.612664729794963,60755.6753468215,0.07466955229951738,0.02258767503564942,0.03184216570189716,48.15664409119405,103.50350545206493,0.10502644306795034,77.37223022934359,0.10237554648564773,360.6027476808862,0.0824672398521838,0.03370580311592467,2301.93472892798,0.0669066560439058,0.7356172882226992
65,165,24.2329,22.2588,11,20.0962,0,121,116,4,136,5,0.99863,22.73024,0.0,0.0,24.64286,10.811,19.50465,0.0,0.0,122.0,29.54609,0.0,0.28,4.96,-1.0,5.479536,0.1604963981166273,8.438271604938272,0.4382972549019608,0.05733311049231341,85.56609172290803,0.033655484185172925,5.577432230816601,60829.021175258225,0.07512428037170372,0.022619550645031166,0.031577795584471116,48.33759957772714,103.12019649500832,0.10532759895345843,80.32980614065687,0.10267027024739855,360.3697818270397,0.08135170861281239,0.033485446143806386,2777.0676680838956,0.06669820180519274,0.8610300019940378
66,166,25.7289,21.5908,12,18.6364,0,121,117,4,136,5,1.01331,24.12594,0.0,0.0,20.25,10.399,19.11813,0.0,0.0,120.0,30.19337,0.0,0.28,6.154,-1.0,5.499623,0.1604963981166275,8.62451774691358,0.4483427450980393,0.057843217544436304,84.63310832777043,0.0336893604153971,5.522366255853193,60867.78339403277,0.07563525978822873,0.022673001621162297,0.03115840937788001,48.34458169819396,102.84743289453276,0.10599632149508917,82.5007378799512,0.10302186690290983,360.12271569843057,0.07983451842185765,0.033221118483909934,3276.5158272059807,0.06695029252405704,0.9091396583190834
67,167,27.1789,21.2905,12,18.672,0,120,117,4,136,5,1.01466,25.42313,0.0,0.0,20.0,9.644,18.53341,0.0,0.0,118.0,30.27046,2e-05,0.28,4.598,-1.0,5.461188,0.16049639811662905,8.477092978395062,0.4502921568627452,0.058748947009743,86.44314701242538,0.03400865590092059,5.465072117171444,60891.90042543939,0.07617591453696038,0.022769398969075157,0.031012614466862414,48.781895767023535,102.57246891421403,0.10634667038771582,84.29886307873117,0.10280062585230257,359.88462096156996,0.07953260471287416,0.033195701339628965,3833.4194747770307,0.06736676143749211,1.0576872297101618
68,168,27.5039,21.3074,13,19.1309,0,120,116,4,136,5,1.00088,25.80914,0.0,0.0,17.32143,9.629,18.27232,0.0,0.0,116.0,30.03354,2e-05,0.28,4.72,-1.0,5.435064,0.1604963981166323,8.403935185185185,0.44618156862745106,0.059915867563714156,87.67245470875413,0.03444088899839728,5.4289696610410445,61006.06406159993,0.07621273341153283,0.022912257724407435,0.03055617803206817,49.27858781225887,102.41468803184404,0.10733164554469699,85.36801050329662,0.10261620126730635,359.6435818119507,0.07955204753746907,0.03248825453703611,4041.047216435182,0.06784725902730397,1.1082385241763615
69,169,27.4889,21.3207,13,18.421,0,120,116,4,136,6,0.99823,25.91194,0.0,0.0,16.14286,10.063,18.30552,0.0,0.0,119.0,30.66478,1e-05,0.29,4.53,-1.0,5.476712,0.17704898424767238,9.310570987654321,0.45192901960784326,0.059719821466741416,87.38584328762911,0.034828015204638636,5.405463634262786,60991.852039485806,0.07628108712302628,0.02310893191066492,0.03021416494837962,49.87588274920428,102.31429723702317,0.10851187910059945,86.27919380109874,0.10229365836619064,359.4837447040326,0.07989841806498443,0.03199502962477211,4028.9021614881017,0.06809571330006249,1.4619295452889942
70,170,27.3704,20.9428,13,19.5344,0,119,117,4,137,6,1.00497,25.88602,0.0,0.0,17.35714,10.617,18.30366,0.0,0.0,121.0,31.22651,2e-05,0.29,6.078,-1.0,5.374626,0.18532527731319745,10.161072530864198,0.46006980392156877,0.05969853402392385,87.41959376026261,0.03513990715444364,5.348157055128137,61169.57262968304,0.07663968083464978,0.02349238580000449,0.02956232618634102,50.19314895441502,102.29467385372263,0.11029430375772503,86.66235365068393,0.10214188182228232,359.40284105323224,0.08011223192632409,0.03145032984446787,3853.5814196956926,0.06846379913579988,1.0854184739910413
71,171,27.7923,20.2282,14,18.6969,0,119,117,4,137,7,1.01342,26.28403,0.0,0.0,11.60714,10.47,17.9846,0.0,0.0,121.0,31.51806,2e-05,0.29,5.743,-1.0,5.458335,0.1853252773131989,10.266059027777779,0.46470039215686276,0.05978573536537519,88.8243995945758,0.03543013105126208,5.139534744199253,61332.70448093768,0.07708348080310037,0.023958355391397918,0.029120102398956328,50.534571141372496,102.21233330726054,0.11214351923849919,87.4256106878787,0.10230587232755178,359.3841085119245,0.08085848520526491,0.03076897490929717,4067.9802782836077,0.0694627335271337,1.2285113346048053
72,172,28.4108,19.6023,14,18.5945,0,119,117,5,137,7,1.01449,26.85855,0.0,0.0,15.42857,10.289,17.36887,0.0,0.0,122.0,31.9863,1e-05,0.28,6.859,0.54617,5.494021,0.18532527731319803,10.138792438271604,0.47283137254901964,0.05968376536500825,89.92243741135998,0.03577699915787719,4.989575536734546,61173.249860837925,0.07728771618929824,0.024443717416985436,0.02722701817457229,50.9193782099971,102.10234145106833,0.11387954378663857,88.33952171759661,0.10269177454804676,359.4203035031074,0.0806418381051815,0.029860244835611203,4267.2072909207245,0.070165241768611,1.385962209971825
73,173,28.9205,19.1669,14,18.9642,0,119,117,5,137,7,1.01278,27.33288,0.0,0.0,13.46429,10.333,16.83704,0.0,0.0,121.0,32.3033,2e-05,0.29,5.457,-1.0,5.507172,0.18532527731319792,9.840036651234568,0.47577098039215693,0.05956932874262342,88.6341715914413,0.03611914974888642,4.95995693927943,61262.78215337633,0.07817196792157599,0.024901167591971547,0.02568660354686273,51.054762475284534,101.9829403777047,0.1155829785695316,88.96234005338667,0.1030908054189016,359.5056023736098,0.0803035117022727,0.02993639774727153,4385.912022875706,0.07080627066185866,1.4467098134939023
74,174,29.3992,18.7075,15,18.4164,0,119,117,5,137,7,1.00172,27.75418,0.0,0.0,13.07143,10.335,16.46213,0.0,0.0,120.0,32.36306,2e-05,0.29,4.162,-1.0,5.389739,0.1853252773132,9.652777777777779,0.47485803921568637,0.059771805167218,87.53595614255227,0.03652968865244658,4.976862037026615,61339.39355303484,0.0791068101631501,0.02531260384033966,0.024384108720626785,50.99138952184607,101.88629362444081,0.11691134181958307,89.22879957335986,0.10330052458149354,359.6441868823146,0.0803241947584778,0.029857561920661035,4674.989473408149,0.07123455282978582,1.2766805375370738
75,175,29.5918,18.2512,15,18.8071,0,119,117,5,137,7,1.00119,27.92374,0.0,0.0,12.46429,10.038,16.06929,0.0,0.0,120.0,32.36865,3e-05,0.28,6.317,-1.0,5.394942,0.18532527731320014,9.623167438271604,0.4742925490196078,0.06030390651811074,91.10132665851862,0.036896989330354936,4.886861789080609,61285.76688018597,0.0797834848363447,0.025753726053387885,0.023909253506327343,50.906895201883195,101.87413972153693,0.11817634659861509,89.57123642957272,0.10340356006384752,359.8181580429824,0.08047062185567232,0.029680849121291986,4747.449130550736,0.07143849157080044,1.2098768735936745
76,176,29.7183,18.2006,15,17.3494,0,119,117,5,137,7,0.9932,28.08191,0.0,0.0,13.28571,9.856,15.67396,0.0,0.0,120.0,32.31907,2e-05,0.28,5.858,-1.0,5.309533,0.18532527731320025,9.54320987654321,0.47306862745098044,0.060747644773210784,85.99862998766082,0.037190862384133015,4.8001568469047795,61299.219748898606,0.0805526820499675,0.026181185287565648,0.02337395060334819,50.86688872914256,101.8366800615992,0.11932750465023638,89.7382550117056,0.1033992010498874,360.0052935721537,0.08042464475836891,0.029519823786735566,4720.857564452588,0.07246331897674363,1.2203491236504034
77,177,30.2417,18.1287,15,17.6967,0,119,117,5,137,7,0.99884,28.58963,0.0,0.0,12.17857,9.911,15.62331,0.0,0.0,121.0,32.20558,3e-05,0.29,6.275,-1.0,5.379388,0.18532527731320045,9.732397762345679,0.47039803921568624,0.06141630993638803,89.34481792957253,0.037574368370014655,4.64521578343137,61286.96347419061,0.0816599113211294,0.026673579381407804,0.02282575266631112,50.576359689971554,101.7061803454427,0.12034000053692749,89.88549266605126,0.10309683307636747,360.19439273360206,0.08021590157058268,0.02956066116110373,4938.533842487565,0.07310161740586146,1.0992557638582008
78,178,30.3092,17.9707,16,17.1,0,119,117,5,137,7,1.00078,28.70448,0.0,0.0,14.14286,9.907,15.56951,0.0,0.0,121.0,32.16527,3e-05,0.29,6.017,-1.0,5.287183,0.18532527731320061,9.620756172839506,0.46949294117647056,0.061284524069798375,87.37630575974798,0.03797961394933732,4.532127717602688,61498.48873481689,0.08153386927797497,0.027078618117320596,0.02266804738328881,50.400354644398625,101.65212320886924,0.12144685088755906,90.19855234861072,0.10279765064608515,360.4328852972228,0.08032796210699855,0.029806277285331844,4969.638911015314,0.07329159207275318,1.174453042139139
79,179,30.6109,17.6097,16,16.5734,0,119,117,5,136,8,0.99483,29.00756,0.0,0.0,12.07143,9.87,15.4319,0.0,0.0,122.0,32.11049,3e-05,0.29,6.6,-1.0,5.380733,0.18532527731320067,9.335503472222221,0.469172549019608,0.06109906972347513,85.01551552188283,0.03827628460638263,4.460705441549065,61524.4948720996,0.08188710669184691,0.027506067173031713,0.02231749215875985,50.2452217384621,101.56182527226343,0.12243882940603497,90.74754804409889,0.10251005084167485,360.7103061393973,0.08037046642627628,0.03043775724940987,5046.306967325323,0.07362761404117342,1.1800780260120076
80,180,31.1986,17.745,16,15.7213,0,119,117,5,136,8,0.98959,29.53818,0.0,0.0,13.71429,9.703,15.1238,0.0,0.0,122.0,32.01504,3e-05,0.29,7.585,0.61214,5.435225,0.18532527731320084,9.236882716049383,0.46842588235294114,0.06072945030910138,90.46503454509903,0.038542910838492414,4.340450681741191,61616.7872089822,0.08222001392396165,0.02796835127965779,0.02222301570733208,50.174699571397575,101.45512540946676,0.12347861335914506,90.44516446965044,0.10224938605962741,360.9704451150714,0.08041872408472879,0.030846589053659165,5342.714468972911,0.07433721568215779,1.4299479146218013
81,181,31.4181,17.6475,16,15.8053,0,119,117,5,136,8,0.98749,29.73252,0.0,0.0,12.03571,9.73,15.24404,0.0,0.0,122.0,32.01008,2e-05,0.29,6.309,-1.0,5.344338,0.18754290335643012,9.095534336419753,0.4683505882352942,0.060542813685525824,88.70719150583818,0.03891042791101801,4.31962136412717,61653.26551127326,0.08264072128918289,0.0283906555292739,0.022280410997564445,49.97359852731964,101.44053760614258,0.12427614459326736,90.68003160261901,0.10198986773229117,361.2259574511897,0.0802814356307744,0.03047312575005565,5386.911168895507,0.07530249234369789,1.1950383213992244
82,182,31.8058,17.5153,16,17.0161,0,119,117,5,136,8,0.99104,30.10508,0.0,0.0,13.64286,9.741,15.1613,0.0,0.0,120.0,32.12193,2e-05,0.29,4.871,-1.0,5.238776,0.19138394433549324,8.966001157407407,0.4692521568627452,0.060735172599821884,86.26706560305199,0.03930063814917523,4.3115001897618965,61672.14611107444,0.08301514479503665,0.02870992876785939,0.022342623154794378,49.891453872492285,101.34877157708466,0.12530408835733398,90.82604679620445,0.10187459795048331,361.4709526911517,0.08019250981201596,0.030551930203255865,5612.924854818776,0.07653230337592826,1.14390644489609
83,183,32.3058,17.2596,17,14.971,0,119,117,5,136,8,0.99433,30.60268,0.0,0.0,12.28571,9.776,15.05224,0.0,0.0,119.0,32.19323,2e-05,0.29,4.858,-1.0,5.065956,0.19138394433549547,9.01099537037037,0.4698843137254902,0.061037227116490636,87.13658145957109,0.039585060468978535,4.3356790451925535,61730.074632899334,0.08290874113918921,0.02904100093778549,0.02241934596392688,49.87110637146749,101.23341760817712,0.12656761027394975,91.32990177470438,0.10181745282202882,361.6987824797871,0.08019855010321442,0.0304696334616087,5915.4954736362915,0.07818133648457062,1.0527059416597178
84,184,32.8474,16.9077,17,15.9721,0,119,117,5,136,8,0.99107,31.11406,0.0,0.0,11.82143,9.563,14.83649,0.0,0.0,119.0,32.29999,2e-05,0.29,5.128,-1.0,5.023861,0.19360157037872602,9.29832175925926,0.4730199215686274,0.06148574621337915,88.4355174441908,0.03986719830415391,4.36202096326944,61884.56739702419,0.08295500146569461,0.02942992569447107,0.02252948130476565,49.866992903344425,101.10657004184102,0.12811649089644728,90.73902439116104,0.10173108130673823,361.9025900258189,0.08021378108170327,0.030789383555407227,6380.265877472677,0.0797026555436359,1.4378586271133202
85,185,33.1138,17.2908,17,14.1397,0,118,117,5,136,8,0.98983,31.41836,0.0,0.0,9.82143,9.559,14.52838,0.0,0.0,120.0,32.41042,2e-05,0.29,5.236,-1.0,4.901457,0.19966023740101668,9.650800540123457,0.47906039215686275,0.061925137986354475,85.85089870750143,0.04019399062787355,4.398637953963868,61936.53080913473,0.08294830132953183,0.02993059866751381,0.022516816842063952,49.86768030237268,101.06074842708034,0.12989848206876292,90.98952716017503,0.1018061905042215,362.05846699764936,0.08028086804897305,0.0303859973678866,6497.713468364137,0.08120105917459254,0.8331335425512952
86,186,33.3773,17.485,17,15.2407,0,118,117,5,136,9,0.98767,31.67553,0.0,0.0,13.28571,9.613,14.86914,0.0,0.0,122.0,32.52906,3e-05,0.28,4.663,-1.0,4.833656,0.19966023740101993,10.10402199074074,0.48191843137254897,0.062461205884372345,86.51150735078107,0.040568126782399266,4.434871725710703,61897.92798967326,0.08281231449662706,0.030495723792627782,0.02250576896391904,49.81944858880691,101.00381949462893,0.1311321974035503,90.73142604769376,0.10135349732480205,362.17498271568746,0.08029743680239448,0.029115241810133367,6540.106577854933,0.08215137509932542,0.9925495111992458
87,187,33.4816,17.8339,18,16.3196,0,118,117,5,136,8,0.98874,31.78761,0.0,0.0,8.60714,9.629,15.04448,0.0,0.0,122.0,32.74771,5e-05,0.28,4.19,-1.0,4.777488,0.20571890442330967,10.657069830246913,0.4844262745098039,0.06317953370129246,85.23078392969624,0.040976624297517576,4.440327103984644,61989.23246153895,0.08260739593586733,0.031032507144857058,0.022480821021708865,49.82378057785976,100.96951784128893,0.1322803933513106,90.51859565228392,0.10129434653794932,362.23377548661506,0.08038760814100841,0.028121632166052495,6533.0422491849895,0.08295818303172449,1.0072920537337982
88,188,33.674,17.7644,18,15.9447,0,118,117,5,136,8,0.99102,31.95105,0.0,0.0,9.03571,9.549,15.35392,0.0,0.0,123.0,32.87714,4e-05,0.29,4.032,0.61754,4.674805,0.20793653046654148,11.237220293209877,0.4858682352941177,0.06348832140127124,89.65048357874066,0.04143396497024574,4.4417937516563155,62022.44677054075,0.08230323971610404,0.031534715209652404,0.022495132630679118,49.789524596414445,100.92499753428264,0.13312730592276198,90.20197047192653,0.10115030633524538,362.24094918226103,0.08051741656476082,0.027984187498205092,6660.7277816143105,0.08296691574160696,1.005122720651933
89,189,33.5318,18.1049,18,15.0925,0,118,117,5,136,8,0.99242,31.83442,0.0,0.0,13.07143,9.464,15.28633,0.0,0.0,123.0,32.94272,3e-05,0.29,5.261,-1.0,4.616556,0.20793653046654262,11.519724151234568,0.48616666666666675,0.0635281848570776,88.72635945254268,0.04191323392148364,4.4364271945532945,62039.085366215804,0.08200980728922667,0.03203319679192955,0.022457644770585577,49.78151260187597,100.9623569664603,0.13371829960566878,90.43275904716631,0.10116429867424831,362.1997614427179,0.08064858418475512,0.028455470947079235,6463.073622589932,0.08323457134597591,1.463669426315344
90,190,33.3898,18.1567,18,16.6885,0,118,117,5,136,8,0.99572,31.72959,0.0,0.0,9.71429,9.424,15.57523,0.0,0.0,123.0,33.00025,2e-05,0.29,4.022,-1.0,4.578219,0.2079365304665427,11.612220293209877,0.48784117647058833,0.06359364328813445,87.00062276044403,0.04249997289551298,4.46432529009501,62222.64284975156,0.08169659766269366,0.03251848904196138,0.02265412780594792,49.73885298363957,100.97445299202778,0.13447101420569824,90.41452604204946,0.10133235411806293,362.13977603708645,0.0807425527331571,0.029792411098014455,6420.782347357444,0.08363774915606259,0.8910271118346182
91,191,33.6202,17.9731,18,16.5972,0,118,117,5,136,8,0.9992,31.96913,0.0,0.0,11.96429,9.278,15.62367,0.0,0.0,123.0,33.05367,0.0,0.29,4.315,-1.0,4.565026,0.2079365304665426,11.697627314814815,0.4906615686274511,0.0636819666392658,89.7485467826763,0.04273198701028697,4.464674337141332,62192.53619980423,0.08138643704959754,0.032961789296560386,0.022617433267406083,49.64621348439911,100.89940678745302,0.13523394381499168,90.42343057740375,0.10152448407408408,362.06031761150587,0.08095026925423154,0.031063913488146074,6682.1032095676865,0.08439202848486893,1.1806289087277866
92,192,34.1241,17.8951,18,16.3822,0,118,117,6,136,8,0.99612,32.4096,0.0,0.0,9.32143,9.282,15.46711,0.0,0.0,123.0,33.1101,0.0,0.29,3.281,-1.0,4.52607,0.20793653046654392,11.916956018518519,0.4911447058823529,0.06356464392108489,87.00450767324303,0.04298890227567958,4.461230904052103,62319.02851603424,0.0810860537924148,0.03340905695638234,0.021449341251780427,49.60045802740403,100.8219818490982,0.13609833725742468,90.41240551608261,0.10154610374157445,361.9849098454213,0.08090203487270063,0.031923753347859844,6982.665643876179,0.08475619257127873,1.4712202600968196
93,193,34.5643,17.5985,18,16.0122,0,118,117,6,136,8,1.00111,32.86267,0.0,0.0,14.78571,9.346,15.40123,0.0,0.0,123.0,33.07985,0.0,0.29,3.92,-1.0,4.520702,0.20793653046654534,12.090518904320987,0.4897905882352941,0.06413971942599457,88.17350638056153,0.043219522682600695,4.458440689690472,62482.28353909364,0.08074419734393919,0.03380760795379907,0.02128124805303572,49.60088037561488,100.74627486398231,0.13699732715025104,90.45907001497329,0.10161272253453953,361.8811922193271,0.08056268191389848,0.033473761688610555,7259.830893066399,0.08478303911314927,1.3973054918683765
94,194,34.7248,17.2859,18,15.0768,0,118,117,5,136,8,1.00229,33.02593,0.0,0.0,17.07143,9.331,15.14528,0.0,0.0,123.0,33.0133,0.0,0.29,4.249,-1.0,4.414009,0.20793653046654717,12.203510802469136,0.48625896078431363,0.06426020526325148,88.34220553780685,0.04372531378338923,4.380458950971002,62477.259870933325,0.08047077286345361,0.03421435920426741,0.02122860083541901,49.49476981457369,100.71412498944386,0.13796258048726892,90.4950572589126,0.10165602530528506,361.7556097574659,0.08028618964925371,0.035695683545057685,7294.729066247937,0.08541146019564372,1.8033258856786127
95,195,34.6654,17.2528,18,15.478,0,118,117,6,136,8,1.00923,32.96892,0.0,0.0,15.96429,9.258,14.86685,0.0,0.0,124.0,32.91866,0.0,0.29,4.138,-1.0,4.385362,0.21177757144560846,12.189380787037036,0.48401700000000003,0.06478421012519044,87.9914313756962,0.04295825562859897,4.360376961826626,62566.81270429984,0.08007904504081656,0.034615072061633806,0.021251876309374723,49.45521714952257,100.72582560944163,0.13904050154471218,90.42705423016879,0.10168234419274778,361.60411114190254,0.07994178163881163,0.0384218719537498,7282.805395048424,0.08600954483167182,1.2048296812321704
96,196,34.7112,17.647,18,15.6033,0,118,117,5,136,8,1.01286,33.00932,0.0,0.0,14.32143,9.072,14.84262,0.0,0.0,123.0,32.90425,0.0,0.29,4.848,0.60571,4.35747,0.20793653046654756,12.224488811728396,0.4813819607843137,0.06510907829648958,90.39099700123568,0.04295776864013626,4.424950321295847,62412.62494313659,0.079413814632064,0.0350255046775847,0.021280312304238096,49.364699940622586,100.75784879787521,0.14015672322531803,90.30594534368713,0.10198298012555843,361.41038755574687,0.07971691674041012,0.04202143888980091,7232.234663108694,0.08709917390360135,2.1421034804988954
97,197,34.6445,17.9024,18,15.6563,0,118,117,5,136,8,1.01556,32.93678,0.0,0.0,8.75,9.136,15.18767,0.0,0.0,123.0,32.95094,0.0,0.29,4.389,-1.0,4.271004,0.2079365304665469,12.139419367283951,0.48190980392156857,0.06555739789831493,87.80741771506179,0.043164642615253976,4.445405820501725,62512.18280615575,0.07890983286538546,0.03549768445972164,0.021287627180143615,49.35488420651283,100.8001894520985,0.14112623527271811,90.07775789509394,0.10243716701611688,361.1846736961389,0.0793637273320197,0.04384723109879763,7096.205180426418,0.08795013848762061,1.229678130982367
98,198,34.2038,17.6851,18,17.1889,0,118,117,5,136,8,1.01961,32.53056,0.0,0.0,10.60714,9.3,15.40794,0.0,0.0,122.0,32.88306,0.0,0.29,3.95,-1.0,4.282053,0.2079365304665466,11.96267361111111,0.48301098039215684,0.06584041768745251,88.5888050297793,0.04312016463544503,4.484547442770665,62390.90128254323,0.07817745210910612,0.0360710555405023,0.021273505404974136,49.18959817768615,100.88944544887822,0.14191231776228266,89.98678250942487,0.1027758368463481,360.9239071392038,0.07800627499776594,0.04499396815785652,6845.435498661596,0.08807142611474247,1.2263158798603584
99,199,33.935,,18,16.8538,0,118,117,5,136,8,1.019,32.24378,0.0,0.0,10.5,9.46,15.2151,0.0,0.0,118.0,32.86109,0.0,0.29,4.694,-1.0,4.302668,0.20793653046654462,11.971884645061728,0.48329341176470575,0.06599522190595108,87.9707932443488,0.043344667400483566,4.51315303831171,62379.43129595471,0.07716547418767143,0.036665528130406654,0.02125230048304749,49.17726813422309,100.9681727719823,0.1425974843143749,89.49769716453683,0.10318857358470641,360.6452884055939,0.0770668427080933,0.04690086334244449,6634.849401422643,0.08829352043164067,1.333634035198803
