,frame_number,SITI.SI,SITI.TI,VCA. E,VCA. h,VCA. epsilon,VCA. L,VCA. avgU,VCA. energyU,VCA. avgV,VCA. energyV,AGH.Blockiness,AGH.Spatial Activity,AGH.Letterbox,AGH.Pillarbox,AGH.Blockloss,AGH.Blur,AGH.TemporalAct,AGH.Blackout,AGH.Freezing,AGH.Exposure(bri),AGH.Contrast,AGH.Interlace,AGH.Noise,AGH.Slice,AGH.Flickering,cambi,tone,fft,staticness,blur,cubcol.0.5,cubrow.0.6,cubrow.0,cubcol.0.3,cubcol.0.6,cubcol.0,cubrow.0.3,contrast,uhdhdsim,saturation,cubrow.1.0,cubcol.1.0,cubrow.0.5,blockiness,noise,temporal,color_fulness,movement
0,100,30.9282,6.72794,21,0.0,0,107,117,5,136,5,0.99915,31.21531,0.0,0.0,6.32143,8.19,0.0,0.0,0.0,125.0,44.56055,0.0,0.39,3.833,0.0,1.162297,0.676264705882353,63590.221398482165,512.6640363053207,5981.550281109729,0.07409720995808546,0.10513095580932763,0.08685331428849963,0.06827494720921061,0.07437259490871098,0.06527607965024443,0.04787478743398542,90.21176242357477,100.93338730408468,58.87608375078366,0.12306950323948548,0.09861490661011815,0.10971037939108778,1.2360337301497846,0.33148671534200685,0.0,59.40708537471358,0.0
1,101,30.9338,6.55557,21,7.68077,0,107,117,5,136,5,0.99875,31.2078,0.0,0.0,7.32143,8.16,5.76753,0.0,0.0,125.0,44.55017,0.0,0.39,3.982,-1.0,1.120123,0.6755039215686274,63725.870535174545,512.1860522637679,5972.2050265088255,0.07717197776802628,0.09937629608344849,0.08223272869503148,0.06633382390040454,0.06751147246962758,0.06245372627036157,0.04583625480672304,90.5238371578273,100.94517289081672,59.09011294517988,0.12141366970092274,0.10370253050973033,0.09284004935330771,1.232233067678583,0.3314867153420056,3.143497645910631,59.3461934949998,1.2438271604938271
2,102,30.9514,6.25394,21,7.67388,0,107,117,5,136,5,0.99928,31.21443,0.0,0.0,6.57143,8.128,5.62478,0.0,0.0,125.0,44.55759,0.0,0.38,3.101,-1.0,1.150759,0.6753341176470589,63762.37670338701,512.0938468137473,6008.267130500301,0.07522719376296327,0.09916941060897679,0.0794246868884082,0.0659625572570616,0.06617417758864202,0.05789670378053491,0.0451680697903,90.63392600409495,100.95132731541707,59.07614154580199,0.12075951596655464,0.11135821800933923,0.09228487755686293,1.159197694264067,0.32926908929878457,3.0524688217771874,59.43616683067427,1.0109953703703705
3,103,30.8988,5.96524,21,7.27454,0,107,117,5,136,5,0.99711,31.16155,0.0,0.0,6.32143,8.125,5.37134,0.0,0.0,125.0,44.55144,0.0,0.39,3.098,-1.0,1.126105,0.6740176470588236,63849.94827647923,512.042510303882,5997.351014921598,0.08462235977281175,0.09896634532056442,0.08025373988099858,0.06556845062187715,0.06784304856171805,0.06213734027096843,0.04477860416555051,92.53641755077473,100.95951249415165,58.89322916666667,0.11998180679239072,0.1187077944566524,0.09125322344468649,1.4311131352049684,0.33148671534200486,2.9940766390103457,59.37200912160846,0.8464988425925926
4,104,30.7689,5.91464,21,7.20101,0,107,117,5,136,5,0.99714,31.0197,0.0,0.0,6.60714,8.151,5.1216,0.0,0.0,125.0,44.52116,0.0,0.39,2.976,-1.0,1.13665,0.6727183921568571,63892.765157427224,512.0157241114016,5918.499929241937,0.08734483495127512,0.09835882696864777,0.0830739403663708,0.06523641749690369,0.0677471656322595,0.06208831755626972,0.044344127788932014,92.95597970770459,100.99148801443624,58.9976537257065,0.11916266978351726,0.12599203579634125,0.08966348043918078,1.501249887744293,0.3314867153420016,3.0269876113862106,59.35370306908577,0.8040605709876543
5,105,30.7692,5.80772,21,6.85686,0,107,117,5,136,5,0.99602,31.02401,0.0,0.0,5.57143,8.193,5.07879,0.0,0.0,126.0,44.53708,0.0,0.38,2.995,-1.0,1.144511,0.6727788235294117,63786.658537178126,512.1405179604128,5914.043936484105,0.08382315741403326,0.09787999422502976,0.08227320716030208,0.06499680495457708,0.06877883063443133,0.061277184262880854,0.04392696915844209,93.37589457710722,100.99806789320675,58.88083808804736,0.1186237317685942,0.131926121550088,0.0880674818231424,1.2650653987894438,0.33148671534200663,3.0957446182642947,59.42673639726628,0.9242862654320988
6,106,30.6916,5.55821,21,6.70991,0,107,117,5,136,5,0.99812,30.93578,0.0,0.0,5.03571,8.137,4.98582,0.0,0.0,125.0,44.46661,0.0,0.39,3.357,-1.0,1.181197,0.6715639215686274,63655.70642935032,512.2346702091681,5855.49840634998,0.08301593715608396,0.09808965378189102,0.08127859456151934,0.06480093398594977,0.06952360920809106,0.059068656524532706,0.04757381834026267,92.9971075218488,101.02893960469595,58.841689121576,0.11849880190998488,0.13484392615184287,0.08737228554325673,1.3472391558587336,0.32926908929878035,3.084396322646349,59.44494654364157,0.8849344135802469
7,107,30.6783,5.66309,21,6.54744,0,107,117,5,136,5,0.99873,30.92368,0.0,0.0,5.82143,8.11,4.76341,0.0,0.0,125.0,44.43463,0.0,0.39,2.996,-1.0,1.107335,0.6709976470588236,63717.942357912274,512.2542532458903,5843.013579028538,0.07984699351699452,0.09793378863507163,0.08044782383205357,0.06415623909713387,0.07045593972144855,0.057572016163288525,0.05148769424431174,93.51323627212265,101.02500254148265,58.7798755787037,0.11825666044686237,0.1353196101361969,0.08709793204513025,1.6575209182670063,0.3314867153420005,3.057859505966625,59.50165531656057,0.8096547067901234
8,108,30.7776,5.7505,21,6.9406,0,107,117,5,136,5,0.99671,30.99827,0.0,0.0,6.82143,8.162,4.85229,0.0,0.0,125.0,44.44668,0.0,0.39,2.821,0.3777,1.128152,0.6698282352941178,63801.52239473715,512.2441263825102,5900.415907641387,0.07790831447620225,0.0976925404562119,0.08020754630757693,0.06396470035861196,0.07121088068617436,0.056289036643005795,0.05437618583772222,91.27924740592383,101.01276443890731,58.885098304277584,0.11835229806214234,0.13511196267138953,0.08639519178114459,0.9405679817362494,0.33148671534200475,3.151620132343131,59.54273883272592,0.8451485339506173
9,109,30.7551,6.14287,21,6.70441,0,107,117,5,136,5,0.99171,30.97592,0.0,0.0,6.39286,8.152,4.92404,0.0,0.0,125.0,44.44346,0.0,0.39,3.533,-1.0,1.157525,0.6688984313725491,63804.01512179616,512.1525975155839,5875.4249329031445,0.0761940668191616,0.09759421896663804,0.07972297367777989,0.06368534983114595,0.07187423404708435,0.055163907409243394,0.05493194222376079,94.30942041354103,101.00572363126068,59.10687632619599,0.11853419958745041,0.13510897701479935,0.08585471177959629,1.1125536837412386,0.3270514632555504,3.1383797931954396,59.57328874912461,0.8796778549382716
10,110,30.7735,6.852,21,7.33091,0,108,117,5,136,5,0.98962,31.00617,0.0,0.0,7.5,8.12,5.26304,0.0,0.0,125.0,44.39349,0.0,0.39,3.418,-1.0,1.144617,0.6676580392156862,63783.72599458587,512.0969383388584,5888.958598538947,0.07447359851843598,0.09745685026123278,0.07941151649761376,0.06328459048314214,0.0729442781345067,0.05406105490971596,0.05281190408028892,91.1267996117019,101.00465781669129,58.78012725453318,0.11854683361881399,0.1355448663811882,0.0856485512541487,0.6796636909923969,0.32926908929877613,3.2161624352922824,59.636065752725116,2.0811631944444446
11,111,30.8918,7.29306,21,8.48783,0,108,117,5,136,5,0.99249,31.15268,0.0,0.0,6.46429,8.162,5.87802,0.0,0.0,126.0,44.57229,0.0,0.39,3.753,-1.0,1.057842,0.6720227450980393,63732.95968793573,511.31555008682926,5965.105757421115,0.07354400443953428,0.09735365730758949,0.07892186108824273,0.06333663002167503,0.07426386967559097,0.05330387348925949,0.05201633668249879,94.50447014699644,100.96857230486405,57.07109955210744,0.11897837883706402,0.13582126435967595,0.08541733847966984,1.1230375934125774,0.3314867153420002,4.003130988316438,59.24217923655646,2.552179783950617
12,112,31.1102,7.29904,21,9.13412,0,108,119,5,136,5,0.9986,31.44513,0.0,0.0,6.60714,8.215,6.3232,0.0,0.0,128.0,45.16782,0.0,0.38,3.546,-1.0,0.981036,0.680186274509804,63789.08244582695,508.8965619952565,6090.195090307409,0.07308398387260066,0.09751402005270504,0.07859120056139021,0.06350754788630877,0.07523740696055047,0.052564797172546605,0.05136550270912561,91.05976910694504,100.91073733222295,50.53641274534626,0.1193912019874987,0.13490862509716953,0.08498814616493401,1.204014522763024,0.3353277563210726,4.8249240216357405,59.164540166437405,12.124180169753087
13,113,31.2407,7.36359,21,8.52334,0,108,119,5,136,5,1.00713,31.54899,0.0,0.0,7.0,8.19,6.25333,0.0,0.0,128.0,45.13072,0.0,0.39,4.665,-1.0,0.997393,0.6796591372548993,63730.94475086004,507.13714500348783,6192.721897674811,0.07251450116604519,0.09759190413755638,0.07808197059519185,0.06334205875569664,0.07602565299685353,0.052434103913561486,0.05081886845380032,93.20566153196158,100.89518769257015,50.78155366874035,0.11965677555306452,0.1328893895324271,0.08455009546313343,1.0222453797900268,0.3314867153420097,3.437232102355464,59.299833923362335,11.208960262345679
14,114,31.5202,7.09656,21,8.3744,0,108,119,5,136,5,1.00932,31.8064,0.0,0.0,5.75,8.174,6.3102,0.0,0.0,128.0,45.13718,0.0,0.39,3.212,-1.0,0.989576,0.6797108823529386,63494.79030563371,505.87765588522893,6307.066623247682,0.07182060959956021,0.09785193809234742,0.0778673763540461,0.0631909154139644,0.0768543881525501,0.05246463293061232,0.05032247451680458,88.65061851738761,100.86091508558376,50.69907030647184,0.12010171244649412,0.12980681888918158,0.08441897132241652,1.3351563482610092,0.33148671534201424,3.3510643146461785,59.13653068243113,2.4966242283950617
15,115,31.6409,7.32832,21,7.5692,0,108,119,5,136,5,1.00385,31.91184,0.0,0.0,6.64286,8.154,6.07833,0.0,0.0,128.0,45.10628,0.0,0.39,3.588,-1.0,0.986518,0.6794196078431373,63495.14472252219,504.94920385201345,6378.402616382331,0.07092733072461871,0.09833482095388486,0.07755197984587218,0.06307657291656611,0.0775984841186964,0.05200925130627993,0.049908275643360596,88.84946956125458,100.84145367116489,50.70988897629726,0.12015717478832103,0.12700238258054333,0.0844327589608101,1.530668213243495,0.3314867153420122,3.248485075461149,59.11894933782385,3.503713348765432
16,116,31.5695,7.27329,21,7.59572,0,108,119,5,136,5,1.00369,31.84581,0.0,0.0,5.21429,8.152,6.2826,0.0,0.0,128.0,45.02113,0.0,0.39,4.011,0.35404,0.975434,0.6790596078431372,63534.31149139623,504.26436891645017,6368.900567019543,0.07033666967461198,0.09849136466554843,0.077068386831804,0.06333513784033797,0.07824686334458088,0.0513090008328024,0.0496953731292013,91.98445496653329,100.8462004271732,50.798784420814044,0.11987143693436278,0.1251157061056715,0.08419623591302357,2.1065236559472544,0.3314867153420115,3.3056095836698876,59.0681384757314,3.5551215277777777
17,117,31.2173,7.28275,21,7.9357,0,108,119,5,135,5,1.00252,31.4788,0.0,0.0,6.35714,8.176,6.26418,0.0,0.0,128.0,44.69241,0.0,0.39,4.155,-1.0,1.028619,0.6773435294117647,63508.942524079524,502.96140466667873,6191.1745373062595,0.07004604536826418,0.09830942119212308,0.07666455645289307,0.06357141374369571,0.07856356421979416,0.0511239529256931,0.04954634771278743,91.31069897414467,100.90566374658502,49.7073008219401,0.11978707711767678,0.12334344395579572,0.08396606504231394,1.2119690027692012,0.33148671534200935,3.9511770512115216,60.82256925924931,3.363425925925926
18,118,30.8415,7.08391,21,7.94167,0,108,119,5,135,5,1.00337,31.07825,0.0,0.0,4.10714,8.144,6.26961,0.0,0.0,128.0,44.42966,0.0,0.39,3.322,-1.0,1.071773,0.6735137254901962,63542.53369043978,501.35558926226594,6007.5336106985,0.06986343183636931,0.09819785227326837,0.07655558439336665,0.06368484891066775,0.07849905432334764,0.05068116270182645,0.049411838571472376,94.36603480600388,100.96991079040626,48.58685491114487,0.1205293579962783,0.12194034977434531,0.0835667994757266,0.9889423097260213,0.33148671534200846,3.949949495366555,66.13364523162035,3.458429783950617
19,119,30.7901,7.50324,21,7.51318,0,108,119,5,135,5,1.01128,31.03232,0.0,0.0,5.0,8.133,6.07303,0.0,0.0,128.0,44.41579,0.0,0.39,4.078,-1.0,1.089009,0.6707979607843082,63682.158792021466,499.9925674229858,5971.173416195015,0.0695529961322156,0.09801202374099936,0.07653455856545252,0.06378249678030487,0.0782431799445717,0.05014261739902948,0.04911519285076687,94.27946865932307,100.99236245681121,48.58044377079717,0.12107472729117986,0.12045756594667179,0.08348131995461028,0.9149137598770176,0.3314867153420083,3.3820202335792593,66.15028632308804,3.4774305555555554
20,120,30.8376,7.58183,21,8.12685,0,108,119,5,135,5,1.00558,31.1156,0.0,0.0,5.42857,8.159,6.44037,0.0,0.0,128.0,44.38332,0.0,0.39,4.388,-1.0,1.061249,0.6693898039215685,63544.20092001252,498.87554338303346,6016.152403451724,0.06921230649195714,0.09776425398380333,0.07642100284736024,0.06448446716171538,0.07786103648753574,0.04986241722561904,0.04891857085400598,88.8282113099337,100.95714470078063,48.510176858784234,0.12110110398993386,0.11848522551420182,0.08320524508490551,1.203305604011103,0.33148671534200874,3.553831776155123,65.62484042646818,4.744888117283951
21,121,30.7096,7.39386,21,7.57127,0,108,119,5,135,5,1.00266,31.02811,0.0,0.0,7.46429,8.212,6.51583,0.0,0.0,127.0,44.38032,0.0,0.39,4.696,-1.0,1.079386,0.6703639215686275,63558.29047460386,497.95756751411136,5934.0749340699695,0.06866930378745968,0.0976575976787943,0.07842221108041873,0.06421339269105066,0.07741289723290015,0.05032009249608541,0.04879913564295531,95.08321162754604,100.97453458263011,48.536259969075516,0.12129490613464136,0.11665256732563989,0.08292380648788227,1.2640030623110452,0.33532775632106854,3.4953182559887375,65.78267554533008,4.987750771604938
22,122,30.7871,7.28807,21,7.26618,0,108,119,5,135,5,0.99937,31.11142,0.0,0.0,9.5,8.163,6.35822,0.0,0.0,127.0,44.28302,0.0,0.39,3.961,-1.0,1.071883,0.6699474509803922,63590.474768915105,497.19906979053184,5957.792508782632,0.06843937162551687,0.09779990592723499,0.077917663290354,0.06414157195286922,0.07725303053138155,0.051124855356808815,0.048665834431123316,94.93524304962725,100.97199635947648,48.393457294982156,0.12162009185032718,0.11522428614041913,0.08270106763958442,1.236517289077606,0.3314867153420094,3.5181131284493827,65.54641225648407,4.9453125
23,123,30.6698,7.13761,21,7.1948,0,108,119,5,135,5,0.99562,31.03186,0.0,0.0,7.35714,8.166,6.25752,0.0,0.0,128.0,44.25914,0.0,0.38,4.527,-1.0,1.081169,0.6695547647058815,63535.70118571902,496.5521247164247,5850.444773653609,0.06836942417954446,0.09800054647902458,0.07878679882896837,0.06416891900687602,0.07710816417945573,0.052463987031069866,0.048628933408578094,94.76278424797871,100.99032210556025,48.42352502139998,0.12198600028824884,0.11415788990075519,0.08272237466153205,1.0981791958159333,0.33148671534201163,3.515443085142546,65.5412710150341,4.693045910493828
24,124,30.3654,6.99603,21,7.33186,0,108,119,5,135,5,0.99545,30.76039,0.0,0.0,4.21429,8.162,6.1238,0.0,0.0,128.0,44.18994,0.0,0.39,3.898,0.33115,1.033518,0.6667172549019609,63720.74249028247,495.98737973072815,5687.304021554003,0.06826931820826487,0.09831818833661372,0.07926568044217587,0.06420177386539394,0.07669911874555879,0.053526389413306494,0.04850440888487184,90.83661469469284,101.04598317930234,48.66316411524643,0.12237302995947562,0.11351768697706538,0.08254150648793611,1.0254604018727835,0.3314867153420099,3.6176925201742467,65.62848150687321,4.322820216049383
25,125,30.3977,7.24158,21,7.22601,0,108,119,5,135,5,1.0066,30.80196,0.0,0.0,4.53571,8.197,6.01976,0.0,0.0,128.0,44.23368,0.0,0.39,3.92,-1.0,1.077542,0.6640921568627451,63659.95614644744,495.50229855371254,5677.351397422029,0.06808160108705143,0.0986586661678722,0.0795014293218762,0.06416464538214324,0.07632632456100513,0.05394949746510493,0.04839619368173213,92.99647608920392,101.04147811902008,48.618719595449946,0.12267335451050683,0.11308088448585886,0.08210265726117813,1.2011407133629535,0.3353277563210704,3.6726098063028494,65.55393734101473,5.320023148148148
26,126,30.6074,7.43573,21,6.95675,0,108,119,5,135,5,1.00808,31.02165,0.0,0.0,5.64286,8.139,6.25189,0.0,0.0,128.0,44.34959,0.0,0.39,3.818,-1.0,1.044161,0.6653701960784315,63895.28374534879,495.0757350069818,5754.092680629618,0.06772773753183291,0.09894302395444184,0.0789580274064469,0.06388202338415383,0.07595106042816656,0.054619230965999924,0.04824377065174835,91.46324949887753,101.01078399388308,48.70546524612992,0.12312107079463734,0.11236401164373813,0.08189447799303985,1.131115754752396,0.33148671534201185,3.6549882851675375,65.67549701365597,5.457175925925926
27,127,30.6088,7.19432,21,6.75575,0,108,119,5,135,5,1.00522,31.06646,0.0,0.0,5.28571,8.198,6.4444,0.0,0.0,128.0,44.40328,0.0,0.39,3.29,-1.0,1.063527,0.6669552941176471,63677.71412084528,494.7420996349202,5764.3335283276565,0.0676081612939839,0.0992627178179818,0.07891528535924239,0.06364084563927314,0.07570396061700187,0.0565010746758651,0.04817882050179175,93.23175597291291,101.0077055476066,48.63778516981337,0.1234547596214654,0.11192831483862443,0.08178119725897978,0.8116840529589716,0.33148671534201185,3.6072641991642387,65.96770701183699,5.391927083333333
28,128,30.7121,7.22711,21,6.68105,0,108,119,5,135,5,1.00027,31.16411,0.0,0.0,5.53571,8.292,6.21908,0.0,0.0,128.0,44.44,0.0,0.39,3.657,-1.0,1.034948,0.667052549019608,63598.74325592828,494.47903733227685,5832.425220654822,0.06763652021963085,0.09950043868914647,0.0788020070562789,0.06349857505547898,0.07550417959041388,0.05825011346212359,0.04830701640272909,95.00536275436677,100.97613418526548,48.868577933605806,0.12360208242628656,0.11145206264134012,0.08148784464027907,1.6640808720096318,0.33148671534201274,3.5414686990786035,66.06202000130186,5.20727237654321
29,129,30.9703,7.02264,21,6.46936,0,108,119,5,135,5,0.99963,31.38678,0.0,0.0,5.46429,8.211,6.21799,0.0,0.0,128.0,44.43243,0.0,0.39,3.121,-1.0,1.031438,0.6672160980392154,63791.17063799967,494.2493045121288,5945.694063779096,0.0677495993825485,0.09951828903567869,0.07868311082796439,0.06346360012008093,0.07511575033535212,0.06005168440506861,0.04857258787285407,93.86001640216918,100.94346367581247,48.909908906913095,0.12387706122338785,0.110982564667198,0.08122980920223204,0.8843846940582071,0.3353277563210693,3.4747426037839753,66.31149783094043,5.282166280864198
30,130,30.9992,7.05914,21,6.50891,0,108,119,5,135,5,1.00359,31.42721,0.0,0.0,7.42857,8.273,6.02352,0.0,0.0,128.0,44.40831,0.0,0.39,3.169,-1.0,1.045242,0.668261568627451,63802.63340536983,494.0939131173816,5919.961469204965,0.0678567356716727,0.09960105139329231,0.07871224457548365,0.0633760240437794,0.07472016858560145,0.06270273482997865,0.04893015751092623,94.77330640210556,100.94624503397866,48.8912607828776,0.12392116976130547,0.11108682693778806,0.08125639007472348,1.3618416068856445,0.3353277563210711,3.4582497340408813,66.40336044996305,5.65162037037037
31,131,31.0028,6.78289,21,6.62631,0,108,119,5,135,5,1.00296,31.4411,0.0,0.0,5.96429,8.314,6.05272,0.0,0.0,128.0,44.39282,0.0,0.39,3.476,-1.0,0.985623,0.6677756862745098,63872.825028453415,493.9858486460505,5929.123481188075,0.06823822221733329,0.0998206149257468,0.07863912070550218,0.06314877535080052,0.07438441667421736,0.06442053622055276,0.04919863324296588,92.93891061642933,100.93711356756536,48.8540182231385,0.12405557445379217,0.11153222270000206,0.08127406401713501,0.9122455450031385,0.33532775632107326,3.468546966956855,66.01689007572625,5.503375771604938
32,132,31.0162,6.35098,21,6.47832,0,108,119,5,135,5,1.00021,31.4326,0.0,0.0,5.21429,8.244,5.82265,0.0,0.0,128.0,44.35265,0.0,0.39,3.49,0.32446,1.047408,0.6668670588235295,63831.273932123586,493.9063825477696,5964.373457733121,0.06783327783403961,0.10002084523995186,0.07855025331333154,0.06300696924452999,0.07409594616865244,0.06689775437801446,0.04941323364733286,90.94056532201566,100.94818555533813,49.10987929355951,0.12462370770457228,0.11108038991442722,0.0812741756532632,1.1211878988462611,0.3353277563210724,3.4395455006481317,66.41351541787269,5.287374614197531
33,133,31.0177,5.58178,21,6.69888,0,108,119,5,135,5,0.99696,31.43084,0.0,0.0,5.75,8.21,5.45213,0.0,0.0,129.0,44.30481,0.0,0.39,3.201,-1.0,1.036992,0.6671050980392158,63809.83397465664,493.88514417045553,5980.703981184447,0.06781129347020726,0.1002098100776515,0.07851823502005109,0.06292758048943066,0.07397544408996877,0.0694242478037243,0.04966353363638833,95.00950500929578,100.9359331566177,49.204865443853684,0.12482969033824298,0.11023227428198869,0.08106064043025407,1.2324073970733032,0.3353277563210734,3.405929167130806,65.87497632179674,5.23755787037037
34,134,31.0481,5.51366,21,6.15417,0,108,119,5,135,5,1.00647,31.47958,0.0,0.0,6.25,8.243,4.78574,0.0,0.0,129.0,44.28781,0.0,0.39,3.203,-1.0,1.02935,0.6685564705882353,63757.23072040865,493.8597834886513,5970.714081840401,0.0678229730656951,0.10052212376258897,0.0784982117107854,0.06297471032030695,0.0738445813813514,0.07070794267687434,0.04988139220277243,93.55555103798874,100.92492907352288,49.47803544409481,0.12455582802285141,0.10966659218178101,0.08083702237482492,1.027379246743361,0.3353277563210706,3.366702668338249,65.51759049016748,5.423466435185185
35,135,31.0899,5.31606,21,6.16724,0,108,119,5,135,5,1.00904,31.51339,0.0,0.0,7.17857,8.163,4.73669,0.0,0.0,128.0,44.25657,0.0,0.39,3.493,-1.0,1.018846,0.6669188431372534,63908.461182663596,493.8421944177293,5994.120033455846,0.06778092659755272,0.10071194415290546,0.07831630680261656,0.0629346608670882,0.07373004795437378,0.07393616335465306,0.050064126212720245,94.25419637511303,100.93095984047474,49.28026251145351,0.12444499232183714,0.10922839400270101,0.0808561744440943,0.8681463233139891,0.3314867153420132,3.4222376057479518,65.65181619919139,5.92529899691358
36,136,31.1715,5.41076,21,6.3009,0,108,119,5,135,5,1.00138,31.58769,0.0,0.0,6.28571,8.198,4.57081,0.0,0.0,128.0,44.2829,0.0,0.39,2.657,-1.0,1.032418,0.6668074509803923,63753.5131306195,493.8460270214407,6057.405939280286,0.06762537099961707,0.10083089928064436,0.07803692674105042,0.06287169813459922,0.0735956487409392,0.07610097047590511,0.0502959615546017,93.08489361390667,100.91051792023775,49.24369265709394,0.12447985297104791,0.10878861399059125,0.08066245351503122,1.0238288066957246,0.3353277563210723,3.4016475588998247,65.78383956629835,6.179542824074074
37,137,31.3315,5.36524,21,6.13347,0,108,119,5,135,5,0.98938,31.74125,0.0,0.0,5.92857,8.209,4.64602,0.0,0.0,129.0,44.31573,0.0,0.39,2.638,-1.0,1.024417,0.6679164705882353,63761.52288323457,493.8517868574275,6111.849970832615,0.0675326527205671,0.10093372502962847,0.07783361841080942,0.06271537709916948,0.0734566313984005,0.07800571054230246,0.05045404545674219,94.2740407327319,100.89113873675997,49.50505574544271,0.12445038841966821,0.1081374090832755,0.08046955941999556,1.3856373593110225,0.33148671534201035,3.4391315806183664,65.60637651204786,6.1694155092592595
38,138,31.3965,5.3393,21,6.30297,0,108,119,5,135,5,0.99203,31.80123,0.0,0.0,7.71429,8.181,4.59763,0.0,0.0,128.0,44.33846,0.0,0.38,2.976,-1.0,1.082315,0.6688163725490172,63731.88644219176,493.87234501454793,6126.469226842128,0.06760182836313561,0.10103737469319508,0.07770626039780568,0.06254420962496327,0.07332424399910939,0.07931035340536308,0.05064656855702741,89.11714447756145,100.89518723195708,49.22304751549238,0.12450516475002528,0.10758552546456635,0.08045691920654331,1.3771575728470107,0.3314867153420118,3.4862792078035536,65.42425731075247,6.257426697530864
39,139,31.362,5.40923,21,6.30926,0,108,119,5,135,5,0.99499,31.77163,0.0,0.0,6.28571,8.167,4.57624,0.0,0.0,128.0,44.31487,0.0,0.39,2.664,-1.0,1.073125,0.6672956862745097,63682.58303907574,493.9059842214981,6105.158857913321,0.06766532547666161,0.10111327858727907,0.07748637165617375,0.062414099737659566,0.07322572927631624,0.07998111592598371,0.050883909176089544,94.12380647013457,100.90835249878951,49.21142672315056,0.1245094133955729,0.10702634131129507,0.0804106540383577,1.4332474252207803,0.3314867153420127,3.477063569280092,65.75898704551219,6.378327546296297
40,140,31.3968,5.80097,22,6.65229,0,108,119,5,135,5,1.00327,31.83087,0.0,0.0,5.57143,8.214,4.63438,0.0,0.0,128.0,44.32791,0.0,0.39,2.738,0.33449,1.036174,0.6675180392156862,63682.58736316917,493.92682430665377,6120.833713905208,0.06763184559588513,0.10138871481793724,0.0772629214954868,0.06237377462025107,0.07306573488113895,0.08036518985327809,0.051002583114443584,88.61831405358872,100.87617105249939,49.353814772617675,0.12462941259613856,0.10666528844449864,0.08015077262439634,0.9332648321565041,0.33754538236429515,3.513623429988975,65.77333167861129,6.90600887345679
41,141,31.5747,6.58841,22,7.06634,0,108,119,5,135,5,1.00118,32.0208,0.0,0.0,6.28571,8.184,4.97202,0.0,0.0,128.0,44.36592,1e-05,0.39,3.37,-1.0,1.012483,0.6674729411764706,63777.43549064669,493.9031281191114,6224.234155364081,0.06749110346235285,0.10172533517734035,0.07716486350586829,0.0623359293756884,0.07323482264822119,0.08068707601777295,0.05120217264902097,92.88834357422962,100.83878821279146,49.32155769253955,0.12456128363883169,0.10696878995889822,0.0800540373411806,1.149867527217886,0.3353277563210732,3.633960783331906,65.86669958699974,7.33960262345679
42,142,31.3628,6.77016,21,8.25286,0,108,119,5,136,5,1.00486,31.75751,0.0,0.0,6.25,8.228,5.69973,0.0,0.0,127.0,43.84072,0.0,0.38,3.178,-1.0,1.062817,0.6561196078431373,63734.0182966085,493.9302187806057,6110.939843290338,0.06733370589305743,0.10190324425294454,0.0770632892757919,0.06227772593844773,0.07293627214111066,0.08098038587671055,0.051420253520884494,94.5851672982961,100.91058893649745,49.88468782401379,0.12449580020010398,0.10670300539989291,0.07987575222922469,1.6488162577458714,0.33148671534201074,4.139461163984736,60.519239101809845,7.769675925925926
43,143,31.373,6.99395,21,8.25281,0,108,120,5,136,5,1.0097,31.78883,0.0,0.0,6.96429,8.356,5.81523,0.0,0.0,126.0,43.71381,2e-05,0.39,3.101,-1.0,1.077511,0.6521980392156863,63729.0848041416,493.9701048943301,6118.529275643505,0.06734812144828338,0.10223249662385578,0.07677338236902724,0.062198066543379955,0.07266581340829636,0.08178298771124365,0.051542348852662546,89.09844242357381,100.89766741746692,49.92739792812018,0.12424888444589428,0.1059672612973356,0.07956052299594599,0.8703817292532838,0.3314867153420096,3.776658203179363,59.66911738483699,8.240644290123457
44,144,31.6067,7.1645,22,8.56852,0,108,120,6,136,5,1.01216,32.0317,0.0,0.0,6.03571,8.327,6.02137,0.0,0.0,126.0,43.8691,0.0,0.39,2.678,-1.0,1.049171,0.653598431372549,63779.973121221614,494.06845978447814,6240.050828632193,0.0673891811967504,0.1026062974399533,0.07650992735358204,0.06214595733907239,0.07233921067906966,0.08307769652496934,0.051706943313727556,88.68443158096679,100.85576788808717,48.91867329161844,0.124218728961153,0.1056118141012501,0.07940502014442337,1.0252731832745783,0.3314867153420089,4.292279692972693,60.52226506278591,8.560522762345679
45,145,32.0485,7.21402,22,9.49085,0,108,121,6,135,6,1.01522,32.48547,0.0,0.0,3.92857,8.203,6.1805,0.0,0.0,126.0,44.22866,0.0,0.39,2.733,-1.0,1.036067,0.6564329411764706,63866.69515441731,494.29954761427916,6510.010171698139,0.06737675112786516,0.10307202448864593,0.07628628855875833,0.062014263948717396,0.07212383551447418,0.08396218435240514,0.05190307014366877,94.29612302914404,100.7812660126402,48.10049815236786,0.12425973095064738,0.10549543887366845,0.07947444771236878,1.317359359360714,0.33532775632107165,4.723631104507548,63.01601357895864,10.616994598765432
46,146,32.1216,7.48208,22,8.32906,0,108,121,6,136,6,1.01418,32.54028,0.0,0.0,5.07143,8.192,6.1996,0.0,0.0,126.0,44.23335,0.0,0.39,2.931,-1.0,0.988206,0.6563666666666667,63917.15417354954,494.54851895794195,6526.994261005547,0.06730225571534959,0.10358187278156997,0.07602742815375074,0.061953511843279345,0.07207545523343582,0.08436527290707316,0.05205478100598278,95.05999143709677,100.77621560727928,47.953761536398055,0.12449091402488854,0.10609250124235799,0.07932291343105528,1.4924918881838856,0.337545382364294,3.7825535538314434,63.046140884687205,11.080970293209877
47,147,32.0044,7.878,22,8.70022,0,109,121,6,136,6,1.00671,32.44253,0.0,0.0,4.64286,8.339,6.4302,0.0,0.0,125.0,44.26168,0.0,0.39,3.725,-1.0,1.050331,0.6567788235294117,63812.12980524359,494.8168489399117,6438.10420524055,0.06726128680115201,0.10400853440437541,0.07561175490628301,0.061834471842365415,0.07185435692847654,0.0844144698803882,0.05216623077800712,92.86685831831191,100.78791762438298,47.827882178035786,0.12498100238875011,0.10684372082578633,0.07899607907067242,1.5460340093102871,0.33532775632107253,3.8346971331023596,62.73661366396043,11.25998263888889
48,148,32.0786,8.1755,22,8.98333,0,109,121,6,136,6,1.00197,32.53873,0.0,0.0,4.82143,8.366,6.78123,0.0,0.0,125.0,44.30549,0.0,0.38,3.808,0.28498,1.069164,0.6579360784313725,63736.285462769534,495.0696834863253,6511.186720204795,0.06731855150556874,0.1043486931587047,0.07520986056769659,0.06174063949500592,0.07170529844420102,0.08435885330823957,0.05235262292240539,91.23425627792321,100.76263892776933,47.92559042094666,0.12510528369544707,0.1063841931860492,0.07875880243398155,1.5252989177694791,0.335327756321072,3.8973862604399176,62.83515674020761,11.482590663580247
49,149,32.2009,8.27105,22,8.60079,0,109,121,6,136,6,0.9999,32.61795,0.0,0.0,5.14286,8.27,7.03693,0.0,0.0,126.0,44.41218,0.0,0.39,3.369,-1.0,1.072117,0.6611580392156863,63695.16284404899,495.31591729689706,6590.600684445241,0.0674139535091949,0.10464185548787698,0.07486957277756578,0.061700488750591816,0.07151925208357536,0.08429886460775737,0.052517634145160585,89.5545621868491,100.75228999478622,47.932458383065686,0.12517454092717417,0.10586629780333867,0.07867717262260243,1.5079644555946803,0.33532775632107237,3.859044814977154,62.70713528850345,11.775511188271604
50,150,31.9535,8.79035,22,9.13415,0,109,121,6,136,6,1.00438,32.37966,0.0,0.0,3.78571,8.342,7.11809,0.0,0.0,128.0,44.47864,0.0,0.38,3.062,-1.0,1.083763,0.6625796078431373,63570.713456108395,495.5257178451003,6450.8093823833615,0.06745106870750203,0.105008414382935,0.07456679921686542,0.06164315356856403,0.07148928287441761,0.08423372517099081,0.05257867055938037,93.19989408016204,100.78468672662939,47.77037745346257,0.12531639523172067,0.1053416742561345,0.07860847100571733,1.2925208472180696,0.3314867153420144,3.916190787349591,62.91141735766149,12.38377700617284
51,151,31.8198,9.78796,22,10.0275,0,109,121,6,136,6,1.01198,32.26621,0.0,0.0,4.0,8.502,7.58661,0.0,0.0,127.0,44.55563,0.0,0.38,3.546,-1.0,1.122609,0.6648239215686275,63624.190175332275,495.7350429508512,6362.734518746378,0.0673703936056353,0.10521222322223063,0.07437311972645529,0.061511758337158114,0.07155338603286897,0.08419936687423323,0.052633860758356146,92.91978538954581,100.7846702426373,47.75317627706646,0.12555688062310807,0.10479206738798875,0.07832229110295344,1.3873477565079224,0.33754538236429704,3.9648114428709693,62.57710992332139,12.703269675925926
52,152,31.6779,11.1225,22,9.94559,0,109,121,6,136,6,1.00499,32.14433,0.0,0.0,5.25,8.532,8.41912,0.0,0.0,127.0,44.57963,0.0,0.39,2.721,-1.0,1.10725,0.6654298039215686,63693.20439878144,495.92420385296543,6296.352089595461,0.06726624879181516,0.10543252148704099,0.07403307012806173,0.06142733993721944,0.07131800472546654,0.08413309491428894,0.052744331474986736,91.28091712453875,100.81551284252156,47.66481941128954,0.12566332052675244,0.10441942860607369,0.07811326516047525,1.6368154654727112,0.3353277563210728,4.030835006712312,62.445293126002994,12.702015817901234
53,153,31.6594,11.6764,22,11.2785,0,109,121,6,136,6,1.00023,32.15099,0.0,0.0,4.42857,8.423,9.55347,0.0,0.0,127.0,44.45911,0.0,0.38,2.007,-1.0,1.104676,0.6622190784313701,63585.50655085687,496.17750331560836,6288.148025414132,0.0672437339055291,0.10571561861595073,0.0737277211843586,0.06143139039241504,0.0712642746042267,0.08400346815102042,0.05274990064681032,89.55731901042222,100.7917547388517,47.67219373914931,0.1255835679238164,0.10399433055918525,0.07803046694515473,1.3401325665451984,0.3375453823642998,4.154040263162268,63.18381911613487,12.766685956790123
54,154,31.5359,12.1088,22,11.0058,0,109,121,6,136,6,1.00137,32.11187,0.0,0.0,4.53571,8.449,10.02599,0.0,0.0,127.0,44.20458,0.0,0.39,2.387,-1.0,1.076086,0.6586384705882351,63592.144961455095,496.4710205399597,6269.904761749381,0.0672828878417284,0.1060160377555103,0.07350617606649047,0.06146992348786074,0.07099438689258884,0.08382863222046004,0.052670834275692184,89.63079253486612,100.77941078023544,47.739464088722514,0.12542953514241953,0.10360647168642362,0.07794480414535052,1.1012832519581455,0.3375453823643004,4.300288837467566,63.98353483372844,12.834394290123457
55,155,31.3993,12.5089,22,11.0427,0,109,121,6,136,6,1.0012,32.0236,0.0,0.0,3.78571,8.538,10.39336,0.0,0.0,126.0,43.96363,0.0,0.38,2.703,-1.0,1.04937,0.6555356862745099,63703.57506491101,496.7327528427146,6235.831082424553,0.06731260219030305,0.10619200700864961,0.07317816493957614,0.061481306064019914,0.07094178861612577,0.0836150323836782,0.053267181213654057,89.12950126574474,100.78198718881521,47.819832695855034,0.12512042737441778,0.10352658691571595,0.07765602016139872,1.2673138235395052,0.33754538236430287,4.357895263227101,63.54623444206134,12.602478780864198
56,156,31.5482,12.5833,22,12.3852,0,110,121,7,136,6,1.00415,32.17339,0.0,0.0,3.85714,8.622,10.73686,0.0,0.0,126.0,43.77272,0.0,0.39,2.215,0.29668,1.020469,0.6530337254901961,63669.73059463143,496.9196526581679,6319.578106489845,0.06730601104049987,0.10639350563284118,0.07278834160035537,0.06145846600801968,0.07080316359369304,0.08365260034329303,0.05318991381372128,89.69150971290502,100.75622350106914,47.810853369442036,0.1250265555766949,0.10353368816175017,0.07747412567375042,1.5182997167241699,0.33754538236430287,4.43143139781483,63.12560448596818,12.848813657407407
57,157,31.4532,12.5167,22,12.2257,0,110,121,7,136,6,1.0089,32.11556,0.0,0.0,4.5,8.546,10.80038,0.0,0.0,126.0,43.5614,0.0,0.39,1.986,-1.0,1.026726,0.6508533333333334,63609.117796182574,497.10117786302425,6232.6051771869825,0.0672492374122728,0.106612613540272,0.07241266113345872,0.061368636178386254,0.07070513993585849,0.08384560640522036,0.05336769233870049,93.77436609579418,100.77066428945209,47.90981829607928,0.12493383751672882,0.10315491317909695,0.07736534577533705,1.0870047537022751,0.33754538236430354,4.4886596397330365,63.129785646118265,13.438753858024691
58,158,31.3265,12.9494,22,12.7953,0,110,121,7,136,6,0.99675,32.01956,0.0,0.0,3.39286,8.641,10.74219,0.0,0.0,126.0,43.39983,0.0,0.39,1.863,-1.0,1.031312,0.6501086274509803,63571.20008431992,497.2760010084538,6211.846390721878,0.06725516031188138,0.10678814738971883,0.07213980736115659,0.06125635037696281,0.07055524518955555,0.0840772339221682,0.054420919557591894,90.6988605894004,100.7688270955745,48.03200239016686,0.1250004436627144,0.10262837915123688,0.07708326235929969,1.2653189220043097,0.33754538236430404,4.586757611827825,63.402739200124415,14.01808449074074
59,159,31.3555,12.4104,22,12.4916,0,110,121,7,136,6,0.99366,32.06945,0.0,0.0,2.71429,8.557,11.12307,0.0,0.0,126.0,43.23315,0.0,0.39,1.629,-1.0,1.039631,0.6482482352941177,63512.67861803651,497.40604536316147,6254.082092132425,0.06732902407588423,0.10714366106382393,0.07213882369797049,0.061175390159941875,0.07050276026568597,0.08448988966938675,0.054240359772513694,89.16532886615055,100.77219423276509,48.09849359959732,0.12475685462586708,0.1022329501512346,0.07682361378204271,0.9175645802380381,0.3375453823643042,4.550830265139434,62.97133545204214,14.491657021604938
60,160,31.1835,12.7235,22,12.0136,0,110,121,7,136,6,0.99868,31.91626,0.0,0.0,3.10714,8.447,10.65924,0.0,0.0,129.0,43.21558,0.0,0.39,1.814,-1.0,1.027091,0.6479733333333334,63499.88073731477,497.50361710337296,6077.4007603689515,0.06797887064912939,0.1077517801766197,0.07214188663243193,0.061021612200365526,0.07053532643784681,0.08535547781877201,0.05466982372220707,92.69011041310488,100.81663559201198,47.92720144766348,0.12448006031570649,0.10201339383579074,0.07633249030402613,1.107000052382867,0.3375453823643024,4.427853527774595,62.68550404881216,15.169801311728396
61,161,31.2254,13.6911,22,12.8983,0,110,121,7,136,6,1.01155,31.95752,0.0,0.0,3.17857,8.469,10.93186,0.0,0.0,129.0,43.23929,0.0,0.39,1.858,-1.0,1.036837,0.6521345098039216,63523.149056509246,497.56229260079715,6117.520026987936,0.06804919189416249,0.10812075215843416,0.07155386174799253,0.0609582743313601,0.07094868583559683,0.08610049400128539,0.05446304917794564,90.43175667510312,100.77963995573003,47.86141704041281,0.12436449969198424,0.10166190289268273,0.07602994544250613,1.1428724023243744,0.33754538236430537,4.4683541437377166,62.573395832973404,15.734664351851851
62,162,31.3188,13.8491,22,12.7864,0,110,121,7,136,6,1.01636,32.0205,0.0,0.0,3.10714,8.511,11.75281,0.0,0.0,129.0,43.17429,0.0,0.38,2.135,-1.0,1.011791,0.6521796078431373,63615.570815498715,497.5815867480295,6188.546281638746,0.06932888300407843,0.10850006702871272,0.0713149942687893,0.06087097186014002,0.07100006237904857,0.0871169179645352,0.054552196048952756,89.34499096224741,100.7565288539326,47.8373833173587,0.12441067549514198,0.101119820455411,0.07555107743432478,0.909175920329594,0.3375453823643055,4.496698981439726,63.08314841827075,15.953993055555555
63,163,31.2469,13.7652,22,12.9694,0,110,121,7,136,6,1.01883,31.93708,0.0,0.0,2.39286,8.513,11.88967,0.0,0.0,129.0,43.17296,0.0,0.39,1.836,-1.0,1.03592,0.6546690196078431,63577.83568622977,497.59063029240156,6207.096652227592,0.0678599816642004,0.10906021334554714,0.07085041935815992,0.06074443147137499,0.07112944476337367,0.08780325739694063,0.05477635787017416,92.51097375653002,100.75397452842965,47.77935809853636,0.12439377894067971,0.10018176217879715,0.07512524978360989,1.0821695314353426,0.3375453823643048,4.497938181491211,63.174938578188915,15.719666280864198
64,164,31.4094,14.0467,22,13.5547,0,110,121,7,136,6,1.01781,32.05949,0.0,0.0,2.03571,8.632,11.81916,0.0,0.0,129.0,43.18401,0.0,0.38,1.999,0.27829,0.992711,0.6559498039215687,63576.9745352326,497.55170425553194,6242.842694432455,0.06787203802636022,0.10955481243002359,0.07046852683662623,0.060678531930044285,0.07175428733729956,0.0884768033108883,0.0551772551911203,88.87022218352216,100.73922694091684,47.88592962571132,0.12432307985514433,0.09889958814726642,0.07480525344130928,1.2081554330757698,0.337545382364304,4.553665201741047,63.37536254482035,15.769579475308642
65,165,31.468,14.5915,22,14.7174,0,110,121,7,136,6,1.01519,32.06367,0.0,0.0,3.28571,8.562,12.06752,0.0,0.0,129.0,43.15225,0.0,0.38,1.722,-1.0,0.981755,0.6562403921568628,63597.87948628192,497.52627670322215,6257.3228568972145,0.06761402300187608,0.10979924356051653,0.07051748071093777,0.06057384819321359,0.07157544414592151,0.08888055340993278,0.055419704796696195,90.84633623120347,100.72694037441306,47.89601304796007,0.12423495576110355,0.09765549123695677,0.07459591664737918,1.2235091396345992,0.33754538236430265,4.603166998060904,63.28655080506915,15.641010802469136
66,166,31.6876,14.4991,22,15.0849,0,110,121,7,136,6,1.00917,32.26097,0.0,0.0,2.07143,8.546,12.52928,0.0,0.0,129.0,43.25816,0.0,0.38,2.044,-1.0,0.959217,0.6580627450980392,63689.24934036988,497.48014339370155,6378.21663758679,0.06760455727472182,0.11020982214074537,0.07041609468614464,0.0605302178366881,0.07132835199343228,0.08935111342723671,0.05540514403638773,87.24739500477844,100.68948542991791,48.1722935806086,0.12426847460213179,0.09664130142265843,0.07434677951670587,0.8650225047003213,0.33754538236430376,4.718320760326188,63.22439088123472,15.71899112654321
67,167,31.1876,14.4698,22,13.9424,0,110,121,7,136,6,1.00511,31.82856,0.0,0.0,3.25,8.536,12.44872,0.0,0.0,128.0,43.16885,0.0,0.39,2.665,-1.0,0.914584,0.654447843137255,63686.884080184645,497.3822272492505,6085.300716253261,0.06793885213556,0.11063743837379111,0.07009698298186111,0.0604687190078619,0.07117405672324957,0.08980376601238575,0.05491975261990458,90.65547504354116,100.77277437980979,48.063526106469425,0.12407271387743385,0.0958430189366016,0.07403947596684173,1.2433402484041154,0.3375453823643057,4.7149779502940685,62.47764965819711,15.731385030864198
68,168,31.1232,14.3786,22,15.3472,0,110,121,7,136,6,1.00046,31.83428,0.0,0.0,2.03571,8.648,12.41852,0.0,0.0,128.0,43.03785,0.0,0.39,3.133,-1.0,0.874352,0.6505853921568602,63757.83457427282,497.2733080359471,6038.092330899433,0.06819762369791116,0.11104907950435502,0.06991141712437504,0.06044250717588058,0.07126838242208242,0.09026020645583041,0.05465022354448171,87.97986567500135,100.75184999300184,48.08184776777102,0.12381293535710192,0.09517348545945015,0.07379219272434343,1.2112857430768076,0.33976300840753404,4.676739896379183,62.75198035011918,15.831404320987655
69,169,31.4063,14.8458,23,15.7236,0,110,121,7,136,6,1.00451,32.20935,0.0,0.0,1.75,8.745,12.36347,0.0,0.0,129.0,43.1398,0.0,0.39,2.575,-1.0,0.852651,0.6504121960784313,63959.70370483335,497.13870146391434,6120.35899665626,0.06855443724231716,0.1114622952771545,0.06992290211162289,0.06035045416782653,0.07118413568877223,0.09068761013822271,0.05438322355232937,89.41886948236586,100.70378400334066,48.60918191038532,0.12343761418283558,0.09555763086469232,0.07371512199711393,1.0910351251933101,0.3458216754298218,4.9383953386794115,62.85508134037117,16.015432098765434
70,170,32.4232,15.5986,23,16.0921,0,111,120,7,136,6,1.00483,33.26425,0.0,0.0,0.89286,8.658,12.778,0.0,0.0,128.0,43.37726,0.0,0.39,1.99,-1.0,0.793557,0.6540678431372549,63943.94360133923,496.9853530475846,6638.932209049121,0.06889186616845998,0.11195700465725983,0.07019570081922319,0.060324237462492915,0.07093396410289257,0.09123413522666422,0.054470518924741515,90.53298335063144,100.50306287410216,49.09159926426263,0.12327191350815862,0.0953684869596538,0.0736594419304925,1.2125417301753931,0.34582167542982867,4.9662762528839295,63.354016631116565,16.3046875
71,171,32.8068,15.4423,24,16.061,0,111,120,7,136,6,1.0093,33.70675,0.0,0.0,3.10714,8.573,13.4146,0.0,0.0,129.0,43.5568,0.0,0.39,2.017,-1.0,0.816448,0.6599038235294108,63693.45800846129,496.8190779247966,6805.194579529931,0.06914427504315365,0.11253049008132433,0.07016207810410331,0.06020829457683764,0.07075320328459453,0.09175726674741522,0.054690469612472585,88.2878384223757,100.44180964773118,49.05977847252363,0.12283210890270417,0.09395570725650712,0.07334776106225603,1.341639867164823,0.35188034245211636,4.931386748535516,63.90620512760201,16.67549189814815
72,172,32.8233,15.6017,24,16.3788,0,111,120,7,136,6,1.0074,33.79389,0.0,0.0,3.64286,8.694,13.27283,0.0,0.0,128.0,43.64286,0.0,0.39,1.959,0.25476,0.77788,0.6600639215686275,63700.094350719075,496.6492517720417,6813.55591347799,0.0692740213200067,0.11302573311466477,0.07019741955010861,0.060207688661380654,0.07090378282440432,0.09228220467481275,0.05483571027307726,88.42978661524715,100.41482552286546,48.908168274679305,0.1225235706847156,0.0933374504192058,0.07331777676377256,1.022206380540051,0.35188034245212013,4.931274253175427,63.7403561794707,16.93089313271605
73,173,32.8409,15.2187,24,16.961,0,111,120,7,136,6,1.00426,33.83284,0.0,0.0,3.14286,8.699,13.39437,0.0,0.0,129.0,43.68082,0.0,0.39,2.424,-1.0,0.813841,0.6592376470588235,63651.07414195441,496.4363693954724,6821.353723775969,0.06955854375513912,0.11358334483065144,0.07044140025098178,0.060216812949137194,0.07119246519752266,0.09257859673258577,0.055406702755964245,89.76341354174082,100.41074494692515,48.8837495026765,0.12238022149722545,0.09314114100524412,0.07321775977812633,1.4188073308025109,0.35188034245212124,4.936920953049216,63.5786259477796,17.017216435185187
74,174,33.2969,15.0876,24,16.7938,0,111,120,7,136,6,1.00084,34.23762,0.0,0.0,3.5,8.602,13.06746,0.0,0.0,128.0,43.64746,0.0,0.39,3.649,-1.0,0.839324,0.6575937254901961,63677.34972931058,496.20301383120534,7083.8737163126525,0.06987229200874068,0.11410474009588562,0.0705267042218637,0.06042844021331138,0.07128941920485489,0.09296628963912057,0.056191193127922506,90.29992695197427,100.33279379477207,49.0856046323423,0.12219828546765153,0.0934086120268954,0.0732641654185512,1.833160928763183,0.3480393014730603,4.977779360170466,63.413328237059616,17.10402199074074
75,175,33.0568,14.7403,24,18.4383,0,110,121,7,137,6,1.00102,33.88587,0.0,0.0,4.32143,8.539,13.02672,0.0,0.0,128.0,42.89621,0.0,0.39,2.896,-1.0,0.886123,0.6414078431372549,63626.56812769648,496.09312817197946,6937.80292414158,0.07055380311572217,0.11419317826711034,0.0707429757021909,0.060201898017527566,0.07084672389074101,0.09342153391531635,0.0567609275510835,88.62283510109695,100.42768046124138,50.79471371497637,0.12237298646990125,0.0936172545736768,0.07289510109339851,1.6514169404696672,0.34582167542983044,5.416249612980661,63.93953811364411,16.874903549382715
76,176,33.2711,14.5568,24,16.1762,0,110,121,7,137,6,1.00637,34.10878,0.0,0.0,4.85714,8.641,12.65797,0.0,0.0,128.0,42.88993,0.0,0.39,2.528,-1.0,0.906458,0.645249411764706,63652.078903985355,495.9663166558075,7044.314015908387,0.07120477826527703,0.11446013838880398,0.07079083868270673,0.0599880653883739,0.07050691144877436,0.09404862383632694,0.05671677036585557,90.72192080542325,100.42250779480139,50.84238009982639,0.12271251357959513,0.09361308614629742,0.0725885037087795,1.9155566039884977,0.34582167542982956,5.032181367159335,63.3778773920275,17.214940200617285
77,177,33.2883,14.453,24,16.4843,0,110,121,7,137,6,1.01196,34.14095,0.0,0.0,3.28571,8.597,12.50255,0.0,0.0,128.0,42.9459,0.0,0.4,2.514,-1.0,0.822056,0.6478560392156834,63720.927637865505,495.8266901268232,7050.881506100125,0.0718470510323287,0.11471974428636454,0.07099455531648848,0.05971387634614591,0.07057288879314927,0.09456206047319468,0.056983807418476085,88.53834149096102,100.39388204220694,50.95873288755064,0.12296324396836561,0.0936938038869077,0.07258907932347865,1.1764888201563917,0.34803930147305717,4.94538759276197,63.514851790154424,17.24122299382716
78,178,33.427,14.4415,24,16.7697,0,110,121,7,137,6,1.01089,34.22788,0.0,0.0,6.28571,8.506,12.41101,0.0,0.0,128.0,42.95393,0.0,0.39,2.755,-1.0,0.864507,0.6464282352941177,63722.824409237815,495.7036577556724,7151.942036785528,0.07251618971285834,0.11507187971956671,0.07103952169334551,0.05952404221517827,0.07073112521134813,0.09512179862110845,0.05766865178279435,87.33665350586081,100.39277005322342,51.0121959168234,0.1223467860018844,0.09375658147175814,0.07263743550190284,1.5434844758722381,0.3480393014730559,4.852599459559556,63.61319436849224,17.19507137345679
79,179,33.5847,14.5913,24,16.1301,0,110,121,7,137,6,1.00975,34.35073,0.0,0.0,6.57143,8.394,12.40277,0.0,0.0,128.0,43.05233,0.0,0.4,2.804,-1.0,0.847073,0.6477713725490196,63614.68139145894,495.5784372212355,7267.073948356716,0.07302711525403865,0.11538775658623297,0.0713428920395102,0.059433440767840115,0.07097408128409541,0.09566996627927093,0.05787187641473322,86.64851573731436,100.37986791540034,50.97985839843751,0.12209925924481514,0.09366685353144831,0.07270712199212717,0.9919009455803222,0.34803930147305334,4.823913700504778,63.35359080218316,16.985001929012345
80,180,33.4392,14.3864,24,16.6482,0,110,121,7,137,6,1.00789,34.22241,0.0,0.0,4.85714,8.482,12.53819,0.0,0.0,128.0,43.12342,0.0,0.4,3.13,0.23753,0.853455,0.6499580392156863,63670.56435728629,495.4674410823704,7148.5024367777405,0.07377209006597277,0.11578196349520922,0.07189193280868196,0.05902961314261467,0.07135469879383771,0.09616344408653174,0.05828613010314454,88.61582848278806,100.39804440888135,51.04980506426023,0.12189699569661913,0.09392582069809977,0.07252141552767764,1.7016585571059264,0.3458216754298286,4.810482414710899,63.582424292066655,16.902440200617285
81,181,33.3469,14.2423,24,16.3776,0,110,121,7,137,6,1.00709,34.11244,0.0,0.0,6.10714,8.653,12.35322,0.0,0.0,128.0,43.18535,0.0,0.4,3.415,-1.0,0.807465,0.6516262745098039,63659.75565267704,495.3711329553889,7085.578886946476,0.07469086805537599,0.11621782464751115,0.07153446452343107,0.058914067010383694,0.07191615810652056,0.09643370628226097,0.05848063543991405,86.11208089201236,100.41276988221017,51.217663235134545,0.12178608423320716,0.09416060250454508,0.07241207872608406,1.0435984832144938,0.34803930147305434,4.827815386712609,63.63127038992522,16.840036651234566
82,182,33.3178,14.203,24,15.9409,0,110,121,7,137,6,1.00068,34.11618,0.0,0.0,5.75,8.448,12.22919,0.0,0.0,127.0,43.06761,0.0,0.4,2.809,-1.0,0.803658,0.6481490588235292,63625.67007587017,495.3048548250087,7114.855567907665,0.0754318392510723,0.11617668915487518,0.07156865677734245,0.05884450279202629,0.07235873429613965,0.0965105867273635,0.05923924372293963,88.83977369073598,100.41154848500035,51.19235191816165,0.12174165393568033,0.09418941064373755,0.07271302575765735,2.008697755686051,0.348039301473056,4.798694306375339,64.01439514410767,16.620273919753085
83,183,33.0549,14.7488,24,15.1449,0,110,121,7,137,6,1.00428,33.90592,0.0,0.0,5.89286,8.421,12.1975,0.0,0.0,128.0,43.03524,0.0,0.4,2.439,-1.0,0.808597,0.6484411764705882,63634.697185927325,495.28494444757234,6971.672126697475,0.07617770819808604,0.11633019771130082,0.07133278131739215,0.05871231549360388,0.07298551622577287,0.09651860778389017,0.059828165064692386,88.27384844146341,100.4461898943898,51.1244657540027,0.12136829456474675,0.09393639308499425,0.0727825220541972,0.9968267287834821,0.34803930147305556,4.801170861461452,64.03818077884382,16.471981095679013
84,184,32.9967,15.0801,24,15.8547,0,110,121,7,137,6,1.00844,33.86739,0.0,0.0,6.46429,8.549,12.66425,0.0,0.0,128.0,42.98066,0.0,0.4,2.945,-1.0,0.821719,0.648622509803921,63638.170497751555,495.26974335260866,6896.028487579062,0.07667149165944999,0.11650526255536095,0.07170470519368549,0.058618455759796864,0.07374333365442859,0.09659592491503317,0.06016336048027649,87.92240510093305,100.47281318070779,51.16493658371913,0.12110212520368291,0.09356612586863765,0.07256567871911251,1.2552282150434315,0.3458216754298293,4.735242704408107,63.43747471365448,16.43894675925926
85,185,33.3758,14.7792,24,16.1199,0,110,121,7,137,6,1.00589,34.20175,0.0,0.0,7.39286,8.508,12.94846,0.0,0.0,128.0,42.90661,0.0,0.39,2.881,-1.0,0.817364,0.6469690196078418,63860.123783172356,495.2841918411426,7132.1103560185165,0.07739411366901652,0.11675634363077575,0.07159152570533585,0.05854064842659608,0.07450418543758265,0.09673076991491206,0.06045201262490579,87.55521545826275,100.4152297115453,51.17193641191648,0.12082536826022221,0.09341221544694811,0.07338818735970869,1.1583633943019362,0.34582167542982806,4.757909252658453,63.63932570046326,16.121720679012345
86,186,33.5617,14.539,24,15.2625,0,110,121,7,137,6,1.00346,34.36012,0.0,0.0,6.17857,8.322,12.68644,0.0,0.0,128.0,42.79262,0.0,0.4,3.286,-1.0,0.826575,0.6393188235294117,63873.1703919605,495.33385624674247,7211.437575296206,0.07822134147995022,0.11730640046440294,0.07186072050368882,0.05858768212388472,0.07522402702360993,0.09688265420805488,0.060827480246829504,86.74955815845196,100.40203945722641,51.355571417160974,0.12043086461468945,0.093340932567396,0.07433325519931801,1.5177418818545418,0.3458216754298297,4.766211556529425,64.11879101773782,15.809268904320987
87,187,33.5083,14.6532,24,15.6151,0,110,121,7,137,6,1.0,34.37944,0.0,0.0,6.28571,8.305,12.47999,0.0,0.0,128.0,42.65681,0.0,0.39,3.549,-1.0,0.772109,0.6352172549019608,63760.50821618845,495.4129409198766,7209.657731890853,0.078980447008637,0.11754133541335107,0.07211858517131338,0.058606525266588556,0.07596222978817818,0.09663182255530933,0.061219025847740624,91.482380904807,100.42266528815622,51.216944188247496,0.12010534966549036,0.09320060499161881,0.07436909671600914,1.5489293853613586,0.34803930147305157,4.688996828914909,63.954250839862546,15.812451774691358
88,188,33.3077,14.7583,24,15.077,0,110,121,7,137,6,0.99714,34.2307,0.0,0.0,6.53571,8.483,12.57763,0.0,0.0,128.0,42.62896,1e-05,0.39,3.35,0.23843,0.765108,0.6382920392156838,63827.06387974971,495.499608840631,7117.7222604882,0.0796337908016106,0.11756041543901811,0.07243378597364732,0.058601912593750596,0.07672997476386262,0.09639585734479705,0.061494589303112926,87.87946681201137,100.44326534039493,51.44098992995274,0.11992824427767129,0.09294420366525197,0.07499358750477315,1.2344619034177318,0.3518803424521198,4.704888034636646,64.33550047115233,15.577449845679013
89,189,32.9479,14.3147,24,15.3754,0,110,121,7,137,6,0.99708,33.88754,0.0,0.0,6.03571,8.492,12.66458,0.0,0.0,129.0,42.57417,0.0,0.39,3.676,-1.0,0.779371,0.6392341176470588,63895.10419677947,495.6093094731807,6966.291996827115,0.0802226909891139,0.11764184739402801,0.07268059592400321,0.05852539060509703,0.0774963936166361,0.09616669105983762,0.061789776456708675,91.23893727000086,100.49064863427927,51.52359027627074,0.1197265622398779,0.09305512380073383,0.07470515300099077,0.8741537399498109,0.34803930147305634,4.681001994727189,64.45116395034216,14.961275077160494
90,190,33.2172,13.8365,24,15.3019,0,110,121,7,137,6,1.00699,34.11965,0.0,0.0,5.35714,8.367,12.28339,0.0,0.0,129.0,42.58929,0.0,0.39,3.725,-1.0,0.825864,0.6419192156862745,63824.96923616434,495.7349050717648,7145.571569816806,0.08073322092613294,0.11766880990138734,0.07302870715225337,0.05845762305750693,0.07801517408771395,0.09554151168304034,0.06205788831083272,91.16709629254107,100.48346266236362,51.824824392059696,0.11955414253282273,0.09291999819356726,0.07489277011577554,1.5165048819367157,0.34803930147305673,4.61008247256018,64.71319061485394,14.417390046296296
91,191,33.3218,12.7277,24,14.1893,0,109,121,7,137,6,1.00784,34.2059,0.0,0.0,4.78571,8.189,11.87302,0.0,0.0,129.0,42.45802,0.0,0.39,3.571,-1.0,0.816568,0.6390282352941176,63716.91095877061,495.8645271780041,7208.287041696403,0.08114110635144274,0.11758248002093874,0.07347199485029372,0.05849562934906957,0.07887702772498086,0.09535710226335814,0.062312662354630975,89.12683243425958,100.47320490922593,52.16827656310281,0.11906379555094104,0.09183294419885174,0.07520506873965198,1.260864675939709,0.34582167542983333,4.482542081606651,64.38211128178611,14.00853587962963
92,192,33.1703,12.1623,24,13.9527,0,109,121,7,137,6,1.00698,34.03906,0.0,0.0,5.07143,8.278,10.93042,0.0,0.0,129.0,42.40736,0.0,0.4,3.686,-1.0,0.842098,0.6371827450980391,63738.29614693207,496.01518575060453,7152.533362207935,0.08171784535793299,0.11759123745236943,0.07395997616620753,0.0584953487864374,0.07995385781438231,0.09451206714341438,0.06252085588543715,91.8482752415537,100.49651656445349,52.22742283197097,0.1182761533970059,0.09154547737842157,0.07514355056219071,1.3799518126683858,0.34582167542982717,4.449518316887213,64.44121183623994,13.227671682098766
93,193,33.2942,10.6679,24,13.6553,0,109,121,7,137,6,1.00569,34.06613,0.0,0.0,5.39286,8.277,10.45606,0.0,0.0,129.0,42.27645,0.0,0.39,3.645,-1.0,0.90166,0.631490588235294,63647.753073304026,496.1826754604215,7215.533606931251,0.08212764024792489,0.11742699904078589,0.07461285592974519,0.05847318572922834,0.08092244586990045,0.09376364238262141,0.0627667099570235,90.7694253777037,100.49879057794656,52.32043268651139,0.1178428722754953,0.09150477757479882,0.0752474810691727,1.2826873213947472,0.345821675429824,4.38166863896945,64.20279012783655,12.339023919753087
94,194,33.3447,10.4256,24,13.9306,0,109,121,7,137,6,1.00998,34.11997,0.0,0.0,5.21429,8.251,9.16583,0.0,0.0,129.0,42.0511,0.0,0.39,3.714,-1.0,0.918612,0.6246290196078431,63587.23028578492,496.34699003709386,7247.025505955991,0.0824768812492312,0.11736125192428153,0.07507323324482842,0.05841685398926031,0.0813405823955994,0.09290123480859759,0.06371086245126215,90.73377914902365,100.48333096854688,52.45169255762925,0.11791480427219567,0.09129065179753132,0.07530701155220645,1.153978965440969,0.34582167542982284,4.2920544555412246,64.0796608977573,11.89747299382716
95,195,33.3361,9.88216,24,13.6922,0,109,121,7,137,6,1.00863,34.1154,0.0,0.0,5.67857,8.202,8.95966,0.0,0.0,129.0,41.92841,0.0,0.39,3.269,-1.0,0.929967,0.618012156862745,63589.72366881811,496.536029864109,7179.521583813444,0.08292010908402968,0.11723982266860263,0.07585263758435547,0.05846036279538024,0.08192902580688652,0.09176676453183591,0.06385880894496526,89.98691152568205,100.50166210864889,52.58197661976756,0.11762166017820042,0.09097550262535108,0.07519185656107229,0.9482123049594028,0.3458216754298234,4.317201897170922,64.1970300777153,11.533998842592593
96,196,33.5539,9.15232,24,12.4956,0,109,121,7,137,6,1.00968,34.33924,0.0,0.0,4.46429,8.237,8.49001,0.0,0.0,129.0,41.79241,0.0,0.39,3.851,0.24318,0.925907,0.6134231372549019,63493.283815432675,496.7456526612425,7328.318704574382,0.08339435457356602,0.11714038275949606,0.07641093842141242,0.05928017096582147,0.0828530552898684,0.0905429997088785,0.06413758179039325,88.71479570965782,100.45519248960332,52.601235660505886,0.11735771091196316,0.09072489559106657,0.07524435894307338,1.0245692222440967,0.34582167542982606,4.299816496915909,64.42466093202553,11.465036651234568
97,197,33.4921,8.92297,24,11.7541,0,108,121,7,137,6,1.01094,34.32492,0.0,0.0,3.78571,8.346,7.86058,0.0,0.0,129.0,41.79462,0.0,0.39,3.681,-1.0,0.92277,0.6147827450980392,63550.97574664341,496.9587871872664,7299.300945211749,0.08377568558708104,0.11728196376074576,0.07689086206289353,0.059236582333778626,0.08345645488370151,0.08929298635627683,0.06491782113100457,89.72355750759772,100.46009582391488,52.702558729383675,0.11711409668847364,0.09054043671913843,0.07530542719517073,0.9866666915265259,0.3458216754298265,4.220871208835218,64.41438257426998,11.361159336419753
98,198,33.2513,8.73155,24,11.3766,0,109,121,7,137,6,1.01169,34.10949,0.0,0.0,3.32143,8.318,7.6633,0.0,0.0,128.0,41.91244,0.0,0.39,3.26,-1.0,0.924791,0.6173286274509805,63525.466906715905,497.1809551349327,7211.817712185404,0.08419341629994011,0.11758730374496719,0.07737494730601893,0.059471511690548526,0.08414437921328922,0.08849034964215198,0.0651724024730638,90.74037851743608,100.48961940973024,52.705023683147665,0.11704199075245808,0.09026356042245486,0.07524863601174217,1.4798739273592756,0.34360404938660194,4.11370583704457,64.71094612370159,11.42211612654321
99,199,33.3512,,24,10.2981,0,109,121,7,137,6,1.00529,34.17713,0.0,0.0,3.17857,8.264,7.49548,0.0,0.0,127.0,41.95622,0.0,0.39,3.722,-1.0,0.928528,0.6191454901960785,63514.9842728479,497.35531426983636,7222.192535776617,0.08466703005235367,0.11800326667162385,0.07779918763456592,0.05970247969480663,0.08490491494992655,0.08806674181109941,0.06597624681529547,90.62707285649901,100.48458013680877,53.03822119442033,0.11665532400394515,0.09013860449180261,0.07517109926831785,1.2429889202194517,0.3397630084075371,4.125998367149479,64.4987768721307,11.298900462962964
