,frame_number,SITI.SI,SITI.TI,VCA. E,VCA. h,VCA. epsilon,VCA. L,VCA. avgU,VCA. energyU,VCA. avgV,VCA. energyV,AGH.Blockiness,AGH.Spatial Activity,AGH.Letterbox,AGH.Pillarbox,AGH.Blockloss,AGH.Blur,AGH.TemporalAct,AGH.Blackout,AGH.Freezing,AGH.Exposure(bri),AGH.Contrast,AGH.Interlace,AGH.Noise,AGH.Slice,AGH.Flickering,cambi,cubcol.0.6,cubcol.1.0,cubcol.0,color_fulness,uhdhdsim,cubcol.0.3,cubrow.0,blockiness,noise,cubcol.0.5,movement,tone,temporal,fft,cubrow.0.5,contrast,cubrow.1.0,blur,cubrow.0.3,staticness,cubrow.0.6,saturation
0,100,35.8769,8.16613,33,0.0,0,108,117,9,136,9,0.99882,41.65606,0.0,0.0,3.42857,8.224,0.0,0.0,0.0,127.0,45.97743,0.0,1.44,2.468,0.0,5.4e-05,0.11572373790697818,0.14192449050781691,0.09397004508466719,63.03545105783053,98.82743754105275,0.10301216597446264,0.11867450356265824,1.9793729393552646,0.43848431408642313,0.10185535242160786,0.0,0.6912482352941162,0.0,64478.52167403952,0.15238384766142088,90.69436408425375,0.17439061791781468,10745.367521981218,0.09011290810266134,536.1253948637295,0.1374597357385409,57.304216361340174
1,101,35.9093,7.90677,33,9.11936,0,108,117,9,136,9,1.00022,41.66157,0.0,0.0,2.21429,8.185,7.0408,0.0,0.0,127.0,45.96716,0.0,1.43,2.638,-1.0,0.000273,0.10838241301109391,0.1443122449577008,0.0871106437570139,63.021564628000135,98.83950941845599,0.1003456283654545,0.11107398634286021,2.109305876743381,0.4362666880431969,0.1057933962208271,1.5783179012345678,0.6909839215686259,4.6114346857687485,64595.19337453674,0.13298431884264542,88.86127526953337,0.17007557407311122,10749.598216194327,0.08570003054920369,535.1745471219627,0.12956579831774967,57.52875754273968
2,102,35.9084,7.5735,33,8.84978,0,108,117,9,136,9,1.00054,41.66633,0.0,0.0,2.82143,8.181,6.8241,0.0,0.0,127.0,45.96499,0.0,1.43,2.554,-1.0,0.000208,0.10686751707916851,0.14901720894580942,0.08252705968233888,63.09461089015764,98.83539275380743,0.10001217992741998,0.10775222551829379,1.348019483230832,0.4362666880431936,0.10497196245024751,1.2394868827160495,0.6910043529411765,4.510264855740741,64662.728934594146,0.13102011971842434,92.34722107204594,0.16872639450643284,10791.645952676501,0.08528876131666276,534.8748281411706,0.12721014653527823,57.493068177023055
3,103,35.807,7.39491,33,8.96089,0,108,117,9,136,9,0.99918,41.58748,0.0,0.0,2.28571,8.216,6.53981,0.0,0.0,127.0,45.9614,0.0,1.45,2.674,-1.0,9.5e-05,0.1076867988786416,0.15356764068538742,0.08599818859832556,63.01423512840029,98.8469436785118,0.0992843330774814,0.10715954436971749,1.5418896172406562,0.43848431408642546,0.11319781036177914,1.0327449845679013,0.6904764901960783,4.424890342826486,64802.14854043648,0.12978758565913612,91.84385944110298,0.16868821679557658,10707.874427853734,0.08553591813868568,534.6984899504765,0.1267596892921742,57.33696925787278
4,104,35.7041,7.30584,33,8.77269,0,108,117,9,136,9,0.99786,41.45675,0.0,0.0,2.78571,8.237,6.379,0.0,0.0,128.0,45.92721,0.0,1.45,2.878,-1.0,0.000254,0.10860262294498192,0.15742821024057263,0.08598728666149874,62.971537651154534,98.87649592347816,0.09826862859749998,0.10690511099186893,1.4306229977215075,0.436266688043196,0.1179151116360474,1.0159143518518519,0.6895172549019608,4.450559920211733,64802.10216844059,0.1284665282188339,92.38541135757269,0.16774098967416562,10632.442968314588,0.08506711137039716,534.5066799218636,0.1260944861781104,57.41738759735484
5,105,35.6795,7.16689,33,8.55507,0,108,117,9,136,9,0.9962,41.44606,0.0,0.0,2.28571,8.272,6.30553,0.0,0.0,127.0,45.93999,0.0,1.45,2.645,-1.0,0.000395,0.109268060185245,0.16037999875792186,0.08422872292840773,63.01234053716792,98.88765233943941,0.09776673772047058,0.105817896771409,1.8974395534327357,0.43626668804318935,0.11312024150850615,1.2355324074074074,0.6892566078431367,4.5023531370358025,64605.51802320883,0.1272233388510191,88.38192210149461,0.16700838999892564,10592.546451450064,0.0845590714750567,534.4642451369973,0.1255236008976329,57.31790424864969
6,106,35.6688,6.92,33,8.26558,0,108,117,9,136,9,0.99632,41.40885,0.0,0.0,2.28571,8.226,6.18133,0.0,0.0,127.0,45.86888,0.0,1.44,2.94,-1.0,7.3e-05,0.10990024521729727,0.16243910357845537,0.08151348411018329,62.91088062987484,98.89561136555608,0.09736419788257578,0.1044245472620205,1.553231895952435,0.43626668804319707,0.11245098374172685,1.1510416666666667,0.6878094117647058,4.491705890939387,64575.9580480306,0.12656939223206667,88.46952901937487,0.16687191643860952,10564.03931328121,0.08685638903656523,534.3725908213712,0.12526182502505132,57.26718271514516
7,107,35.6523,7.03055,33,8.08333,0,108,117,9,136,9,0.99881,41.41771,0.0,0.0,2.5,8.199,5.96253,0.0,0.0,128.0,45.841,0.0,1.44,2.842,-1.0,4e-05,0.11136297289089882,0.1628315332924909,0.07970799173846431,62.92001569206536,98.89272472010114,0.09668737799223609,0.10385719743267562,1.965429662012284,0.43626668804319757,0.10844049586246397,1.0347704475308641,0.6871372549019608,4.464453008329268,64569.55129999101,0.12631677003465655,92.76956313031488,0.1668126813880062,10550.322214257603,0.09016792976934024,534.2280745655414,0.12499865135343036,57.218915397738236
8,108,35.7001,7.15459,33,8.73066,0,108,117,9,136,9,0.99628,41.43918,0.0,0.0,3.10714,8.228,6.0558,0.0,0.0,128.0,45.85207,0.0,1.42,2.999,0.125,0.000122,0.11182716453162984,0.1624429786817621,0.0786898767425481,63.07630046239434,98.89514227002478,0.09633893161119911,0.10364500440589428,1.4326680612582674,0.43626668804319907,0.10616709397828139,1.0812114197530864,0.6868537254901962,4.575365917954433,64618.020154698876,0.1255027967616267,88.75297081148712,0.16666418958602494,10591.713305371364,0.09196013630660621,534.0385193986291,0.12480778620131526,57.314907874590084
9,109,35.6758,7.52404,33,8.35455,0,108,117,9,136,9,0.99405,41.3979,0.0,0.0,3.75,8.213,6.15738,0.0,0.0,128.0,45.84613,0.0,1.43,3.815,-1.0,0.000542,0.1125572169643557,0.161753404149274,0.07753861345325545,62.96030966138532,98.88886789209263,0.09607252738061157,0.10308563018291339,1.5690975743741216,0.43626668804319474,0.10461957862614384,1.0871913580246915,0.6863749019607843,4.559059635018875,64629.151974109955,0.12497686630677718,88.668817255004,0.1668903689353974,10576.2404105806,0.09227717702848084,533.7217624305999,0.12468177699932845,57.547065075532885
10,110,35.6476,8.23854,33,8.90251,0,109,117,9,136,9,0.99409,41.40168,0.0,0.0,2.57143,8.207,6.47586,0.0,0.0,128.0,45.80019,0.0,1.45,3.502,-1.0,0.000204,0.11405413598480257,0.16075847086946823,0.07640044130700427,63.005379973279716,98.89317382566453,0.0956491018685142,0.10236061178143736,1.3002934105620925,0.43626668804319557,0.10327334830083253,2.6241319444444446,0.6848886274509803,4.6264822519127184,64619.868111298376,0.12443907628456592,88.43870034600319,0.1671012040461611,10556.605954405271,0.09060825082824667,533.4359660515172,0.12485083870135509,57.225121392144096
11,111,35.7291,8.61767,33,9.7851,0,109,118,9,136,9,0.9948,41.51712,0.0,0.0,3.46429,8.232,7.10061,0.0,0.0,128.0,45.96225,0.0,1.44,3.489,-1.0,0.000944,0.11545341476821734,0.159221243139901,0.07607786144598895,62.63865683638423,98.87928835107196,0.09561501165737239,0.10182644465733243,2.022809705735536,0.43626668804319424,0.10230666512554656,3.402391975308642,0.6879231372549021,5.1916072168286345,64585.59625747412,0.12381792994683441,92.46962494938307,0.16742280425569556,10660.471210962602,0.08986896591772436,532.4463639931403,0.12499139650051833,55.57604396490403
12,112,35.9207,8.68985,34,10.6422,0,109,119,10,136,9,0.99741,41.84407,0.0,0.0,3.17857,8.273,7.47784,0.0,0.0,129.0,46.53856,0.0,1.42,3.646,-1.0,0.000112,0.11628969012533111,0.15730080094175788,0.07591697530946426,62.67574089166962,98.83549776437854,0.09571657278757266,0.10143325990098188,1.7433632844273501,0.4407019401296508,0.10165895316289683,10.84447337962963,0.6954270588235294,5.687632245330879,64550.6083271277,0.12323900967142275,88.36083489902877,0.1677310905410505,10905.247837805895,0.08947497038861588,529.8545309563807,0.12513162018757315,49.710489908854164
13,113,36.0425,8.64641,34,9.72312,0,109,119,10,136,9,1.006,41.94232,0.0,0.0,2.57143,8.23,7.47601,0.0,0.0,130.0,46.50274,0.0,1.42,3.405,-1.0,7.4e-05,0.11729606682941199,0.15492939430934516,0.07550118385522409,62.831853493730776,98.82510767391554,0.09556981741594965,0.10096571272582558,1.2902975366135683,0.4384843140864268,0.10092545483818827,9.449266975308642,0.6948458823529411,4.849085870244635,64458.356546639254,0.1227490573771722,90.05737953902437,0.1679711544654422,11001.656541454378,0.08922275734862625,527.9273209086768,0.12531830230854504,49.89798425745081
14,114,36.2406,8.32321,34,9.64632,0,109,119,10,136,9,1.00564,42.11347,0.0,0.0,3.89286,8.199,7.43804,0.0,0.0,129.0,46.50814,0.0,1.43,3.396,-1.0,0.000121,0.11836346841070924,0.1519834520326144,0.075462937480071,62.72371256430013,98.80688189819601,0.09544605490308318,0.10071302654671936,1.7132464020790326,0.4384843140864245,0.10017307970464663,3.0394000771604937,0.6952274509803921,4.768193579363999,64397.84521947006,0.12262307577651478,91.02589297414433,0.16857078678735182,11125.22998765218,0.089018444367433,526.4894082862481,0.12548080954002047,49.845020623854644
15,115,36.2907,8.58381,34,8.93004,0,109,119,10,136,9,1.00407,42.15833,0.0,0.0,3.57143,8.218,7.15547,0.0,0.0,129.0,46.48481,0.0,1.42,3.613,-1.0,0.000255,0.11926930692345157,0.14933277663366476,0.0754200949260992,62.74592112166759,98.80165191811736,0.09542934136085969,0.1005354592680347,1.7467533450050414,0.4384843140864269,0.09959792930854137,4.475405092592593,0.6949098039215686,4.636789174666953,64344.83008821084,0.12250656188093105,88.89099388892683,0.1687988359231678,11161.633247117465,0.08894734141695873,525.3931792949003,0.12564639623277188,49.87098919903791
16,116,36.2351,8.53824,34,9.07116,0,109,119,10,136,9,1.00337,42.08934,0.0,0.0,3.07143,8.257,7.38109,0.0,0.0,129.0,46.40569,0.0,1.45,3.789,0.125,0.000149,0.1199287785200134,0.14712522120824173,0.07542730206036179,62.704393096531525,98.80655048561314,0.09549862401005986,0.10012108002233926,1.525362681603004,0.4378901029790286,0.09904471732382251,4.332224151234568,0.694352549019608,4.696327250909347,64388.20616867941,0.1220239688895595,84.28816285163482,0.16845939132683385,11111.899638777699,0.08902209208769889,524.5460765426186,0.12570633749891647,49.9399540277175
17,117,35.93,8.62107,33,9.13396,0,109,119,10,136,9,1.00261,41.71704,0.0,0.0,2.0,8.306,7.37739,0.0,0.0,129.0,46.07369,0.0,1.45,3.232,-1.0,0.000115,0.1201601738994047,0.14506013714283583,0.07581439998026536,64.46665386170827,98.85296877294456,0.09560168751175696,0.09990013097532877,1.3434722009191573,0.44070194012965147,0.09857327170932313,4.069299768518518,0.6922058823529412,5.120281596661967,64532.24870630522,0.12161923120697615,88.204840163458,0.168452506364722,10909.929073511432,0.08900088874976693,523.070130645788,0.1254407484515292,48.88923042203173
18,118,35.6121,8.48693,33,9.27552,0,109,120,10,135,9,1.00628,41.31849,0.0,0.0,2.17857,8.247,7.4413,0.0,0.0,129.0,45.80413,0.0,1.45,3.747,-1.0,0.000234,0.11990085949453062,0.1441966574679176,0.07589864820540355,70.86129310383127,98.89296519561368,0.09551378954916777,0.0996651906171583,1.5292774834919824,0.43242564706413816,0.09818095493004758,4.114101080246914,0.6895150196078428,5.117004075616565,64521.392250889105,0.12117275711276337,89.21921658849925,0.16897482706573846,10663.193775691578,0.08898324114586502,521.2862137024422,0.12532855733009496,47.8710858380353
19,119,35.6252,8.92999,33,8.75158,0,109,120,10,135,9,1.0092,41.31929,0.0,0.0,2.17857,8.21,7.30852,0.0,0.0,129.0,45.79015,0.0,1.45,3.718,-1.0,7.4e-05,0.1196844348723673,0.14355291071073237,0.07578257252725336,70.83539084313627,98.90199622039674,0.09546587356171758,0.09965952053466184,1.035099139283222,0.4362666880432031,0.09780083696618315,4.071228780864198,0.6887517647058823,4.72978012078764,64708.14588415423,0.1208837649271596,89.32070922596314,0.16943477253038214,10637.21618492274,0.08875624519148438,519.74845273738,0.1252514436864544,47.812445934907885
20,120,35.703,8.95095,33,9.28655,0,109,120,10,135,9,1.00789,41.42954,0.0,0.0,3.07143,8.194,7.69693,0.0,0.0,129.0,45.77268,0.0,1.44,3.175,-1.0,0.00027,0.11946192303273598,0.14195943857192786,0.0759448161231642,70.85516930665304,98.87866776474623,0.09578084435025659,0.0995833821555214,1.2726678324136187,0.4362666880432,0.09753842172319645,5.775414737654321,0.6879113725490196,4.886354611323545,64498.94823083314,0.12050059381598244,88.24593268994464,0.16955973780251188,10722.131278988401,0.0885934738031599,518.4586626235349,0.12528622072075896,47.81115138677903
21,121,35.5864,8.89279,33,8.56059,0,109,120,10,135,9,1.00361,41.36654,0.0,0.0,3.46429,8.25,7.72816,0.0,0.0,129.0,45.77389,0.0,1.42,3.291,-1.0,0.000218,0.1190412333901053,0.14049696489343214,0.07655764570043833,70.66585386547153,98.8918136775745,0.09547870639922089,0.10153389300235949,1.785426801654188,0.43848431408642535,0.09726337067903264,5.779755015432099,0.6877686666666666,4.782116069117126,64468.61998211743,0.1201562645754891,89.3451098815903,0.16964662402762806,10630.837924521855,0.08853002069230456,517.3615961999321,0.12545959005371374,47.795630560980904
22,122,35.6249,8.80062,33,8.38265,0,109,120,10,135,9,1.0008,41.39258,0.0,0.0,2.96429,8.244,7.66996,0.0,0.0,129.0,45.68664,0.0,1.44,3.625,-1.0,0.000222,0.11876425299035619,0.13931623380133873,0.07769135877739976,70.24592003740098,98.89466225414444,0.09534547597006503,0.10114137261854354,2.091078755270957,0.4384843140864266,0.09710917785709093,5.69579475308642,0.6861399019607832,4.796225538633298,64475.12177295895,0.11991474471140567,89.21706487027738,0.16982280564464194,10644.733366958142,0.08837017115576887,516.4315703555136,0.12580688475157717,47.67235103654273
23,123,35.4875,8.69662,33,8.33736,0,109,120,10,135,9,0.9971,41.31775,0.0,0.0,2.75,8.23,7.58066,0.0,0.0,129.0,45.6623,0.0,1.45,3.47,-1.0,5.9e-05,0.11861210333010232,0.1387172390214005,0.07889931294657915,70.57487237027209,98.91171718473825,0.09532513367565774,0.1021823637182652,1.4525094376420984,0.43848431408642613,0.09707012501590971,5.452932098765432,0.686192156862745,4.774926070787011,64573.91183162548,0.11985199337031965,91.34174650335572,0.16989523921624078,10524.457981438158,0.08838900791267584,515.6156669800567,0.1262288819124917,47.67145057960793
24,124,35.2526,8.63107,33,8.5717,0,109,119,10,135,9,0.9961,41.13027,0.0,0.0,1.89286,8.255,7.48901,0.0,0.0,128.0,45.59355,0.0,1.44,2.712,0.125,6.9e-05,0.11815844792314242,0.138553366113989,0.07984009156048626,70.48560401277558,98.9557479166111,0.09525923410242368,0.10267866408030923,1.7673130238376749,0.43626668804320184,0.09698915765768432,5.168065200617284,0.6842002352941167,4.86405195434928,64589.209332869636,0.11951112199464807,91.14173366015032,0.1700398829769406,10332.900489001282,0.08832014500988711,514.8921320712944,0.12666479576120843,47.90033015498408
25,125,35.1994,8.83876,33,8.48105,0,109,119,10,135,9,1.00177,41.10077,0.0,0.0,1.82143,8.257,7.45035,0.0,0.0,129.0,45.64075,0.0,1.45,3.083,-1.0,0.000592,0.11774174967977558,0.13854764689623406,0.08003757949348592,70.58210192340735,98.95897580511141,0.09524564642874236,0.10326772686074516,1.7584229161475753,0.43626668804319807,0.09688809125282094,6.383246527777778,0.6833043137254903,4.907261550068622,64542.205957621285,0.1191168092997153,90.88558215003984,0.17028680989676126,10281.258330104922,0.08839047008662135,514.2297247514032,0.12705690250296472,47.85231489016686
26,126,35.3457,8.80741,33,8.03192,0,109,119,10,135,9,1.00337,41.26053,0.0,0.0,1.75,8.211,7.64084,0.0,0.0,129.0,45.74529,0.0,1.44,3.106,-1.0,4.3e-05,0.11731553951343003,0.1384248487640497,0.0806200619198079,70.53242522234487,98.94834166589554,0.09511805640809977,0.10278152011545767,1.0627000424752375,0.4384843140864239,0.09678535373895365,6.466483410493828,0.6848451372549018,4.886471085112227,64813.471514948615,0.11878821942001055,88.45026819041423,0.17068936465725404,10344.74306869843,0.08838797593244573,513.6278411605778,0.12747316844653578,47.93636877742814
27,127,35.4487,8.49255,33,7.79937,0,109,119,10,135,9,1.00003,41.41189,0.0,0.0,1.46429,8.247,7.63102,0.0,0.0,129.0,45.81413,0.0,1.44,2.554,-1.0,0.000101,0.11707786142474116,0.13829716215291682,0.08210345177677034,70.70481938318206,98.92130563757695,0.0950126433616781,0.10286903599343587,1.3360295085913052,0.4384843140864237,0.09680318004222369,6.3125,0.6853666666666666,4.826176620698517,64576.925206378284,0.1184369295545199,88.53789428923892,0.1709864273377095,10417.29442201297,0.08844559126810933,513.1204047248395,0.1278613586146653,47.88356357150608
28,128,35.5359,8.52224,33,7.87783,0,109,119,10,135,9,0.9951,41.50228,0.0,0.0,1.60714,8.282,7.34653,0.0,0.0,129.0,45.85143,0.0,1.45,3.219,-1.0,0.000372,0.11689461268163125,0.13807912183234963,0.08383793316503327,70.68844588055279,98.89921427021285,0.09503250609919069,0.10300488246130912,1.1910315317557318,0.438484314086426,0.09680398368353484,6.241174768518518,0.6864074509803921,4.775148275793408,64494.83040636162,0.11813845864398526,89.60544370949299,0.17109280013317205,10491.246657166277,0.08857776771065123,512.6820748344617,0.12818002699092346,48.0881473870925
29,129,35.7132,8.34517,33,7.57312,0,109,119,10,135,9,0.99592,41.67944,0.0,0.0,2.46429,8.291,7.34828,0.0,0.0,129.0,45.84099,0.0,1.44,2.502,-1.0,0.000202,0.11653920462217074,0.13774126003305176,0.08569997896162082,70.9594216615099,98.87746146739269,0.09511706025043377,0.10301061099146559,1.0308402723971624,0.4384843140864257,0.09685988901615579,6.1848476080246915,0.6863160784313725,4.752419448253691,64619.03568406988,0.11778734836273255,93.89052525459938,0.17117536117639812,10603.846141760974,0.088784073452901,512.2799558139781,0.12841700168787876,48.121014441972896
30,130,35.7352,8.45596,33,7.7174,0,109,119,10,135,9,1.00131,41.71147,0.0,0.0,3.89286,8.349,7.18041,0.0,0.0,129.0,45.81676,0.0,1.45,2.782,-1.0,0.000304,0.11615278512571187,0.13803300598715115,0.08760642300450244,71.0831122907629,98.8740149444742,0.09510237143314983,0.10300609654961289,1.802869835534673,0.4384843140864299,0.0969555675093538,6.822530864197531,0.6872784313725488,4.777942873708713,64678.87563996136,0.11761984887476618,89.7736455469134,0.1709855672167827,10580.136891794384,0.08911509399710357,511.94644491547,0.12870496084393757,48.13855413743007
31,131,35.8067,8.20738,33,7.84243,0,109,119,10,135,9,1.00199,41.79241,0.0,0.0,3.60714,8.337,7.27332,0.0,0.0,129.0,45.8045,0.0,1.44,2.883,-1.0,0.000148,0.11587632332272634,0.138570214516058,0.08905641751620728,70.94318584417984,98.85388224638683,0.09502345810602797,0.10297228653124182,1.8556299422496734,0.43848431408642913,0.09734116508009756,6.584008487654321,0.6864074509803921,4.837400640720979,64813.439616051626,0.11738364108196196,87.96681394786958,0.17080254494798494,10646.987367166068,0.08943357793444912,511.6614781946443,0.12897525989386663,48.096582860122496
32,132,35.8662,7.80694,33,7.80877,0,109,119,10,135,9,1.00106,41.83398,0.0,0.0,2.42857,8.264,7.06589,0.0,0.0,129.0,45.76198,0.0,1.42,2.831,0.125,0.000353,0.11560391606813093,0.13826638312486725,0.0911655060268356,71.0708876068349,98.84897146664302,0.09493903361986926,0.10299535044996158,1.5243180018270386,0.44070194012965375,0.09717911831198561,6.356143904320987,0.6858419607843138,4.8348961626971665,64707.090391660044,0.11715770954622338,89.08331188495033,0.17081295715442302,10729.85509564056,0.08960584439041398,511.4094786387761,0.12919210680410673,48.35048251681858
33,133,35.8534,7.08745,34,7.71675,0,109,119,10,135,9,0.99976,41.8577,0.0,0.0,2.17857,8.263,6.7225,0.0,0.0,129.0,45.71563,0.0,1.43,2.68,-1.0,0.000121,0.11546247598264021,0.13751584502304423,0.09315210594578853,70.70572124440189,98.84210345329913,0.09491170743527448,0.10296743053181172,0.8757931234944942,0.43848431408642047,0.09710191252439995,6.356770833333333,0.6854375294117636,4.822311827124485,64686.564408678394,0.11682349443841333,87.9174596396762,0.17044428361233732,10743.203608326063,0.08986070738778432,511.2116250867166,0.12937951717050497,48.43870054645303
34,134,35.8363,7.01896,33,7.58883,0,109,119,10,135,9,1.00427,41.8753,0.0,0.0,2.64286,8.264,6.09341,0.0,0.0,129.0,45.69157,0.0,1.44,2.426,-1.0,0.000376,0.1153082439394147,0.13717681222727487,0.09459309094746784,70.35308773096085,98.84282778945169,0.09505530885404496,0.10290848955197765,1.5814711033538533,0.43848431408642946,0.09705726764576432,6.488908179012346,0.6860427450980378,4.7926062887097505,64696.795784465416,0.11649011443621203,90.87755735963862,0.1699679866347044,10718.972131124314,0.09014084810171359,511.01033671975676,0.12955180325718493,48.663574972270446
35,135,35.8443,6.83369,33,7.55847,0,109,119,10,135,9,1.00595,41.86205,0.0,0.0,4.96429,8.241,6.04113,0.0,0.0,129.0,45.65186,0.0,1.44,3.019,-1.0,0.000117,0.11510904068177985,0.1369524767922094,0.0976406547006042,70.36972834933052,98.85460744350085,0.09502875820462851,0.10278739177375357,1.5825090807199078,0.43626668804320134,0.09699736606640803,7.0023630401234565,0.6862380392156848,4.870787657275091,64687.42248624092,0.11620987127556638,88.048210205792,0.16978356925913074,10716.042570046686,0.09027797823034593,510.8149389590837,0.1297470280977449,48.493410463686345
36,136,35.9722,6.79528,34,7.60368,0,109,119,10,135,9,1.00115,41.98014,0.0,0.0,3.64286,8.19,5.88907,0.0,0.0,129.0,45.68457,0.0,1.44,2.937,-1.0,8.6e-05,0.11480382120071074,0.13676420321145694,0.10015596010683946,70.4171187108266,98.83381096125397,0.09502574724973871,0.10261111727984805,0.9603509994973842,0.43848431408642674,0.09698606479030454,7.268711419753086,0.6856117647058823,4.843239751433565,64694.45692664595,0.11585375280100145,89.63828127331351,0.16966211140812207,10823.312229461548,0.09045854087898447,510.64878543350704,0.1298948510282129,48.4602764741874
37,137,36.0721,6.91023,34,7.52219,0,109,119,10,136,9,0.99428,42.09531,0.0,0.0,3.42857,8.207,5.85342,0.0,0.0,129.0,45.72017,0.0,1.44,2.83,-1.0,4.6e-05,0.1144966075204053,0.13649077373973167,0.10228085757217864,70.41133742520725,98.81691108404195,0.09483892247909735,0.10246657453756469,1.4258801146003541,0.43626668804320556,0.09700460014786724,7.2758969907407405,0.6865047058823529,4.870754225033225,64637.26566039676,0.11558582903873463,88.57227740629052,0.16951171672169774,10883.355879445962,0.09068810464413689,510.4839155508371,0.13003433618583704,48.71500613365644
38,138,36.1133,6.92555,34,7.85474,0,109,119,10,136,9,0.9938,42.13885,0.0,0.0,3.67857,8.215,5.94976,0.0,0.0,129.0,45.74427,0.0,1.45,2.958,-1.0,0.000223,0.11417186002606969,0.1362195483052796,0.10384423838208014,70.24639421715725,98.80292876138442,0.09460753589681499,0.10229613961475849,1.5680789748219317,0.438484314086425,0.09710909365006558,7.379484953703703,0.6874341176470588,4.918898550499175,64673.77645794447,0.1153560485228036,86.91894165584623,0.1693228639432743,10883.027624956909,0.09087504744765945,510.3271332784663,0.1301666698152707,48.473457618995944
39,139,36.152,6.98687,34,7.62108,0,109,119,10,136,9,0.99987,42.16101,0.0,0.0,3.32143,8.237,5.95523,0.0,0.0,129.0,45.72109,0.0,1.43,2.762,-1.0,7.4e-05,0.11389263888333209,0.13586332065552154,0.10471351180418505,70.32452578533598,98.81043662978192,0.09448882190214418,0.10210705857072264,1.08296298113342,0.4362666880431995,0.09709069690610833,7.504677854938271,0.6872486274509805,4.908152366368812,64591.18806793767,0.1151684515164702,88.10962913852293,0.16912804454552685,10912.902979668408,0.09110409829665676,510.18977209823373,0.13032535608978799,48.489861193998365
40,140,36.2062,7.49933,34,8.21939,0,109,119,10,136,9,1.00033,42.25717,0.0,0.0,2.78571,8.244,6.00996,0.0,0.0,129.0,45.73347,0.0,1.43,2.916,0.125,0.000277,0.11361581742950391,0.13583754157310018,0.10527765436554647,70.37089646691021,98.78949509631603,0.09453685455429868,0.10186218453187117,1.7300550893078621,0.43848431408642724,0.09702617013286216,8.003231095679013,0.6869800000000001,4.981109876379545,64645.62105135613,0.1148816622092309,91.95105284387165,0.16896843366163466,10952.730875764566,0.09128580828505004,510.036981470544,0.13059409798142227,48.59191159848814
41,141,36.3006,8.2856,34,8.46944,0,109,119,10,136,10,0.99999,42.3778,0.0,0.0,2.82143,8.223,6.46142,0.0,0.0,128.0,45.77725,0.0,1.44,3.059,-1.0,0.000248,0.11352769929227377,0.1363021374658315,0.10569715179042725,70.371290769449,98.76866259854964,0.0946867450731224,0.10163037043513733,1.0586842517775332,0.4362666880432036,0.0969805900421135,8.496672453703704,0.6878282352941176,5.125864532370916,64603.611836082026,0.11465463976751507,88.46701241542956,0.16870652849179185,11054.807913944558,0.09152296881663625,509.8400499790747,0.13093386650896519,48.560143364800346
42,142,36.1655,8.46027,34,9.61138,0,109,120,10,136,9,1.00074,42.14471,0.0,0.0,2.96429,8.264,7.19081,0.0,0.0,128.0,45.27247,0.0,1.45,2.941,-1.0,0.000243,0.11312740129827216,0.13632045731164777,0.10629442230239615,64.28998590262806,98.82439629134608,0.09478143615407136,0.10139605366391972,1.282686037463056,0.44070194012964975,0.09693243321158355,8.874180169753087,0.6727149019607843,5.501808297943968,64659.031933738595,0.11431916944680662,92.58374359797926,0.16847831116711484,10959.164487192971,0.09164869139368939,509.708989435303,0.13118455960443132,49.269865624698596
43,143,36.3068,8.70008,34,9.32127,0,109,120,10,136,9,1.00642,42.22266,0.0,0.0,2.57143,8.28,7.30918,0.0,0.0,127.0,45.15435,0.0,1.45,2.651,-1.0,0.00024,0.11262888503767865,0.13596327418779652,0.10721245527727956,63.35690954345067,98.81977286754271,0.09485722110460479,0.10109577812199608,1.1948312487571218,0.4384843140864245,0.09697136547249124,9.19777199074074,0.6676988235294118,5.238450807824575,64638.71399551502,0.11397234220593773,93.06418730161127,0.16816823109149404,11025.329340378103,0.09180326982396579,509.5776748617121,0.13147011007872098,49.37241015022183
44,144,36.5199,8.87209,34,9.84532,0,109,120,11,136,9,1.00937,42.46634,0.0,0.0,2.07143,8.277,7.5201,0.0,0.0,128.0,45.31346,0.0,1.45,2.927,-1.0,1.6e-05,0.11203147284090377,0.1358740498632585,0.10836842140361276,64.36028182954442,98.79623441299758,0.0949471747180433,0.10086091992514355,1.3875781894392556,0.43848431408642585,0.09695341927545365,9.519097222222221,0.6700682352941176,5.516071350660371,64637.97574510343,0.11368699763368774,89.03360096622663,0.16811992680469742,11190.565398088069,0.09198756376950863,509.51153954667484,0.1318662537775052,48.60500816062645
45,145,36.8255,8.9959,34,10.6699,0,109,121,12,136,10,1.00929,42.84341,0.0,0.0,2.03571,8.284,7.68591,0.0,0.0,128.0,45.67002,0.0,1.44,2.979,-1.0,0.000245,0.1117290400126917,0.13622696036670656,0.10933182961795342,67.07122255006159,98.73994265896216,0.09502275070189724,0.10058943112720778,1.6963125536356518,0.438484314086428,0.09695920600168789,10.983072916666666,0.6760925490196079,5.768051403044942,64676.61400376399,0.11349337027205375,89.11360103784264,0.16834482617482524,11476.745855350528,0.09212954110039925,509.59037955209294,0.1323433503101669,48.144157503858025
46,146,36.8645,9.26341,34,9.80136,0,109,121,12,136,10,1.00937,42.90057,0.0,0.0,2.57143,8.235,7.76971,0.0,0.0,127.0,45.68395,0.0,1.43,2.682,-1.0,0.000224,0.11166522667048662,0.13698105431777913,0.1098491694527397,67.1453753849737,98.73124647837082,0.09507227652484067,0.10026328351645117,0.940190331015306,0.4384843140864265,0.09697953016351381,11.344810956790123,0.6762047647058821,5.2873352637317055,64750.807322129935,0.11314270180752319,86.51552784645372,0.1687828961655655,11505.138464267098,0.09228783223745082,509.6880586807248,0.1328033568244899,48.011153986424574
47,147,36.8632,9.65999,34,9.97947,0,109,121,12,136,10,1.00555,42.89861,0.0,0.0,2.78571,8.309,8.00051,0.0,0.0,127.0,45.71886,0.0,1.44,2.543,-1.0,0.000135,0.11137060472094334,0.13779093387715408,0.11005787146900825,67.17886102973813,98.7109108960928,0.09509663591114675,0.09987979070330699,1.2695245979262206,0.44070194012965286,0.09700273012952747,11.456886574074074,0.676775294117647,5.3227088879743745,64676.7935083229,0.11276100140523664,90.76783848522663,0.16919806602952775,11479.813674783181,0.09243242879577279,509.8145806654954,0.13321863311234736,47.90091507523148
48,148,36.9062,9.88093,34,10.2969,0,110,121,12,136,10,1.00154,42.9355,0.0,0.0,2.07143,8.338,8.3545,0.0,0.0,127.0,45.76117,0.0,1.44,3.061,0.125,0.000471,0.11107260624765593,0.13769670573247103,0.1102041674186586,67.15210978170435,98.70576074150793,0.09514429300608436,0.09953271400938082,1.0264872633066686,0.44070194012965463,0.09701286891077737,11.568190586419753,0.6795333333333334,5.370113384855454,64582.60393656637,0.11244285107528945,87.73903550923396,0.16935855363730382,11512.0877743216,0.09256870418238575,509.9153216724124,0.13354749370884578,47.98000458140432
49,149,36.9367,9.99051,34,10.1188,0,110,121,12,136,10,1.00053,42.91603,0.0,0.0,2.35714,8.309,8.54307,0.0,0.0,127.0,45.85647,0.0,1.45,2.616,-1.0,0.000385,0.11079934618824754,0.13751207122283995,0.11036418635792762,67.0164979296075,98.70680370158465,0.09520391612214606,0.09918545655826384,1.2777352785998362,0.43848431408642474,0.09708360642706752,11.803192515432098,0.6822545098039215,5.320593205908266,64637.11945979899,0.11214357215651662,88.37508519362896,0.16948326241520048,11554.901129283777,0.0926770589119993,510.0278123447357,0.13386752051644732,48.01440034089265
50,150,36.7489,10.525,34,10.4158,0,110,121,12,136,10,1.00594,42.70707,0.0,0.0,1.60714,8.362,8.63962,0.0,0.0,128.0,45.92156,0.0,1.44,2.683,-1.0,4.7e-05,0.11063271062224221,0.1372378633638475,0.11050373846954785,67.13529847502653,98.74131889935606,0.0952936783184288,0.0988688165689761,1.3478794618161583,0.44070194012965397,0.09710506443708071,12.171730324074074,0.6834541176470588,5.356536725642646,64533.53593476615,0.11185653639838063,88.82758478191823,0.16965963527486674,11396.603926273141,0.0927299410458511,510.1065661331697,0.1341698892359769,47.84967380099827
51,151,36.559,11.3566,34,11.2786,0,110,121,12,136,10,1.01126,42.52476,0.0,0.0,1.25,8.446,9.11405,0.0,0.0,127.0,45.98873,0.0,1.44,2.657,-1.0,0.000102,0.1104548275822797,0.136849028791268,0.11067303527100923,67.14913843732073,98.75270294017001,0.09520978144426291,0.0986367686682479,1.2290100497471932,0.4362666880432052,0.09709242871323043,12.49633487654321,0.6855658823529412,5.399712709431216,64543.792441440346,0.1115353820319487,88.32945105827538,0.16992038148108968,11249.201427589487,0.0927235701198216,510.1842384735055,0.13438623661238,47.81825124481578
52,152,36.3762,12.7192,34,11.1639,0,110,121,12,136,10,1.00747,42.38052,0.0,0.0,2.67857,8.459,9.80572,0.0,0.0,128.0,46.02059,0.0,1.42,2.885,-1.0,0.000193,0.1101282679380868,0.1366505750200019,0.11085682982274184,67.09588190248805,98.76953878953381,0.0951723861461527,0.09829239553506172,1.2659479086174426,0.43848431408642724,0.0971096857457406,12.50144675925926,0.6852785686274504,5.434512314215895,64572.60662772964,0.11124777748991573,88.57724027324019,0.17008008055087903,11115.69042942024,0.09275440105536933,510.2483567423882,0.13464065919230284,47.76741103184076
53,153,36.3713,13.3019,34,12.3617,0,110,121,12,136,10,1.00305,42.41841,0.0,0.0,2.07143,8.427,10.96757,0.0,0.0,128.0,45.90437,0.0,1.44,2.65,-1.0,0.000514,0.11000186665569604,0.136477447044516,0.11097232339611961,67.6924300719999,98.76076154394198,0.09520217370391842,0.09794629596452582,1.2814618541194125,0.4407019401296535,0.09714923179574501,12.614872685185185,0.6841741176470589,5.516674796486122,64538.20692482529,0.11098552802182361,87.21830428123556,0.17007944660719973,11146.992680343448,0.09269621942012728,510.3648143051863,0.13490337503049887,47.773679568443775
54,154,36.3239,13.7195,34,11.9158,0,110,121,12,136,10,1.00385,42.46401,0.0,0.0,2.28571,8.46,11.4721,0.0,0.0,128.0,45.67383,0.0,1.44,2.351,-1.0,5.9e-05,0.10971570579107799,0.13626510548753634,0.11088519545022191,68.31784903773564,98.74819069684987,0.09522895738853959,0.0976080587509428,1.313077402713904,0.4384843140864276,0.09719486773957386,12.799527391975309,0.6817490196078432,5.662820116157026,64511.33887695103,0.11070056315117224,88.94955459452358,0.16985707824214313,11166.813742362603,0.09261417996898345,510.54824089471947,0.13515710334891673,47.86078803921923
55,155,36.3054,14.1039,34,12.2778,0,110,121,12,136,10,1.00419,42.46349,0.0,0.0,0.85714,8.508,11.83624,0.0,0.0,128.0,45.44811,0.0,1.42,2.799,-1.0,1e-05,0.10954788064510895,0.13645474767300445,0.11086218314869604,67.9788383501863,98.73474592928727,0.09524352951875813,0.09721738438997424,1.6626516503730826,0.43848431408642957,0.09726330379414906,12.967447916666666,0.6785631372549019,5.690587235300214,64572.124710579104,0.11037085279732545,86.9665089740122,0.1695873106991045,11185.416544384409,0.09298633010381596,510.6867659334387,0.13531767761130906,47.90406950020496
56,156,36.4746,14.126,34,13.27,0,110,121,12,136,10,1.00826,42.64594,0.0,0.0,1.96429,8.542,12.16436,0.0,0.0,129.0,45.27381,0.0,1.43,2.197,0.125,0.000125,0.10920797575295654,0.13677046637179785,0.11110054677786901,67.63567301084214,98.71069707652336,0.0952528798903926,0.0968196378066884,1.5294391554995583,0.43626668804320473,0.09736157315945192,13.297212577160494,0.6770533333333335,5.7354495711926035,64534.81653659557,0.11009562298908677,86.72033330736001,0.16956699670341657,11306.891935847394,0.09289137974854668,510.76863092544374,0.1354160526528551,47.913679899992765
57,157,36.4374,14.1931,35,13.1022,0,110,121,12,136,10,1.00751,42.63747,0.0,0.0,1.64286,8.521,12.18755,0.0,0.0,129.0,45.07521,0.0,1.43,2.083,-1.0,0.000365,0.1089103057975098,0.13666612059409625,0.11148908438965198,67.91546975894252,98.70958642956289,0.09523475292275416,0.0964374383504768,1.2111804076994097,0.44070194012965375,0.0974695917197259,13.69507137345679,0.6748207843137255,5.782626059680025,64510.601800876946,0.10983876244119659,88.69100545858896,0.16959842988876858,11277.044007790686,0.09303450755591401,510.82743961997653,0.13559621750988965,47.98975645465615
58,158,36.3049,14.6516,34,13.8216,0,111,121,12,136,10,0.99942,42.53511,0.0,0.0,1.75,8.624,12.24287,0.0,0.0,129.0,44.91945,0.0,1.43,2.288,-1.0,0.000135,0.10868356155445105,0.1364433411537641,0.11203254920930115,68.17310063072954,98.71198503633225,0.09522337769672785,0.09610650678704186,1.1466472090426163,0.43848431408643035,0.09758366460010283,14.124855324074074,0.6740392941176468,5.892277493459383,64424.54990993172,0.10950408936610807,86.61496398526666,0.16962244246285174,11207.867906901045,0.09365895592592133,510.88726284379663,0.13581554445498026,48.116376711998456
59,159,36.4074,14.039,35,13.6114,0,111,121,12,136,10,0.99655,42.6605,0.0,0.0,2.03571,8.517,12.64524,0.0,0.0,129.0,44.76832,0.0,1.45,2.275,-1.0,8.9e-05,0.10845566464352623,0.1363889937265865,0.11263112617377688,67.94115054735443,98.69345909685404,0.09522041131593537,0.09604336047856057,1.2063010304580633,0.442919566172885,0.09768746713337959,14.593557098765432,0.6707024901960779,5.865874937260271,64486.411092552764,0.10914506314892994,87.39318351204656,0.16938191562958688,11302.03570928485,0.09357657730145759,510.9128306004425,0.13612458746461495,48.14853338547695
60,160,36.1342,14.4598,35,12.8151,0,111,121,12,136,10,0.99793,42.42402,0.0,0.0,1.53571,8.4,12.11532,0.0,0.0,130.0,44.74484,0.0,1.44,1.879,-1.0,0.000212,0.10828843280042456,0.1363703743745241,0.1138589690849652,67.89436849395699,98.73845147591157,0.09515508490941726,0.09579930115695642,1.4026251888635262,0.4407019401296559,0.09836308539884309,15.059124228395062,0.6712726862745093,5.705441842243801,64461.79526700142,0.10840315870170046,86.75398757356001,0.1690415710322893,11023.070110131586,0.0938821484931715,510.9065278717432,0.13663653796508887,48.02089003574701
61,161,36.21,15.3163,35,13.8397,0,111,121,12,136,10,1.00654,42.47072,0.0,0.0,1.60714,8.422,12.47987,0.0,0.0,130.0,44.77012,0.0,1.43,2.51,-1.0,5.4e-05,0.10837271642853916,0.13622640138328956,0.11503262041956672,67.6880688567958,98.72208054611554,0.0950677577613528,0.09521071053640115,0.9481009658221994,0.4384843140864272,0.09849028142696267,15.48191550925926,0.674705960784312,5.774155849265322,64508.03941777209,0.10793508533793546,88.18547625222332,0.16879569029634137,11077.705785057215,0.09375030824505005,510.86031214205127,0.13700367891742773,47.95473301263503
62,162,36.2622,15.4908,34,13.4879,0,111,121,13,136,10,1.01058,42.46058,0.0,0.0,1.71429,8.534,13.20779,0.0,0.0,129.0,44.70722,0.0,1.43,3.337,-1.0,0.000177,0.10841512279680779,0.13598661178712826,0.1163994894123731,67.92016465029937,98.69987995063612,0.09492375926324553,0.09481323210261394,1.1743448777059835,0.4384843140864288,0.09962607370946404,15.650704089506172,0.6741092549019599,5.771259775548328,64518.39710371469,0.10733556051804427,90.299738388301,0.16871501941342493,11146.703590421565,0.0937266856653181,510.77044608254306,0.13743017246950198,47.918523717809606
63,163,36.1497,15.4243,34,13.9633,0,111,121,13,136,11,1.01198,42.32431,0.0,0.0,2.0,8.537,13.36411,0.0,0.0,130.0,44.71151,0.0,1.41,2.992,-1.0,7.2e-05,0.1083529341616295,0.13555295877835297,0.11730830088356395,67.87949306755203,98.70865789244404,0.09481179533145688,0.09439520904047081,1.0682228414126884,0.4423253550654933,0.09859663671080221,15.384162808641975,0.6747611764705882,5.789048641118736,64518.69710394868,0.10679407093660617,90.4548142261987,0.16858342234526238,11123.077737747933,0.09377397144090278,510.67391789242544,0.13784757604876977,47.89156256781684
64,164,36.274,15.6928,34,14.5383,0,111,121,12,136,11,1.00917,42.40895,0.0,0.0,1.46429,8.57,13.30835,0.0,0.0,129.0,44.72306,0.0,1.43,3.27,0.125,0.000264,0.10869333341740262,0.1349630547172073,0.1181749912769679,68.27227022218459,98.70544688425488,0.09468345906001403,0.09419389810395479,1.0616404757764761,0.44070194012966085,0.09866156326679092,15.300009645061728,0.6755506470588234,5.857736145979574,64486.96534066197,0.10632058160300352,87.36096621308587,0.1684496682808409,11137.746432996046,0.09391780798514171,510.54203690234635,0.13823306867364837,47.946173962251635
65,165,36.3034,16.2439,34,15.3246,0,111,121,12,136,11,1.0074,42.36225,0.0,0.0,1.17857,8.582,13.54999,0.0,0.0,130.0,44.68255,0.0,1.44,3.338,-1.0,0.000176,0.10850761644353872,0.13441988313985764,0.1188632503820997,68.41181867665125,98.7069118371487,0.09450104592634347,0.09428211092973206,1.2438212632047387,0.43848431408642935,0.09844770177503928,15.229166666666666,0.6767627450980394,5.890736983986483,64550.04777347071,0.10591586667527966,88.30419904255871,0.1682427507980141,11166.68458693207,0.09413108463435621,510.39631216307157,0.13855778862414522,47.98737024377894
66,166,36.3194,16.1202,34,15.8116,0,111,121,13,136,11,1.00304,42.40026,0.0,0.0,1.25,8.591,14.0272,0.0,0.0,129.0,44.77665,0.0,1.43,3.251,-1.0,0.000787,0.10795023727185751,0.13398892648933874,0.1195373577844327,68.45678002021477,98.70050426220726,0.09434974556934572,0.09426468872264143,1.0882349296893166,0.4384843140864296,0.09845641851670317,15.263503086419753,0.677863137254902,5.964338317455844,64578.71167618929,0.10544226205672762,89.84379953873169,0.16810837769668038,11195.329896499543,0.09398322583690624,510.2407785441789,0.13899923801867323,48.24089841489438
67,167,35.8616,16.0947,34,14.6897,0,111,121,13,136,10,1.00061,42.00202,0.0,0.0,1.03571,8.543,13.915,0.0,0.0,129.0,44.69025,0.0,1.42,3.018,-1.0,0.00023,0.10757119375252837,0.13366009220652347,0.12018760390704084,68.07524968121565,98.7599836880182,0.0941682364835829,0.09408806613857434,1.5256832290556082,0.44010772902226375,0.09882646795574687,15.286747685185185,0.6763976470588235,5.950857619227752,64626.0682531354,0.10496769001874352,87.39071088111481,0.16781796372756536,10813.002252469101,0.09351580865438126,510.05656910694415,0.13937447006396117,48.1413527123722
68,168,35.9164,16.0487,34,15.9182,0,111,121,13,136,10,0.99596,42.183,0.0,0.0,0.67857,8.636,13.9044,0.0,0.0,129.0,44.59366,0.0,1.43,2.929,-1.0,0.000586,0.10753597736882409,0.13355826215190023,0.12075401730863893,67.84681235908641,98.73160498268842,0.09398168373418764,0.09389222589957245,1.0601785641167547,0.4407019401296521,0.09926840948846045,15.42554012345679,0.6734811764705884,5.926673283674388,64626.786780903465,0.10451558876159212,86.52602407135443,0.16748400331024169,10832.253226624967,0.09333963318691456,509.8466471392204,0.13978689796782875,48.14475127797068
69,169,36.2722,16.5904,35,16.3098,0,111,121,13,136,10,1.00142,42.71975,0.0,0.0,0.82143,8.647,13.88715,0.0,0.0,130.0,44.72013,0.0,1.43,3.088,-1.0,0.000101,0.10724369608065118,0.13435716168951176,0.12136814641552397,67.43823099692138,98.6492050641967,0.09379144894485007,0.09407098243527363,1.0730545181126725,0.44454298110871765,0.09962945947656641,15.654224537037036,0.6739121960784313,6.131349956501802,64762.40684189908,0.10415298806472163,87.57220382686633,0.16701883375404858,11073.915013850241,0.09304561426391388,509.62843005052576,0.14026329623856432,48.6232450508777
70,170,37.2182,17.3014,35,17.0047,0,112,121,13,136,11,1.00197,43.77458,0.0,0.0,0.75,8.616,14.38749,0.0,0.0,130.0,44.99525,0.0,1.44,3.324,-1.0,0.000154,0.1066715123850245,0.1350362937215313,0.12221133259988134,67.55818730100606,98.48826974655367,0.09367734642364194,0.09466254810137587,1.3927326441064045,0.4445429811087191,0.09996821353719364,16.17385223765432,0.6779462745098039,6.176865848814346,64692.94033435291,0.10387386705036052,86.49756762441069,0.16669034326200233,11827.553862170957,0.09306366913387874,509.3804193499235,0.14069970191776804,49.09030076015143
71,171,37.4781,17.1476,36,16.613,0,112,121,13,136,11,1.00808,44.11018,0.0,0.0,1.25,8.52,14.99917,0.0,0.0,130.0,45.1877,0.0,1.45,2.634,-1.0,0.0001,0.10621023275816954,0.13475317531580475,0.12294120118831534,68.18301741730664,98.4469740380452,0.09354424245505268,0.09492253763967676,1.647372143667769,0.44454298110872,0.10028538080316098,16.55584490740741,0.6817325490196079,6.142433577865344,64555.76390421478,0.1034701862929802,85.90175988017738,0.16619073220137331,11964.720522801521,0.09323723793809598,509.1269753960783,0.14120391877186173,49.05734497823833
72,172,37.5784,17.2832,36,16.8797,0,112,121,13,136,11,1.00441,44.31893,0.0,0.0,1.5,8.546,14.85825,0.0,0.0,130.0,45.28773,0.0,1.43,3.368,0.125,9.2e-05,0.10599424445736016,0.13498833347010072,0.12354221448472438,68.23941552215234,98.4245324100523,0.09341578772982483,0.09520880823311545,1.9880734927247805,0.44454298110872054,0.10051974546335299,16.65359760802469,0.6826854901960785,6.136801966897387,64511.592248840825,0.10324906013782405,86.01058395277462,0.16587800955689128,12048.334249285488,0.09337835358543332,508.8701721000468,0.1417124891994462,48.951464617693865
73,173,37.6788,16.9473,36,17.4375,0,112,121,13,136,11,1.00072,44.44559,0.0,0.0,1.0,8.52,14.95759,0.0,0.0,130.0,45.32111,0.0,1.44,3.415,-1.0,0.000112,0.10584271935939686,0.13547060553885537,0.12408356956678955,68.36425963900113,98.39664721493124,0.09348928956145547,0.09578810762896717,1.6971757050073633,0.4445429811087212,0.1010297026951564,16.764033564814813,0.6823388235294118,6.110091981519897,64476.46096632144,0.10294694392718706,85.83004356613917,0.16563000837325037,12133.868792084166,0.09371070240551868,508.57292332868593,0.14226240796051573,48.95343450852383
74,174,38.1002,16.8743,36,17.7458,0,112,121,13,137,11,0.99874,44.81698,0.0,0.0,1.25,8.516,14.67003,0.0,0.0,129.0,45.30303,0.0,1.43,3.13,-1.0,3.4e-05,0.10561524114285599,0.13610880845584775,0.12466831848221055,68.28124711151304,98.33515086169156,0.09360931521254952,0.09623597136583385,1.4771966832782928,0.4445429811087204,0.10149015969609708,16.738474151234566,0.681590980392157,6.155172622507031,64557.67133801031,0.10268674150751893,85.8970335696955,0.16527626447516355,12469.870336864482,0.09400786439315778,508.2646677329692,0.14282785293144182,49.13908009470245
75,175,37.9816,16.4835,36,18.7091,0,111,121,13,137,10,0.99834,44.53039,0.0,0.0,2.42857,8.433,14.67855,0.0,0.0,129.0,44.55559,0.0,1.44,3.452,-1.0,0.000152,0.10492675661248514,0.136820034109963,0.1253097722704204,67.67981339537508,98.4048426125782,0.09320812362916056,0.0967026846148865,1.4133770306886622,0.44454298110871715,0.10208181559168251,16.46609760802469,0.6689274509803922,6.472840014824272,64514.54283794279,0.10214596703542111,86.72646323814192,0.1652690751076545,12333.696517783641,0.09426821302259909,508.0822513184652,0.1430358182102444,50.82727427541474
76,176,38.216,16.2562,36,17.3862,0,111,121,13,137,10,1.0023,44.78526,0.0,0.0,2.25,8.486,14.28255,0.0,0.0,129.0,44.54431,0.0,1.44,3.728,-1.0,0.000201,0.10435097684645954,0.13739722184596342,0.12598820005432518,67.19202849122988,98.38417834400302,0.09286647125690649,0.09706972260900498,1.6061200544327572,0.44454298110871887,0.10284743405006133,16.79272762345679,0.670558431372549,6.210783252316336,64585.546236237504,0.10182065712984677,84.44534524785942,0.16536099533223816,12512.37550236751,0.0941807404369297,507.88141878972436,0.14339374586715786,50.86900386103878
77,177,38.265,16.1698,36,17.414,0,111,121,13,137,10,1.00778,44.84449,0.0,0.0,1.35714,8.494,14.07797,0.0,0.0,129.0,44.58532,0.0,1.45,3.689,-1.0,3.5e-05,0.10407587423602,0.1379782997336735,0.12660317709839686,67.25890272403512,98.36561826134654,0.09253136019007722,0.09756024143534127,1.5957019166296693,0.4445429811087194,0.10356782516631578,16.694685570987655,0.6719694117647059,6.148441942200904,64573.88050264181,0.10166928094357926,86.64680708316274,0.16537529089187514,12562.84800586414,0.09438688969144536,507.6745230533356,0.14376115284274116,50.95676280834057
78,178,38.2719,16.1198,36,17.4946,0,111,121,13,137,10,1.00646,44.80115,0.0,0.0,1.60714,8.476,14.00934,0.0,0.0,129.0,44.59982,0.0,1.43,4.238,-1.0,0.000157,0.10393527989619884,0.13824470733798425,0.1271529381991996,67.33524838349103,98.37648773419144,0.0923106651032417,0.09802945020354782,1.6425693858185404,0.44454298110871854,0.10421221454336399,16.445119598765434,0.6706086274509805,6.044895422905868,64571.44404763747,0.10152403632124118,86.47627415168546,0.16484305943098942,12587.716818933519,0.0948150287078266,507.4939680387753,0.14417278152643134,51.002708340868544
79,179,38.355,16.252,36,16.9479,0,111,121,13,137,10,1.00681,44.84848,0.0,0.0,3.57143,8.432,13.98529,0.0,0.0,129.0,44.69346,0.0,1.44,4.056,-1.0,0.000111,0.10385949291660806,0.13833360731569339,0.12772903016165182,67.1861072472186,98.37160352532499,0.09211425411527435,0.09856548392124563,2.1002496598979006,0.44454298110871865,0.10490411197268529,16.210310570987655,0.6708701960784313,6.01281027824175,64463.82275208753,0.10148770446199609,84.55872564535683,0.16442926907664845,12655.009795057298,0.09496675237180051,507.327400556484,0.14453693949991162,50.98163105529032
80,180,38.3024,16.0566,36,17.2471,0,111,121,13,137,10,1.00826,44.78504,0.0,0.0,2.64286,8.42,14.09636,0.0,0.0,128.0,44.74699,0.0,1.44,4.468,0.125,5.7e-05,0.10393295325363472,0.13867853742931766,0.12820427817834035,66.87679594891458,98.39816810053102,0.09176290402085413,0.09930776933904764,1.5480455348312514,0.4445429811087176,0.10568352096333888,16.104166666666668,0.6724233921568619,5.979903651831289,64572.481645983215,0.10121742545814594,84.16417208298135,0.16415948229644467,12585.216424012942,0.09529913425696133,507.15029013621546,0.14495174811390735,51.04101035035686
81,181,38.1727,15.9083,36,16.95,0,111,121,13,137,10,1.00448,44.64797,0.0,0.0,2.60714,8.537,13.91262,0.0,0.0,129.0,44.80063,0.0,1.42,4.675,-1.0,0.000125,0.10424079583095493,0.13915332294091304,0.12854105706311805,67.08152605782996,98.40285408959508,0.09163594912246115,0.0993120419621407,2.0485724357634925,0.4445429811087178,0.1064994309808166,16.112895447530864,0.6735906274509803,6.00920854890719,64516.94522574318,0.10099696271274711,84.18744417855153,0.16398653733422694,12477.466730428148,0.09543147858120637,506.99781236245383,0.14539343595939183,51.21088607222946
82,182,38.1996,15.937,36,16.6286,0,111,121,13,137,10,1.00193,44.72994,0.0,0.0,1.5,8.4,13.77924,0.0,0.0,128.0,44.70057,0.0,1.43,4.492,-1.0,0.000139,0.1043719118045898,0.13933026400479245,0.12874722861887408,67.41928670661022,98.3885424451332,0.09148610037960421,0.09981334758631202,1.6312208389445086,0.4445429811087201,0.10732719174166451,15.883246527777779,0.6691117647058823,5.948809418201626,64487.179354063905,0.101095365123254,84.49752800313237,0.16394673949342758,12553.247700827767,0.0958840898640636,506.8818140246325,0.14527643233432122,51.18650384596837
83,183,38.0292,16.4181,36,16.3156,0,111,121,13,137,10,1.0036,44.60144,0.0,0.0,3.5,8.322,13.80241,0.0,0.0,128.0,44.66237,0.0,1.43,4.788,-1.0,0.000116,0.104646748265556,0.13913468790634154,0.12894145534289647,67.58397054989186,98.41338695326004,0.09136885486061894,0.09985993227628118,1.403258610957287,0.44454298110871987,0.10807573620715044,15.682388117283951,0.6687866666666668,5.905567409986882,64431.184517160335,0.10104496779785019,85.20200926791934,0.16350332787027,12413.193989881169,0.09633191395601663,506.81825319735464,0.14538050092857582,51.130326447663485
84,184,38.0498,16.7422,36,16.8235,0,111,121,13,137,10,1.00461,44.62463,0.0,0.0,3.5,8.441,14.21683,0.0,0.0,128.0,44.61263,0.0,1.45,4.741,-1.0,0.000368,0.10513684247992328,0.1387962324126158,0.12927024973325885,67.25284475841988,98.43319687490782,0.09131480995917571,0.10041080133257542,2.092147283241357,0.4445429811087174,0.10872029440952584,15.573206018518519,0.6696474509803921,5.809155859095837,64457.24092629078,0.10078099743494666,87.38103949002718,0.163093234224822,12359.642779531507,0.09665140565384088,506.7692650073365,0.14563132245641633,51.14116150655864
85,185,38.4283,16.4253,36,16.7483,0,111,121,13,137,10,1.00552,44.96412,0.0,0.0,4.57143,8.382,14.49389,0.0,0.0,128.0,44.54589,0.0,1.44,4.436,-1.0,0.000277,0.1056788106557133,0.13853733436303817,0.12972023889919979,67.43170045107522,98.37618672260838,0.0912530560875258,0.1005423170989101,1.6869092466296534,0.44454298110871826,0.10947103914556126,15.251832561728396,0.6677925490196079,5.798398573949237,64619.07574793092,0.1013824124464353,87.26236864631242,0.16267687740411121,12662.42526687205,0.09683667946015008,506.74386236712047,0.14589910970485706,51.15114828980999
86,186,38.4375,16.1279,36,16.4749,0,111,121,13,137,10,1.0021,44.9477,0.0,0.0,3.5,8.288,14.21593,0.0,0.0,128.0,44.4206,0.0,1.44,5.445,-1.0,0.000144,0.10622600672594791,0.13835303611486657,0.1300218286613605,67.64891456649619,98.39214946763494,0.09128735251274851,0.10113158525092367,2.049534203656309,0.4445429811087149,0.11034500689882223,15.000289351851851,0.6600129411764707,5.840277447483145,64646.210447236284,0.1022756442758927,86.86826758380968,0.1621788895081978,12661.90318957905,0.09716452034305616,506.7550123555929,0.1465250575699067,51.29380402741609
87,187,38.4997,16.2354,36,16.5967,0,111,121,13,137,10,0.99977,45.0683,0.0,0.0,3.60714,8.287,13.94298,0.0,0.0,128.0,44.29437,0.0,1.44,4.143,-1.0,9.8e-05,0.10675432884411142,0.13828019848655443,0.12995814598258934,67.29006954363842,98.40825127343521,0.09135526753897587,0.10167588650057358,2.0153995580334705,0.4445429811087184,0.11117057756224445,15.086323302469136,0.6574580392156862,5.752055219010084,64542.915999014585,0.10228584433237083,87.76889193498933,0.16171477841056595,12769.601595372063,0.0975346138697418,506.78586121097277,0.14684002764830612,51.186470502688564
88,188,38.4355,16.4122,36,15.9523,0,111,121,13,137,10,0.99762,45.02975,0.0,0.0,3.32143,8.295,14.02797,0.0,0.0,128.0,44.27761,0.0,1.44,4.486,0.12603,2.8e-05,0.10727453122413291,0.13817370840364296,0.1298071662714939,67.42613861491856,98.40761889992419,0.09132688310262191,0.10223432923062123,1.4483919975991684,0.4445429811087183,0.11195425615741633,14.958960262345679,0.6596341176470589,5.7727843840518664,64540.983516975066,0.1028495496758579,85.3621121836307,0.1613681369177055,12756.395991717965,0.09786718815555909,506.83726129599086,0.14685331143455777,51.39492741337529
89,189,38.0849,15.945,36,16.1992,0,111,121,13,137,10,0.99617,44.75639,0.0,0.0,2.89286,8.251,14.17556,0.0,0.0,128.0,44.22038,0.0,1.44,5.493,-1.0,9.6e-05,0.10788484384601522,0.13846034287200215,0.1295319086264641,67.51756202059495,98.45430055501711,0.09127111079788854,0.10278943261801092,1.028893200551411,0.44454298110871865,0.11275761436919123,14.493537808641975,0.6600201372549019,5.76669896080749,64613.82290028096,0.10252779619213766,85.0768867627326,0.1611430854549576,12520.575772767368,0.09818972735595809,506.9092253469827,0.14686837399936448,51.48184091073495
90,190,38.2558,15.3608,36,16.299,0,111,121,13,137,10,1.0023,44.89799,0.0,0.0,2.60714,8.212,13.77634,0.0,0.0,128.0,44.2258,0.0,1.45,4.795,-1.0,0.000185,0.10818487716884108,0.13846602053996387,0.12917766377168094,67.47352486961448,98.44481344814199,0.09127079165969833,0.10338066714843014,1.6116652629453754,0.44454298110871854,0.1134751350008385,14.217592592592593,0.6611572549019608,5.7341981413560585,64600.40995175757,0.10266162263264957,85.45077602003892,0.16104624969213124,12689.967199611685,0.0984025106291099,506.9906348905517,0.1468186570834688,51.80657676414208
91,191,38.4755,14.3661,36,15.1227,0,110,121,13,137,10,1.00573,45.07441,0.0,0.0,2.42857,8.15,13.26633,0.0,0.0,129.0,44.09186,0.0,1.44,4.047,-1.0,0.000134,0.1087605515400472,0.13761752483066983,0.12914991487278163,67.30112957736546,98.426422415301,0.09130236907459396,0.10409406319898076,1.1173254613923986,0.4445429811087202,0.11395927805516358,13.765335648148149,0.6592094117647058,5.626959992317702,64559.50267475787,0.10303215225678784,89.45070220565492,0.16066456544447938,12855.561413114548,0.0986562849894938,507.06974161473727,0.14672093664171293,52.113839231891404
92,192,38.4633,13.7905,36,14.7806,0,110,121,13,137,10,1.00385,44.98687,0.0,0.0,1.96429,8.17,12.42053,0.0,0.0,129.0,44.0327,0.0,1.44,3.899,-1.0,0.000137,0.10966604326364628,0.13740122563305487,0.1286324048894999,67.23395941960933,98.43905931959102,0.0913299729017582,0.10482675647182385,1.6943840803026282,0.44454298110871465,0.11452038700803409,13.088927469135802,0.658530588235294,5.609097032643039,64547.82998723187,0.10301793396818516,90.23722568732614,0.16020786372813545,12851.534763329266,0.09900438889086506,507.17557278868287,0.14669825504501946,52.15559236502941
93,193,38.454,12.4432,36,14.7112,0,110,121,13,137,10,1.00339,44.89914,0.0,0.0,2.82143,8.221,11.94143,0.0,0.0,129.0,43.89397,0.0,1.44,3.475,-1.0,2.9e-05,0.11014526551581763,0.13736774537866075,0.12825972259897722,66.91013231875581,98.43849156649136,0.09127936141286383,0.10583058257949307,1.2491583739146275,0.4445429811087178,0.11504717739859537,12.161988811728396,0.6550184313725491,5.583180694546137,64513.49203799511,0.10302329245600518,87.85444722365864,0.15998005835289655,12818.578961918261,0.09927516929816017,507.2825178666894,0.14660154006014148,52.25881713113667
94,194,38.4907,12.2151,36,14.9972,0,110,121,13,137,10,1.00751,44.99093,0.0,0.0,2.10714,8.271,10.77848,0.0,0.0,129.0,43.67684,0.0,1.45,4.34,-1.0,9.3e-05,0.11037886597891487,0.13722433530795047,0.12783829174779515,67.21137689862726,98.43787336536232,0.09125791098384899,0.1066209734971333,1.2676071270591003,0.4445429811087182,0.11559295366328462,11.939766589506172,0.6476082352941175,5.490804002547624,64456.66115550546,0.1030776283214742,88.0183166521361,0.1601952606760066,12892.375019982757,0.10007432891686426,507.4024027283283,0.14663271755719615,52.379760930567606
95,195,38.5227,11.6796,36,15.0799,0,109,121,13,137,10,1.00474,45.04159,0.0,0.0,1.96429,8.237,10.58674,0.0,0.0,129.0,43.55823,0.0,1.46,4.998,-1.0,0.00017,0.11075914548872978,0.13702562588061376,0.12705809321991113,67.49353962996815,98.43248252747065,0.09132256423307512,0.10765166300487353,1.5932433866448001,0.4445429811087181,0.11612474703277524,11.710985725308642,0.640472588235294,5.561703976195349,64463.96254353593,0.1030811668708407,88.76991832223592,0.15988768134775982,12825.082783066146,0.10037109345089522,507.54459044066994,0.14651833035569206,52.51265763647762
96,196,38.8243,10.9117,36,13.6615,0,109,121,13,137,10,1.00352,45.34458,0.0,0.0,1.85714,8.245,10.11746,0.0,0.0,129.0,43.44155,0.0,1.43,5.042,0.12641,6.8e-05,0.11165284164735562,0.1368101486761397,0.12603950043020193,67.64083361952234,98.39500881090291,0.0919602086027397,0.10843348184118252,1.1823763593545042,0.44454298110871787,0.11658513514808087,11.699604552469136,0.6372278431372549,5.590393344791187,64453.85946368529,0.10315229397334882,91.00465178726597,0.1597566295345917,13071.399273178513,0.10076023834360492,507.7039250742155,0.14645077447962218,52.53859569408276
97,197,38.8443,10.6589,37,13.2399,0,109,121,13,137,10,1.00492,45.45581,0.0,0.0,1.14286,8.318,9.44203,0.0,0.0,129.0,43.45302,0.0,1.46,4.476,-1.0,7.8e-05,0.11217376823797404,0.13656648792831985,0.12512481656524824,67.73254638834668,98.37342281927526,0.09207416756485791,0.10908846631360934,1.0940374472085117,0.44454298110871854,0.11703081925604797,11.588638117283951,0.6370588235294118,5.527932033605192,64454.28969707386,0.10319293800822246,86.499825756903,0.1597013955154058,13117.721212276756,0.10149222690947583,507.87407691516756,0.1467025488658124,52.62349427776572
98,198,38.5983,10.3833,36,13.1711,0,109,121,13,137,10,1.00623,45.23888,0.0,0.0,1.39286,8.301,9.22319,0.0,0.0,129.0,43.56835,0.0,1.44,4.581,-1.0,0.000133,0.11297704134039238,0.13633780619206706,0.12463320924628446,67.86983920588884,98.40129726559991,0.09236087784428895,0.10971987898166599,1.7505176059034115,0.4445429811087183,0.11747751258193366,11.691116898148149,0.6398388235294118,5.427363858535016,64366.31107209042,0.10326557085993077,86.3976269782988,0.15987709974548917,12988.13062894352,0.1017611329799795,508.0551376982761,0.147048639292013,52.62892923237364
99,199,38.5749,,36,11.7193,0,110,121,13,137,10,1.00428,45.20501,0.0,0.0,1.46429,8.284,8.97727,0.0,0.0,129.0,43.60627,0.0,1.43,4.127,-1.0,0.000205,0.11374089068448191,0.13630635377417222,0.12450093643612278,67.66917652559535,98.41099322163876,0.09264565821725027,0.11037925157321686,2.3003165805970767,0.44454298110871876,0.11794297776256574,11.610387731481481,0.6400264901960776,5.432695079744059,64415.275199238844,0.10324912574426641,86.3827379765572,0.15958790386549132,12930.170569028422,0.10251950660510736,508.196361665002,0.14756711740323908,52.91485802921249
