,frame_number,SITI.SI,SITI.TI,VCA. E,VCA. h,VCA. epsilon,VCA. L,VCA. avgU,VCA. energyU,VCA. avgV,VCA. energyV,AGH.Blockiness,AGH.Spatial Activity,AGH.Letterbox,AGH.Pillarbox,AGH.Blockloss,AGH.Blur,AGH.TemporalAct,AGH.Blackout,AGH.Freezing,AGH.Exposure(bri),AGH.Contrast,AGH.Interlace,AGH.Noise,AGH.Slice,AGH.Flickering,cambi,cubcol.0,contrast,cubcol.1.0,cubrow.0,blockiness,cubrow.1.0,cubcol.0.5,cubrow.0.3,movement,cubcol.0.6,noise,cubcol.0.3,staticness,color_fulness,tone,cubrow.0.6,temporal,saturation,fft,uhdhdsim,cubrow.0.5,blur
0,500,54.5774,33.5884,43,0.0,0,126,124,15,130,9,0.99533,55.64328,0.0,0.0,4.96429,8.376,0.0,0.0,0.0,127.0,64.51799,0.00018,0.65,2.015,0.0,0.0,0.13235902414369774,91.86749152283637,0.19329822470775732,0.05063424421151196,2.3291576900316793,0.14606816284404187,0.17191552858987333,0.12540867867321248,0.0,0.13012650623398342,0.48592444643634036,0.21950412912499076,406.83343315335514,75.19606167694371,0.8826882352941177,0.23803895378864362,0.0,24.257527104130496,65385.590074835665,94.80666992147461,0.20354483587463476,24675.774536341858
1,501,54.6887,32.9466,43,46.6285,0,126,124,14,130,10,1.00362,55.73882,0.0,0.0,2.67857,8.219,28.84738,0.0,0.0,127.0,64.39774,0.00019,0.64,1.843,-1.0,0.0,0.11275103020181271,95.10141363611324,0.18492617393095045,0.04045422986195792,1.8887299527140866,0.12446974295954448,0.15498255536931796,0.0933657331660821,25.092351466049383,0.11559291816452534,0.48370682039311114,0.20611463100789906,395.75309057792674,75.92615815636891,0.8844529411764706,0.17125912093508544,7.512394722049457,24.267983707380882,65697.40853277437,94.79035774389985,0.15958436969424492,24707.448060919785
2,502,54.3683,32.3916,43,45.3332,0,126,124,14,130,10,1.00475,55.44245,0.0,0.0,3.53571,8.199,28.29278,0.0,0.0,127.0,64.16025,0.00022,0.64,2.107,-1.0,0.0,0.11236888917975668,96.33102106391533,0.17775995544869957,0.03792539855869049,2.152256463487283,0.11481966044554964,0.1420025672490814,0.085199766199047,22.024546682098766,0.12236686436773492,0.48370682039311824,0.19396099443419595,385.9955960922522,77.33616190967655,0.8846611764705883,0.15499276531178843,7.494793353044192,24.315947544427566,65876.01387853286,94.8736471544828,0.1482022654905019,24316.752527177396
3,503,53.9866,32.3049,43,46.2909,0,125,124,14,130,10,1.00845,55.08456,0.0,0.0,4.82143,8.15,27.81612,0.0,0.0,127.0,63.80423,0.00015,0.64,1.96,-1.0,0.0,0.11237708158749976,96.00462236197617,0.17495570044833353,0.03615268950307454,1.9151443936914128,0.11151419435014696,0.1404378901124455,0.08055037054520409,19.574074074074073,0.12290288324753422,0.48370682039311425,0.18256979604578946,377.2559469984031,77.6341775814957,0.8845639215686275,0.14660898385128276,7.4871387603763315,24.39863360369647,65735.37008095755,94.92062417798482,0.14208176253070864,23850.259878336736
4,504,53.8394,32.5499,43,44.2605,0,125,124,14,130,10,0.99957,54.96415,0.0,0.0,3.14286,8.242,27.74666,0.0,0.0,127.0,63.41387,0.00019,0.64,1.92,-1.0,0.0,0.10688889945690347,95.90315005544024,0.16359362156900165,0.03502649963673737,1.3859647740499617,0.10699451144593419,0.145247909757864,0.07753152742914467,17.678626543209877,0.11798909032841873,0.4859244464363443,0.1832336291635039,369.58558706846367,78.50164899704615,0.8865423529411764,0.1406776471972919,7.4836272656502025,24.53031638816551,65663.88861672238,94.93288794679435,0.1408114056695293,23855.24801296085
5,505,53.9682,32.6796,43,42.7176,0,125,124,14,130,9,0.99845,55.1183,0.0,0.0,6.07143,8.254,27.95871,0.0,0.0,127.0,63.00822,0.00017,0.64,2.155,-1.0,0.0,0.12157763716024347,95.02152667700764,0.16277021623516671,0.0342872913537604,1.3475282639846313,0.10480894347837343,0.14402233985417626,0.07572939957040281,16.437162422839506,0.11695284796134771,0.48976548741540205,0.1819098478365272,362.7111410366884,79.48329300794515,0.8887525490196079,0.13561508384793314,7.481343092664886,24.595587647991415,65806.38668330303,94.96666486738371,0.14052634418409407,23788.954591751026
6,506,53.9271,32.2811,43,43.9596,0,124,124,14,130,9,1.01023,55.07183,0.0,0.0,4.96429,8.089,28.07413,0.0,0.0,127.0,62.68338,0.00012,0.64,1.977,-1.0,1e-06,0.11387044935845068,96.18757315683408,0.16903918278168573,0.033971821653987176,1.6197353011929738,0.10376345960176338,0.13826105997886673,0.07460825004789477,15.317901234567902,0.11702534109027767,0.48976548741540454,0.17753487688074676,356.44455288071555,80.75721380145832,0.8901960784313725,0.1326251616968122,7.457804711334101,24.71579940230758,65969.33284195304,94.98340766340249,0.14030831341730302,23629.33793788453
7,507,53.7906,32.0716,43,43.1947,0,124,124,14,130,9,1.01017,54.98969,0.0,0.0,3.0,8.111,27.72917,0.0,0.0,127.0,62.33219,0.00015,0.64,2.071,-1.0,0.0,0.11254960645316861,95.91700477177748,0.15762244435391096,0.03382511739403292,1.5342500653335438,0.1037059005749593,0.13460204947174692,0.07498336448697544,14.421971450617283,0.12954148688197376,0.48976548741540366,0.17928683185811048,350.6585373872762,81.17561424877914,0.8907325490196079,0.1313205246413747,7.4333991400439245,24.851322126977237,65819.9396509394,94.96368549855148,0.14055901614879288,23202.63541972494
8,508,53.7792,32.1678,43,43.9351,0,124,124,14,130,9,0.99829,55.00209,0.0,0.0,3.21429,8.063,27.54898,0.0,0.0,126.0,61.95658,0.00016,0.64,2.166,0.13014,0.0,0.11217801967143748,96.15485657003455,0.15076843577238627,0.033655284148429096,2.2153941513240767,0.1027953642153145,0.12802858426194547,0.07396927408256522,13.78612075617284,0.13953509948047169,0.4875478613721742,0.18495203189849188,345.1402710844514,81.27153675990719,0.8915729411764706,0.13109878396585042,7.410870862755904,24.981387479805655,65709.23947851136,94.92379726915533,0.14066251863087095,23015.372853934885
9,509,54.126,32.2051,44,42.2458,0,123,124,14,130,9,0.99761,55.3356,0.0,0.0,2.53571,8.003,27.63546,0.0,0.0,126.0,61.63006,0.00015,0.64,2.247,-1.0,1e-06,0.11355438705378779,92.74025826845309,0.14842834323879997,0.03349398282800752,1.4417500349934385,0.10241281469101995,0.12245434803006573,0.07343059886392211,13.036217206790123,0.14487573584612456,0.4897654874154022,0.18793179972301152,339.83156592474745,81.50411968783,0.8926819607843137,0.12957756184840866,7.38647943519117,25.07219385217737,65663.8267981116,94.89996043347331,0.14102319439568964,23235.090842170994
10,510,54.5024,32.2187,44,41.824,0,123,124,14,130,9,1.00052,55.70536,0.0,0.0,3.42857,8.012,27.66539,0.0,0.0,126.0,61.32673,0.00016,0.64,2.343,-1.0,1e-06,0.11847418921516738,93.03269575467561,0.14556361005018872,0.03294500768999166,1.3865027710967277,0.10364063857651439,0.11899223779370133,0.07315957393684103,15.521026234567902,0.1471061353067799,0.48976548741540465,0.18707340897209135,334.77071876912385,81.55599009432892,0.8929796078431372,0.12792742643033458,7.33718016694506,25.235219508041567,65597.59868663552,94.83032959887082,0.14111292064061573,23435.318760797643
11,511,55.0331,32.307,44,42.9189,0,122,124,14,130,10,1.0182,56.23659,0.0,0.0,3.85714,7.98,27.68383,0.0,0.0,126.0,61.07739,0.00014,0.65,2.315,-1.0,0.0,0.1263866015542524,96.24340485276632,0.142577476670674,0.03269762923028049,2.7599997243953855,0.10427918892341938,0.11560757768464512,0.07331254391446085,17.33251350308642,0.14739838555193402,0.48976548741540754,0.18750123513122255,329.975805843323,82.21282045080346,0.8940510784313723,0.12688498975641027,7.296473052151402,25.343671257113233,65619.94071589489,94.7920362905215,0.14159764367748645,23905.43764828804
12,512,55.718,31.9318,45,41.6772,0,122,124,14,130,10,0.99599,56.86084,0.0,0.0,2.17857,7.829,27.76619,0.0,0.0,127.0,60.88838,0.0002,0.65,2.216,-1.0,0.0,0.12899970434011016,94.41085039097229,0.14119562582246142,0.032532472664113576,2.370277497119905,0.10610890478509791,0.11258026941285457,0.07334930384079395,15.75607638888889,0.14844651449640056,0.48976548741540943,0.18719716196863898,325.46359247372334,82.05339647394314,0.8950560784313726,0.1264341305933319,7.254022903408771,25.627739235206885,65627.7276076338,94.70382820316816,0.14239113219703758,24840.93235052036
13,513,56.309,31.684,45,42.3667,0,122,124,14,130,10,0.99611,57.4684,0.0,0.0,4.39286,7.664,27.4468,0.0,0.0,126.0,60.64679,0.00019,0.64,2.038,-1.0,0.0,0.13224118463936507,96.46110755251827,0.13792798446576865,0.03263264872561441,1.6326843976422105,0.10943702988047081,0.10981110313225992,0.07338657013124741,13.732060185185185,0.1519185528397388,0.49198311345863166,0.18824687078648408,321.23750499977837,81.72878788986377,0.8955996078431373,0.12597718959019055,7.216482138461406,25.8347785855517,65810.00423611932,94.61453837853043,0.14259585533490815,25370.45323992524
14,514,56.8178,31.1629,45,41.0056,0,121,124,14,130,10,1.00381,57.96986,0.0,0.0,4.21429,7.57,27.23957,0.0,0.0,126.0,60.37575,0.00022,0.65,2.137,-1.0,0.0,0.1355435834739096,92.54569956466617,0.13590115464674163,0.032521726599359084,2.7611490883010497,0.11033355808183064,0.10744107750077654,0.07339864859529843,12.942997685185185,0.15326791592223982,0.49198311345863566,0.1870387794722547,317.34593505538066,81.99216912274332,0.8961572549019607,0.12597771925437443,7.189933207749082,26.10576488353588,65830.23319779102,94.5537758224192,0.1421829430565411,25884.522870268273
15,515,57.2267,30.5388,46,37.985,0,121,124,14,130,10,1.00113,58.34328,0.0,0.0,5.14286,7.468,26.79868,0.0,0.0,126.0,60.17524,0.00022,0.65,2.241,-1.0,0.0,0.1360673056798728,96.23051988143546,0.13227734537622454,0.032354592306567447,3.120882987223228,0.1096343306997406,0.10561952091694443,0.07370113924579744,13.802372685185185,0.15383815085630534,0.4919831134586328,0.1875394063222368,313.6921164648231,82.15902161476035,0.8969011764705882,0.12610665744501423,7.156066811679455,26.3444475715543,65560.99642168001,94.50959329605915,0.14234206648996633,26296.64094415437
16,516,58.0664,30.3463,46,38.6502,0,120,124,14,130,10,0.99631,59.17443,0.0,0.0,5.17857,7.294,26.25982,0.0,0.0,126.0,60.06733,0.00019,0.64,2.17,0.13117,1.9e-05,0.13933597883922333,93.10379570374222,0.13024409441723814,0.03223805137587728,2.788298909253994,0.10961234609652169,0.10447345541411429,0.07372438166122437,16.54050925925926,0.15308165345630373,0.49198311345863727,0.18422976494251683,310.3054170500538,83.13159300426427,0.8978466666666667,0.12662541289236262,7.11836634371203,26.595806734061533,65852.71327616817,94.43370012060285,0.14247352340806266,27197.005656175694
17,517,58.7568,30.3316,47,38.9658,0,120,124,15,130,10,1.00119,59.88732,0.0,0.0,3.71429,7.206,26.09975,0.0,0.0,127.0,59.97321,0.00021,0.65,2.169,-1.0,0.0,0.1378741449750669,96.71877346780437,0.12753082115881859,0.032182268980027656,3.0749672243426716,0.11016671181651803,0.1038133006083197,0.07367453629551923,16.220100308641975,0.1520808484901436,0.49198311345863854,0.18280718072174953,307.14512368824643,84.0675349408298,0.8981749019607843,0.12783607936360977,7.074992206694947,26.80816744580681,65850.41004755399,94.35849915113879,0.14287956050737316,28032.6549252097
18,518,59.4236,30.2679,47,41.8038,0,120,124,15,130,10,1.00847,60.59777,0.0,0.0,5.03571,7.161,26.0962,0.0,0.0,126.0,59.76843,0.00022,0.65,2.275,-1.0,0.0,0.1360927584432325,95.34442787810912,0.12480835042747318,0.032073025198312934,2.5450513326958677,0.11101997728054532,0.1028846200870117,0.0738834156014056,15.709104938271604,0.15039967023950604,0.4919831134586407,0.17832884413699454,304.2113938906478,85.4420256406434,0.8986721568627452,0.12798254792167055,7.0404783176176045,27.095824441792054,65856.02917564606,94.25613380741376,0.1431712252617637,28915.69331389438
19,519,59.9183,30.1174,48,40.6844,0,119,124,15,130,11,1.0036,61.15773,0.0,0.0,3.17857,7.06,26.04371,0.0,0.0,126.0,59.42862,0.00019,0.65,2.117,-1.0,0.0,0.1346737915211989,95.4110525692379,0.12203729832720074,0.03216434969298578,1.8517898123000178,0.11091627905827146,0.10288178219398751,0.07394266737691699,15.283275462962964,0.14962344303057223,0.49641836554509594,0.17592053797535423,301.4853373007505,85.82968957021845,0.8988874509803921,0.12845581161121256,7.020124268146992,27.412643997757524,65948.49267340743,94.16585352154927,0.14328208298240125,29614.969454392016
20,520,60.7584,30.171,49,36.9038,0,119,124,15,130,11,1.00487,62.07369,0.0,0.0,3.75,6.885,25.91338,0.0,0.0,126.0,59.01817,0.00022,0.65,2.262,-1.0,0.0,0.13404978718165214,96.69175355946531,0.11943227978823849,0.03206030989882852,2.216715320878979,0.11061303118216456,0.103178812830806,0.07416189417326395,16.561921296296298,0.1486860997524719,0.49641836554510094,0.17600890112927792,298.922056155294,87.14487266272275,0.899981568627451,0.12850294411841343,7.001655493906409,27.66144703052662,66340.40964334742,94.04607812760989,0.1432915364981983,30838.203182926227
21,521,61.7086,30.3099,50,36.9836,0,119,124,15,130,11,1.00444,63.1174,0.0,0.0,2.03571,6.809,25.96145,0.0,0.0,126.0,58.51019,0.00029,0.65,2.487,-1.0,1e-06,0.13350710540098626,96.94700926588044,0.1171960498895512,0.03197374216199838,2.0621799677086603,0.11012111428336842,0.10347647644172624,0.07437825154007668,17.257137345679013,0.14645790301350403,0.5018828214599936,0.1737135756131195,296.5676562892656,87.87063500096819,0.900026274509804,0.12956618610785686,6.9799711854337625,27.918329121154034,66393.36469554371,93.93686476516451,0.1438997205255137,32176.890476395507
22,522,62.4014,30.6005,50,37.1087,0,118,124,15,130,11,0.99471,63.85138,0.0,0.0,2.75,6.754,26.08238,0.0,0.0,126.0,58.05542,0.00017,0.65,2.438,-1.0,0.0,0.1325870884132381,96.24320208532168,0.11520784655347462,0.03209754008748777,2.0489313939540312,0.10980536651783905,0.10413721692114136,0.07449696294126411,17.27951388888889,0.1441431126632306,0.5085356995896791,0.17418068897847094,294.4325850554726,88.95421239035146,0.8985607843137257,0.1305759364043892,6.975420210121214,28.239136684088063,66615.77833286357,93.80835992647417,0.14471685266243078,33159.277239481424
23,523,63.0974,30.7658,51,41.0866,0,118,124,16,130,11,1.01367,64.64913,0.0,0.0,5.46429,6.765,26.33579,0.0,0.0,126.0,57.56658,0.00017,0.65,2.686,-1.0,0.0,0.13193957295951628,96.63620188963944,0.11343778941297128,0.032058519433707564,1.9289706229984402,0.1096834007166127,0.10444859311395047,0.07478486589311101,17.134645061728396,0.14279196343902373,0.5107533256329112,0.17406284091693497,292.48675840803867,89.56534091189057,0.8987176470588235,0.1311922220749643,6.976314681236491,28.500728842652872,66731.5419237049,93.72759139831741,0.14541890170175972,34323.857975795436
24,524,64.0106,30.5374,52,37.5362,0,118,124,16,130,11,1.0085,65.63843,0.0,0.0,3.82143,6.602,26.48444,0.0,0.0,126.0,57.12919,0.00024,0.65,2.678,0.12989,0.0,0.13382272149878827,94.98933834807129,0.11230264909469845,0.03205041848810235,2.155594176200237,0.10988328166759337,0.10702853890129058,0.07493548659305324,17.21990740740741,0.14187340190232844,0.5123767405687446,0.17373881478349226,290.7011968748848,90.65473484451637,0.898076862745098,0.1330034676239278,6.974565958717431,28.79776942877122,66873.5987722692,93.60083763161795,0.14625145932282016,35760.203939486586
25,525,64.7809,30.8253,53,38.0672,0,117,124,16,130,11,1.00797,66.50706,0.0,0.0,3.25,6.495,26.28194,0.0,0.0,126.0,56.63055,0.00023,0.65,2.701,-1.0,0.0,0.13875963862206692,92.91916065152328,0.11169008185939562,0.032020872247559,2.0563140277275638,0.10966097789889666,0.1099156416948841,0.07536820096135459,17.7109375,0.1416406220152109,0.5145943666119778,0.17624130739082094,289.1026607166543,91.02932318168018,0.8983674509803922,0.1346123634761651,6.956057546726033,29.077350004219717,67053.84104393475,93.49444928022784,0.14680525227428112,36903.7130030743
26,526,65.491,31.0703,53,36.5248,0,117,124,16,130,12,0.99855,67.33145,0.0,0.0,6.71429,6.448,26.53129,0.0,0.0,126.0,56.18397,0.00026,1.33,2.758,-1.0,0.0,0.14120579975414785,95.73498365122293,0.11102386888759175,0.03206471045771295,2.2381322180148766,0.1093201831981916,0.11239584308792264,0.0756755690604049,17.969521604938272,0.1407209271705571,0.5145943666119791,0.17361013258862812,287.70686674968965,92.84900195399418,0.8997137254901961,0.13619688172104938,6.960875134094768,29.304448822398243,67212.105754501,93.38035606892862,0.14743967267039182,38120.21753455554
27,527,65.9092,31.1437,54,36.1842,0,116,124,16,130,11,1.00421,67.8597,0.0,0.0,4.96429,6.446,26.74177,0.0,0.0,126.0,55.71024,0.00021,1.33,2.798,-1.0,0.0,0.14311970098784504,89.54397230629002,0.11122773454145694,0.03200829206245541,2.4961594968723695,0.10926039197208465,0.1143207208548715,0.07609640486095585,17.770833333333332,0.1393190358890777,0.5145943666119815,0.17176886026049717,286.50084713197367,94.10421565547654,0.8963286274509804,0.1386093690903033,6.963465547452328,29.474551165545428,67272.95160792868,93.3058843178695,0.14819390366370963,38765.77925168537
28,528,66.6473,30.9732,55,37.0344,0,116,124,16,130,11,1.00852,68.6217,0.0,0.0,5.17857,6.383,26.80287,0.0,0.0,126.0,55.3609,0.0003,1.33,3.268,-1.0,1e-06,0.141478713213331,94.64709119636132,0.11204845185981677,0.03202133809314015,2.146680513058322,0.10944319549705474,0.11753268207333824,0.07655548026584023,17.664689429012345,0.13834661875307677,0.5168119926552118,0.17024611105781234,285.46652716429946,94.78464999775022,0.8949211764705882,0.14087051873421105,6.955381121810646,29.737948382342307,67243.9601596137,93.25642809540568,0.14893468145336014,40056.35279725629
29,529,67.3696,30.6361,55,39.3115,0,116,124,16,130,12,1.00359,69.3663,0.0,0.0,4.67857,6.238,26.6557,0.0,0.0,126.0,55.08981,0.00024,1.33,3.747,-1.0,0.0,0.1405265237162964,90.15185951424759,0.11432263704769131,0.031979999519769396,2.034128481555487,0.10975968976335895,0.12026006261932508,0.07702679476670843,17.715036651234566,0.13679494156515792,0.5190296186984417,0.16923854744714148,284.577289577518,95.92456171898385,0.8897416078431342,0.1426880125763417,6.936470352353139,29.900885499553915,67445.14556765542,93.19324498630452,0.1499476696791247,41622.327170501936
30,530,68.026,30.449,55,37.8861,0,115,124,16,130,12,1.00384,70.01274,0.0,0.0,4.39286,6.224,26.36975,0.0,0.0,126.0,54.91117,0.00025,1.33,4.199,-1.0,0.0,0.13938865322424154,90.45686162431466,0.11477604868353011,0.03206189059208358,2.1541557664279276,0.11055492518209149,0.12391628646498536,0.07757901421467525,17.741512345679013,0.13595284185081144,0.5190296186984441,0.16867378695618193,283.8043505047439,95.85708734331756,0.8815412549019607,0.14400966650234498,6.912639785123214,30.085684693889853,67514.85989475664,93.12873151054558,0.15131442908330828,43178.816263048735
31,531,67.9872,30.2918,56,36.121,0,115,124,16,130,12,1.00694,69.96563,0.0,0.0,2.82143,6.219,26.21308,0.0,0.0,126.0,54.68788,0.00022,1.31,4.277,-1.0,0.0,0.13823776436353852,89.87153200238778,0.11462283894599173,0.032063993510146306,2.3396267205510517,0.11086778110700657,0.12856600169780566,0.07813598095248891,17.85715663580247,0.13522259611285228,0.5267117006565653,0.16856601866528667,283.1495442511414,97.12684610831465,0.873446274509804,0.14533338943833538,6.894269700291691,30.16177782600309,67488.58477063151,93.16840283271884,0.15250711047957247,43299.40554331131
32,532,67.5681,30.4849,55,33.8986,0,115,124,17,130,12,1.00481,69.61846,0.0,0.0,3.92857,6.35,26.08679,0.0,0.0,126.0,54.2339,0.00019,1.32,4.202,0.13066,0.0,0.13668643292023927,88.82186560622162,0.11452206341427387,0.03206184317334758,2.425732764184702,0.11111400861250233,0.12883875506440579,0.07860345079345829,18.02174961419753,0.13432879792049018,0.524494074613339,0.16880089426302175,282.60529613325946,98.42206616611736,0.8675603921568628,0.1463248827360497,6.895456833461408,30.32589947735822,67378.05327491506,93.23932835974614,0.15373337666811132,42329.92302276109
33,533,67.7127,30.3191,55,34.0253,0,114,124,17,130,12,0.99596,69.77051,0.0,0.0,5.28571,6.369,26.25697,0.0,0.0,126.0,53.70861,0.00019,1.34,4.2,-1.0,0.0,0.1353389903136626,89.12450475275898,0.11462321718005,0.032035558612557906,2.8151714643729395,0.11120650046160994,0.13024312247983513,0.07911876046623902,18.151765046296298,0.13571595669843028,0.5267117006565698,0.1687727288939857,282.13411761151787,98.3532410378622,0.8615999999999999,0.1472078861698385,6.885498671090459,30.556529669114102,67397.70281210623,93.22894576786352,0.15505711985368162,42654.63023280068
34,534,68.3787,30.1657,56,33.1478,0,114,124,17,130,12,1.00271,70.45915,0.0,0.0,5.0,6.322,26.11166,0.0,0.0,126.0,53.12802,0.00026,1.33,4.139,-1.0,0.0,0.13445366812573195,87.22646240445734,0.11516059724382345,0.03210399168582828,2.7162002012843662,0.11123394242591429,0.13285039061333723,0.07971742669774652,18.324556327160494,0.13731330539929637,0.5311469527430258,0.1681548249272342,281.7153086515318,99.0440872278482,0.8527145098039216,0.1482000616135235,6.8765800653422,30.63843997908227,67560.87501465296,93.1503495208178,0.1566374839273316,43911.10584221785
35,535,68.9131,29.7746,57,34.2443,0,114,124,17,130,12,0.99778,71.02339,0.0,0.0,5.21429,6.153,25.97788,0.0,0.0,126.0,52.50575,0.00033,1.33,4.119,-1.0,8e-06,0.13323833922006154,87.60161782684312,0.11605915369573051,0.03221715439502813,2.544931421932182,0.1115325348352817,0.13474870952900198,0.08012260747588038,18.568190586419753,0.138680236157318,0.5311469527430277,0.16781123381419963,281.3347445628133,98.41426524795983,0.8462482352941176,0.14940855719871465,6.872344675209222,30.919507250373744,67669.43538663622,93.07739112538096,0.1583199954205445,44982.982199903054
36,536,69.0072,29.4982,57,36.1914,0,113,124,17,130,12,0.99642,71.21081,0.0,0.0,3.67857,6.063,25.64201,0.0,0.0,126.0,51.81912,0.00033,1.34,3.744,-1.0,0.0,0.1322972296485031,86.81114647247192,0.11628603233533681,0.032136333602516894,2.819357923604117,0.11172730236682547,0.13657575858948054,0.08072377497043738,18.82913773148148,0.13849274545137602,0.5355822048294911,0.1676832278835618,280.96471098141785,99.41194081987096,0.8381749019607843,0.1505941446340544,6.865752958675226,30.796354128990643,67726.42554235242,93.0636617183151,0.15987941005085438,45024.73107546414
37,537,68.7834,29.3401,57,33.6116,0,113,124,17,130,12,0.99493,71.05643,0.0,0.0,3.89286,6.08,25.40116,0.0,0.0,126.0,51.20179,0.00029,1.32,4.51,-1.0,0.0,0.13199336079074944,91.80837620367457,0.11881771040005368,0.03217588054168144,3.173803225675497,0.11200136323129496,0.13740020340895204,0.0812038596062069,18.893904320987655,0.13891010164006184,0.533364578786263,0.1678288328868546,280.65125220759563,99.76387273321187,0.8298250980392143,0.15147978045196747,6.887600487623324,31.038120222680366,67654.1621751197,93.10856190026317,0.16069655333455138,44825.087667827574
38,538,68.3094,28.4999,57,32.4361,0,113,124,17,130,12,1.00453,70.65419,0.0,0.0,3.21429,6.093,25.26283,0.0,0.0,126.0,50.65168,0.0003,1.33,4.381,-1.0,5e-06,0.13146044708812762,87.48745634401791,0.12154233186314739,0.0322534052704903,2.8509915915449326,0.11244981545247963,0.13840078785683116,0.08161183666310204,18.843364197530864,0.13929988691978198,0.5372056197653176,0.16856453574600766,280.33315146252664,99.71427722720557,0.8184619607843137,0.15232045280047513,6.920433664346726,30.976934927481192,67587.46195925307,93.158475870714,0.16108717324978175,43932.49623796676
39,539,68.4681,28.197,57,30.9036,0,113,124,17,130,12,0.99512,70.78686,0.0,0.0,4.10714,6.025,24.54496,0.0,0.0,126.0,50.47811,0.0003,1.32,4.405,-1.0,1e-06,0.13084166492618762,90.42693208002159,0.12460915922616009,0.03225325616601049,2.814480810996511,0.11244004648541994,0.13700126274906635,0.08214174346141616,18.764949845679013,0.138981087173585,0.5372056197653204,0.1686242225788834,280.03764992149365,99.80476661900389,0.8161780392156862,0.15321860601511436,6.925392000890487,30.96752534089265,67577.43855649086,93.12661787189072,0.1614728494996263,44401.47580015723
40,540,69.0494,28.0661,57,30.5832,0,113,124,17,130,12,0.99803,71.35842,0.0,0.0,4.64286,5.929,24.29169,0.0,0.0,126.0,50.52584,0.00025,1.34,4.26,0.12976,1.8e-05,0.1305111310786154,88.04805358534378,0.12902460789276274,0.032232857373721675,3.2144647744197066,0.11216687838930325,0.1361705365420735,0.08267012370121798,18.69256365740741,0.13893732230095568,0.5372056197653202,0.16812795903282787,279.74270320599686,99.56565875062107,0.8183796078431373,0.15422290601513813,6.907689632179977,30.917102201485342,67876.57922832455,93.07509253140914,0.1617836050788966,45662.358722371726
41,541,69.6642,27.9376,58,30.2502,0,113,124,17,130,12,0.99466,71.93073,0.0,0.0,5.92857,5.874,24.18808,0.0,0.0,126.0,50.60255,0.00026,1.33,4.221,-1.0,2e-06,0.12940011833384907,87.4996341291775,0.13496597437801056,0.03228235905991093,3.286210023415955,0.11251152359090932,0.13515524730294445,0.08318670491620536,18.650028935185187,0.13865327553116216,0.5372056197653213,0.1686556887565813,279.46055318979444,99.64769737374529,0.8204192156862745,0.15545666804613598,6.89849418098041,30.851203635886865,68002.50167137195,92.99060389131915,0.16199288508185383,47106.160756168
42,542,69.5897,27.9657,58,31.2783,0,113,124,17,130,12,0.99365,71.84589,0.0,0.0,6.53571,5.867,24.07761,0.0,0.0,126.0,50.67154,0.00032,1.32,4.303,-1.0,0.0,0.12859200599636825,87.76556806181775,0.13977932225938935,0.03230723239289964,2.879773765048757,0.11287293276101301,0.1346459225885878,0.08363653886000691,18.585744598765434,0.13936220243892092,0.5333645787862592,0.16949407082305673,279.21013981469866,99.78392019920815,0.8223913725490196,0.1564459008696725,6.888530981686019,30.937348354009934,67908.60122087844,93.01957713632852,0.16228683902777138,47063.6615037064
43,543,69.0621,28.1122,57,31.9234,0,113,124,17,130,12,0.99623,71.29119,0.0,0.0,7.07143,5.962,24.10693,0.0,0.0,126.0,50.74696,0.00028,1.32,4.572,-1.0,0.0,0.12762703980087362,88.17215234608548,0.14361063513553207,0.032375582382347515,3.0339748781215516,0.11290146841959184,0.1342201863955063,0.08405185068701726,18.417824074074073,0.1404645067880942,0.5333645787862581,0.17087858701964972,278.9611081556921,99.37472138254046,0.825121568627451,0.15721803908738907,6.882898556184177,30.899816065658758,67793.22307296545,93.08368606518535,0.16233730958192719,46216.48457374497
44,544,68.6763,28.1289,57,29.4574,0,113,124,17,130,12,0.99845,70.89456,0.0,0.0,6.60714,6.062,24.23111,0.0,0.0,126.0,50.75499,0.00025,1.34,4.356,-1.0,1e-06,0.12690650082604024,88.29120193602041,0.1465313636283103,0.03234008211997171,3.595356057826204,0.11308259173536644,0.1344114928271371,0.08444652741962488,18.47463348765432,0.14231503063319637,0.5333645787862551,0.17207615910335117,278.7120799766825,99.82786022717895,0.8288564705882353,0.15796204259349172,6.906287020644496,30.812521286952645,67538.43418149491,93.1412177527522,0.16229621793840024,45459.388268801806
45,545,68.8556,28.0649,57,29.4359,0,113,124,17,130,12,0.99537,71.07404,0.0,0.0,6.46429,6.063,24.24602,0.0,0.0,126.0,50.74098,0.00027,1.33,4.33,-1.0,1e-06,0.12610129943807696,88.15696780787673,0.14906366061746276,0.03235869327667739,3.0704880455196943,0.11324193925524773,0.13555221186525473,0.08481418092991387,18.47873263888889,0.14450134258790964,0.5333645787862599,0.17194630862930663,278.4390395191003,99.94542414000531,0.8298019607843138,0.15876209537730707,6.9197774175723925,30.791776492271893,67480.97176355115,93.13690946401687,0.16224345837180454,45869.89110443811
46,546,69.0676,28.095,57,31.9517,0,113,124,17,130,12,1.00473,71.25857,0.0,0.0,5.21429,5.968,24.19572,0.0,0.0,126.0,50.7481,0.00023,1.33,4.307,-1.0,2e-06,0.1253392608498796,89.43069310114116,0.15238449074811392,0.03238240240646492,3.4983399193166522,0.11336281946426363,0.13663592017589285,0.08512612224292139,18.601369598765434,0.14614110072285433,0.5330674732325527,0.17327213923178716,278.14658433721706,99.26039015955567,0.8313427450980391,0.15954143049548683,6.914459408145586,30.616282145182293,67588.35975259013,93.11516462804647,0.16230898939035485,46437.20161780221
47,547,68.9166,28.159,57,31.8664,0,114,124,17,130,12,0.99271,71.13446,0.0,0.0,6.60714,5.932,24.22453,0.0,0.0,126.0,50.72791,0.00035,1.34,4.28,-1.0,0.0,0.12438242444908822,89.64937908529083,0.15389304871303544,0.032367147329915094,4.610435386490128,0.11334269271608736,0.13676567576507298,0.08545668982761291,18.69970100308642,0.14742114337780585,0.5333645787862576,0.1737182664012062,277.8411768478325,99.11213102638702,0.8314764705882354,0.16022380253206497,6.927449168841495,30.72017471878617,67626.25159124647,93.14217029259476,0.1623060294969588,45971.155013783544
48,548,68.6388,28.1657,57,30.1263,0,114,124,17,130,12,1.00317,70.90284,0.0,0.0,6.96429,5.967,24.27693,0.0,0.0,126.0,50.66888,0.00031,1.32,4.228,0.13182,0.0,0.12364353404399195,87.84603261766482,0.15607670722803327,0.032475133709126254,4.425581536304769,0.1136533725984002,0.13697810077503456,0.08581222233293369,18.826003086419753,0.14765372198168056,0.5311469527430281,0.17389686424945633,277.51682281746184,98.8466648659982,0.8307176470588236,0.16077712572913883,6.947983056765378,30.678791564187886,67406.15564553397,93.16981125034202,0.16201767478144496,45254.9245619694
49,549,68.6219,28.0995,57,28.5535,0,114,124,17,130,12,0.98246,70.91037,0.0,0.0,8.42857,5.958,24.28042,0.0,0.0,126.0,50.64847,0.00025,1.32,4.313,-1.0,0.0,0.12300600220833463,90.58611450159852,0.1581735961257968,0.0325160570487106,3.9840922260504525,0.11396735009601738,0.13734047505194805,0.0860847559618212,18.873167438271604,0.14781567235117202,0.5333645787862555,0.17416612293646813,277.1589105048927,98.54697663384214,0.830883745098037,0.16121391927384482,6.960497648916788,30.550599463192036,67479.48741838697,93.17147005995065,0.16183549137954034,45146.759393852335
50,550,68.7219,27.9856,57,28.556,0,114,124,17,130,12,1.01301,70.97987,0.0,0.0,5.03571,5.917,24.22721,0.0,0.0,126.0,50.60621,0.00025,1.32,4.505,-1.0,0.0,0.12247309652024913,88.53384100312309,0.1590281851844097,0.032507832449398553,3.7808304426356045,0.11402637921685886,0.1377718936449909,0.08639220283679881,18.799961419753085,0.1480342241851252,0.5355822048294853,0.17411363232847704,276.80443222677593,98.23425103700897,0.8306145098039216,0.1616212456556719,6.947727615100616,30.496772671923228,67468.9414151533,93.12849650625452,0.16187503604091966,45342.840198276215
51,551,68.8433,27.8694,57,28.343,0,114,124,17,130,12,0.99729,71.07864,0.0,0.0,5.46429,5.844,24.13096,0.0,0.0,126.0,50.53561,0.00025,1.32,4.228,-1.0,0.0,0.12197103849518935,88.11349920855537,0.16143415188717938,0.032567779545366576,2.3178208755751513,0.11376591371359597,0.13926329365683118,0.08667033173644868,18.710407021604937,0.14830590081304978,0.5333645787862574,0.17376659253020124,276.42939267606647,99.43952172587929,0.8297662745098039,0.1620010725416306,6.9522238717634295,30.447722258391202,67514.46477864355,93.13000095897326,0.16195600481035582,45568.45278818561
52,552,69.0034,27.8077,57,30.5401,0,114,124,17,130,12,1.00628,71.24163,0.0,0.0,6.10714,5.793,24.03547,0.0,0.0,126.0,50.48596,0.00019,1.32,4.239,-1.0,0.0,0.12162462487097787,89.64175245639827,0.16290522255885762,0.03259247903926735,2.563929444476469,0.11364252154729752,0.14088795254595735,0.0870404816161567,18.878375771604937,0.14867598201513427,0.5333645787862601,0.17377405336872326,276.06702601560715,97.63680713891233,0.8295341176470589,0.16239076042192566,6.947528875197844,30.489038914809992,67561.00262129086,93.094116039996,0.16187063106791547,45834.952433932005
53,553,69.2773,27.9642,57,30.5797,0,114,124,17,130,12,0.99057,71.51529,0.0,0.0,4.78571,5.764,23.98849,0.0,0.0,126.0,50.4216,0.00023,1.33,4.302,-1.0,0.0,0.12170237869643426,89.4491777299282,0.16437818644755278,0.03262345638792559,2.9177069074418696,0.11362144246908881,0.14417082620777813,0.08731374357583134,18.972270447530864,0.14886668967788316,0.5372056197653188,0.17402056607842303,275.6896727237171,98.78812260801462,0.8288,0.16276465782309812,6.939930743756587,30.362756234628186,67519.99135475348,93.0495108194667,0.16190983991146518,46271.82395822608
54,554,69.5514,28.0797,58,31.7757,0,114,124,17,130,12,1.0034,71.81125,0.0,0.0,4.39286,5.692,24.11881,0.0,0.0,126.0,50.3368,0.00018,1.32,3.957,-1.0,0.0,0.12107442163577317,89.80569105659762,0.16580407383666623,0.03264115306031527,3.311987510365287,0.1137412597111562,0.14512246878220306,0.0876083790339441,19.19188850308642,0.14880960792276826,0.5372056197653193,0.17439733535349436,275.3033055107663,97.60657916559857,0.8274509803921569,0.1631904674564413,6.935512902217181,30.375399930977526,67588.5903776522,93.01239061637324,0.16188259300751737,46829.94175097154
55,555,69.309,28.3947,57,31.7208,0,114,124,17,130,12,1.0,71.64192,0.0,0.0,5.75,5.76,24.21532,0.0,0.0,126.0,50.31198,0.00024,1.32,4.363,-1.0,0.0,0.12087121484465066,90.5185008433507,0.16718581574410005,0.032621362501550046,2.6934445894627523,0.11372645067161713,0.14534608159517995,0.0878106535098374,19.311631944444443,0.14901987567127084,0.5372056197653196,0.17386960778752295,274.91622483459344,98.84005771561004,0.8270709803921569,0.16361276830267052,6.945158771131462,30.220393239715953,67479.84494746503,93.0061945895971,0.16176317016982195,46403.68217734084
56,556,68.7521,28.5873,57,30.1014,0,115,124,17,130,12,1.00342,71.0842,0.0,0.0,2.78571,5.76,24.47082,0.0,0.0,126.0,50.25433,0.00023,1.33,4.141,0.12924,1e-06,0.1213164294461691,90.73433667411254,0.1677985435515196,0.03267197100326949,1.6289559828823215,0.11374407005937508,0.14575201276353958,0.0880221299127658,19.39568865740741,0.14949042073882166,0.5333645787862612,0.17361304360418367,274.518875136108,99.11198619677732,0.8268407843137255,0.1637567854661157,6.96369020624699,30.058997448579767,67364.81906704698,93.04135014481467,0.1615784788752511,45241.34540645263
57,557,68.465,28.6277,57,30.4581,0,115,124,17,130,12,0.99345,70.84716,0.0,0.0,4.60714,5.841,24.62663,0.0,0.0,126.0,50.18318,0.00025,1.32,4.272,-1.0,1e-06,0.12169247735032515,86.24036609968962,0.1689691203515286,0.03270740530568466,2.3290359205729803,0.1136888440713994,0.1460804713033692,0.08820970148940349,19.54639274691358,0.15003978273431132,0.5333645787862613,0.17320652206244544,274.10069386111684,99.36373692853755,0.8263129411764705,0.16397195023244462,6.985595677639139,29.894384501892844,67236.79071878878,93.10794276118065,0.16136278358672948,44728.92332864688
58,558,68.8368,28.6754,57,29.5241,0,115,123,17,130,12,1.00043,71.18975,0.0,0.0,4.53571,5.805,24.66633,0.0,0.0,126.0,50.22093,0.00029,1.32,4.085,-1.0,0.0,0.1210144058754075,86.2405183712217,0.16968200776086667,0.032699961102172805,3.2108499472884855,0.11367633983070674,0.14662858426751377,0.08839036381324572,19.58666087962963,0.1506080063954853,0.5333645787862565,0.1730213642442813,273.6838056960039,99.7333441200621,0.826730588235294,0.1641782142860505,6.996549375024106,29.85769992404514,67255.90556281967,93.05017036745853,0.16100238930740546,45612.36533871078
59,559,69.2385,28.7923,57,30.8569,0,115,123,17,130,12,0.99931,71.59424,0.0,0.0,6.32143,5.765,24.70799,0.0,0.0,126.0,50.26117,0.00021,1.33,4.404,-1.0,0.0,0.12043900660333322,89.36063745659109,0.17020895163257344,0.03266960342124396,2.31034670937663,0.11358963616155243,0.14701522529829247,0.08856023474696934,19.660011574074073,0.1510597538722617,0.535582204829489,0.17299834214857818,273.257492761939,99.18803528955446,0.8266772549019609,0.16436523819936555,7.001967901568728,29.797981356397084,67443.04925850028,93.00524308520542,0.1608234098231513,46541.41460567538
60,560,69.1991,29.1303,57,32.8025,0,115,123,17,130,12,0.99481,71.56177,0.0,0.0,5.57143,5.748,24.80472,0.0,0.0,126.0,50.24179,0.00033,1.33,4.14,-1.0,0.0,0.12102317556711913,89.09255092051535,0.17172632793122564,0.03272085074222729,3.4811447664605915,0.11364317515968354,0.14758815811423373,0.08914876074297808,19.76388888888889,0.1521466820053075,0.5372056197653189,0.17282522306009232,272.80931143827354,99.42154653827214,0.8257039215686275,0.16528576581649151,7.01368843681291,29.67526376983266,67450.48024277069,93.00613676194779,0.16148245530081728,46442.28517367337
61,561,69.1835,29.433,57,32.6746,0,116,123,17,130,12,0.99906,71.55731,0.0,0.0,4.28571,5.798,25.10236,0.0,0.0,126.0,50.24448,0.00019,1.33,4.212,-1.0,0.0,0.12114203909520736,86.13614110496904,0.17230644406109746,0.03280191255600869,2.4070504329912876,0.11361608200244419,0.14825119303214424,0.08966284078452286,19.92925347222222,0.15318087102466452,0.5372056197653219,0.17252637387082437,272.36523994258414,98.81810976377119,0.8254262745098039,0.16621630979455407,7.033746321837236,29.653003833912038,67506.6081952517,92.97696779321406,0.16202748643709441,46497.60927325157
62,562,69.5324,29.4175,58,34.0281,0,116,123,17,130,12,0.99172,71.9011,0.0,0.0,3.89286,5.772,25.36166,0.0,0.0,126.0,50.23292,0.00026,1.32,4.316,-1.0,0.0,0.12199293814804887,87.01244106313038,0.1732161392827926,0.032803671865370934,2.112403385577555,0.11375748011591588,0.14850838983714146,0.09013367360364213,20.132716049382715,0.1546177679364444,0.5372056197653207,0.17334823376488673,271.908313366421,98.76784896361754,0.8248396078431373,0.16725087721715814,7.054070819282777,29.72855273588204,67501.51509015077,92.93316905685585,0.16250048335989833,47183.598372034154
63,563,69.7803,29.4251,58,32.4297,0,116,123,17,130,12,0.99513,72.15014,0.0,0.0,5.60714,5.742,25.35203,0.0,0.0,126.0,50.17946,0.0002,1.32,3.953,-1.0,1e-06,0.12232286744963988,88.67770970981981,0.17353439786061214,0.03290603508847821,2.6189275611649294,0.11387497802397788,0.14917847621481228,0.09065386634674358,20.344521604938272,0.15515139453127824,0.5372056197653201,0.17424078956310485,271.4157982925565,98.85590102550037,0.8250619607843137,0.16820123194002806,7.070510202173032,29.53213745870708,67522.22255608927,92.90447524323731,0.16293815816526946,47758.377507548365
64,564,70.0363,29.5286,58,31.0081,0,116,123,17,130,12,0.99179,72.37463,0.0,0.0,3.75,5.705,25.36322,0.0,0.0,126.0,50.21975,0.00015,1.32,4.07,0.12976,1e-06,0.12285547728165713,88.20164087636358,0.17549291726455826,0.032991080562910884,2.9524867478059136,0.11404937226017417,0.14962347166323103,0.09125520070289478,20.56278935185185,0.1566669869874772,0.5372056197653219,0.17460105878993162,270.93785851040775,98.69136452165637,0.8253972549019608,0.1691576335457548,7.076684458898303,29.65361475061487,67503.98243669105,92.88156843909006,0.16321318652867967,48446.32377355751
65,565,70.1643,29.7951,58,31.7388,0,116,123,17,130,12,0.99284,72.46456,0.0,0.0,4.03571,5.736,25.46157,0.0,0.0,126.0,50.23843,0.00022,1.33,4.158,-1.0,0.0,0.12212983001095394,88.43982135683629,0.1756018000343636,0.033036700806825206,2.530014700671371,0.11419998746141458,0.15137484525687814,0.09175236236297783,20.90750385802469,0.15794746501588114,0.5372056197653211,0.17537772715716382,270.4321692809284,98.96967205295233,0.824861568627451,0.17016479639354384,7.093204598239037,29.45554624957803,67524.19870499612,92.89624769535264,0.1634706355113918,48940.55841143687
66,566,70.5505,29.7838,58,31.753,0,116,123,17,130,12,0.97837,72.80935,0.0,0.0,3.32143,5.679,25.69569,0.0,0.0,126.0,50.33817,0.00022,1.31,3.881,-1.0,0.0,0.12315493863886878,88.28922573279742,0.1752646743165309,0.03305598686261421,3.212424716468348,0.11461933213944969,0.15251807761817066,0.09233967904263946,21.37919560185185,0.1593621925335573,0.5372056197653204,0.1766906162167622,269.9254845706747,99.02888073806781,0.8243258823529411,0.17098253118711604,7.109187248798372,29.396533918969425,67615.22893033775,92.85117016727078,0.16378968390797602,49810.66776531392
67,567,71.7185,29.6142,59,33.4557,0,117,123,17,130,12,0.99324,73.88103,0.0,0.0,3.92857,5.599,25.68952,0.0,0.0,126.0,50.5359,0.00028,1.31,3.774,-1.0,0.0,0.12803555331852703,89.7883367093636,0.1757435840148025,0.03301692253478409,3.6659201048396546,0.1148612779950076,0.15431229597118049,0.0928107068422537,21.758632330246915,0.1595036867282578,0.5394232458085502,0.1771049184379371,269.42254749784246,98.34887302724546,0.8247890196078432,0.17204060078048736,7.120371055182263,29.514915937258873,67975.70893909666,92.67396969470319,0.16417199482419986,52433.210797554995
68,568,72.4507,29.3816,59,33.9754,0,117,123,17,130,12,0.99204,74.56524,0.0,0.0,2.71429,5.529,25.55296,0.0,0.0,126.0,50.77858,0.00019,1.32,4.041,-1.0,1e-06,0.13445523480855653,85.51870855041334,0.1769353807299684,0.03312214860905282,3.1582888076252607,0.11515833517498315,0.1566059335746722,0.09340614288751849,22.02956211419753,0.15900739843909215,0.5394232458085487,0.17607398234926627,268.90085893654117,98.33479246695778,0.825464705882353,0.1728432544198486,7.121895847522833,29.41899429132909,68406.24945077149,92.59460631258067,0.1646626555437544,54033.920398839684
69,569,72.3279,29.4632,59,33.002,0,117,123,17,130,12,0.99322,74.40978,0.0,0.0,3.21429,5.602,25.35552,0.0,0.0,126.0,50.89026,0.00018,1.31,3.85,-1.0,0.0,0.1369225458366513,87.72376577425638,0.17791287953966756,0.03314120268151705,4.067814608101555,0.11558901769266278,0.15941718700750832,0.09394991172111947,22.31785300925926,0.15864951213342415,0.5394232458085484,0.17581821759815872,268.38025503958164,97.47953841292903,0.8248317647058823,0.1737103631714494,7.1112206005568375,29.36383960865162,68200.41650992392,92.64694119561595,0.16509802378581237,53605.156001457966
70,570,72.2894,29.3614,59,34.1863,0,117,123,17,130,12,0.98999,74.32716,0.0,0.0,3.32143,5.628,25.42153,0.0,0.0,126.0,51.01243,0.00026,1.33,4.211,-1.0,4e-06,0.13873804777222634,88.47124734960695,0.1794009462605201,0.033243177520654095,3.8377996329010178,0.11570267198390476,0.1612409995629054,0.09453851374281627,22.577787422839506,0.1585214528957971,0.5394232458085516,0.17647223853812746,267.8593778950856,97.76773949374551,0.8248317647058823,0.17471502753697926,7.094492933939108,29.38321092393663,68178.57736727202,92.6725376578822,0.16551441380578477,53429.69960720417
71,571,72.8501,29.1949,60,32.8151,0,117,123,17,130,12,1.00076,74.85582,0.0,0.0,3.85714,5.573,25.3342,0.0,0.0,126.0,51.12426,0.00015,1.31,4.026,-1.0,1e-06,0.13928824920408733,88.6595622610339,0.18076902861587624,0.03326094554640457,4.716481375697024,0.11608800796333056,0.16309082545207276,0.09508958294968088,22.666087962962962,0.15889174710660578,0.5394232458085516,0.1766836898542872,267.3420490895429,97.17877669470246,0.8255015686274509,0.17571611726075417,7.070955836491643,29.40820011091821,68259.56961123827,92.64375952902705,0.16581654437176324,54664.70706724965
72,572,73.0999,29.1869,60,30.2372,0,117,123,17,130,12,1.00119,75.06758,0.0,0.0,4.03571,5.495,25.19663,0.0,0.0,126.0,51.14647,0.00019,1.34,4.025,0.12989,0.0,0.13934812862795404,85.1673944025063,0.1820542779345917,0.03325476489948712,3.4512945328964677,0.11639362872072112,0.16510451235837778,0.09570503050807691,22.870466820987655,0.1585381763094238,0.5394232458085523,0.1771258055053372,266.82827952721277,97.58533166448855,0.825233725490196,0.17661105577773917,7.0589996538034425,29.328852900752317,68386.57390183554,92.56970874131241,0.16624911643936144,55126.36287142163
73,573,73.0638,29.0237,60,29.9342,0,118,123,17,130,12,0.99451,74.99907,0.0,0.0,2.67857,5.529,25.18933,0.0,0.0,126.0,51.14876,0.00014,1.33,3.942,-1.0,1e-06,0.139122634351664,86.33017629387618,0.1862161689311349,0.03328045920378002,2.925521112572937,0.11581483362731008,0.1668453001630412,0.09637005373002631,22.902922453703702,0.15793889057363067,0.5394232458085523,0.1768018889497636,266.3271921275813,97.11199811140189,0.8254349019607843,0.17741260211185214,7.046323372125183,29.309951028706116,68493.12652829196,92.56712400871547,0.1664440131471315,55017.3080400159
74,574,73.024,29.1671,60,29.3362,0,118,123,17,130,12,1.00724,74.91989,0.0,0.0,3.14286,5.547,25.04883,0.0,0.0,126.0,51.22245,0.00019,1.33,4.086,-1.0,1e-06,0.1387671807827666,86.17585520346167,0.19003622356735295,0.033295910947320075,4.477580968368497,0.11606939017844402,0.1692526943810332,0.09688484504015409,23.097318672839506,0.1575539390885863,0.5394232458085492,0.1778815259603398,265.81091514437384,96.90248512747871,0.825272901960784,0.1783608486008957,7.03774145932138,29.251190939067325,68379.78750052568,92.59464487516304,0.16661269295231312,55060.412630017854
75,575,73.1495,29.1742,59,30.8592,0,118,123,17,130,12,0.99674,75.00766,0.0,0.0,2.17857,5.502,25.17349,0.0,0.0,126.0,51.32997,0.00012,1.32,4.133,-1.0,0.0,0.1379641506888806,86.86435733963046,0.19307951635093737,0.033352977428957264,4.529119081163599,0.11649506738885805,0.17125888500421094,0.0974176780334142,23.396846064814813,0.15676468955219866,0.5394232458085496,0.1784342884995253,265.2850270313887,96.51219979123815,0.8252713725490196,0.17930221721034678,7.044664341573868,29.0935661410108,68509.37846100258,92.6155691822087,0.16678359199591494,55385.68962854118
76,576,73.3171,29.1948,59,32.5877,0,118,123,17,130,12,0.99579,75.16328,0.0,0.0,3.64286,5.501,25.18007,0.0,0.0,126.0,51.46075,0.00018,1.32,4.359,-1.0,0.0,0.137859517575206,89.06922941844061,0.19600973607051442,0.03333695313534321,4.629202728117042,0.11697471558458168,0.17305017921304747,0.09798191715113547,23.689911265432098,0.15683422546958523,0.5394232458085487,0.1795250861587782,264.7401688619302,95.79112611724965,0.8260011764705882,0.18034966174894795,7.049473731652691,29.093495121708624,68749.7588220817,92.53494708392763,0.1670240083449375,55687.76351296015
77,577,74.0418,29.2113,60,32.9292,0,118,123,17,130,12,1.00521,75.82666,0.0,0.0,2.78571,5.444,25.20027,0.0,0.0,126.0,51.63893,0.0002,1.32,4.044,-1.0,0.0,0.1379437746923869,85.79727779752741,0.19904362949967708,0.033349672422122126,4.897194867092006,0.1171459111863429,0.17525093291075566,0.09862822050391962,23.991271219135804,0.15706198555089873,0.5394232458085537,0.18145351543873822,264.1941968377042,96.05341446040889,0.825761568627451,0.18125385039198585,7.05784753345916,28.90812419373312,68969.65776775112,92.4697860098725,0.1672713594437867,57584.83656745058
78,578,74.5242,29.143,60,33.8548,0,119,123,17,130,12,1.0059,76.27716,0.0,0.0,1.96429,5.411,25.21631,0.0,0.0,126.0,51.78587,0.00019,1.33,3.994,-1.0,1e-06,0.13994495600024173,88.74893318207863,0.2005423242963822,0.03335580159862589,5.883034894097473,0.11712811645431033,0.1769165213714282,0.09917604218978264,24.053192515432098,0.15713587893969272,0.5394232458085545,0.18403092560913403,263.5988917191756,95.48397352654588,0.8251513725490197,0.1821067425473523,7.039362101427251,28.68767726568528,69232.16122015662,92.37345790278982,0.16740390341063804,58690.749410517055
79,579,75.0511,29.3216,61,32.8487,0,119,123,17,130,12,1.00543,76.80053,0.0,0.0,3.0,5.379,25.16933,0.0,0.0,126.0,51.91916,0.00017,1.33,4.064,-1.0,1e-06,0.13995045064770445,87.26175862525285,0.2033447512992202,0.0333868808768796,5.966336280715514,0.11712939112396532,0.17824943727802806,0.09993372332421535,24.03009259259259,0.15645960958029076,0.5394232458085534,0.18595403929393745,262.9959530646328,94.032979388666,0.8248317647058824,0.1832063670246224,7.026691835291209,28.597290792582946,69283.5636218466,92.32325380579213,0.1674783617285341,59532.34317789931
80,580,75.7672,29.2558,61,31.7033,0,119,123,17,130,12,1.01117,77.47789,0.0,0.0,2.5,5.274,25.31881,0.0,0.0,126.0,52.03756,0.00025,1.33,3.626,0.13027,0.0,0.1398042282007077,88.69189167758839,0.20577692452408147,0.03337199841611723,4.316893766230498,0.11745441315825417,0.178658679304741,0.10060574740409785,23.980516975308642,0.15682555792957598,0.5394232458085586,0.1872462253190639,262.3649538895174,94.74226969625332,0.8222735882352941,0.18465518814586684,7.0021386150160705,28.41504414876302,69353.1814257403,92.20400724205751,0.16774152164776068,61063.05290917681
81,581,76.341,29.1612,62,30.6582,0,119,123,17,130,12,1.00169,78.06701,0.0,0.0,3.60714,5.244,25.27454,0.0,0.0,126.0,52.15607,0.00018,1.32,3.666,-1.0,5e-06,0.13899097347780717,88.11414665996182,0.20769330636188948,0.03336080581176005,4.772588523908546,0.11768870310658743,0.179903303429313,0.10132298541500288,24.014515817901234,0.15735760384273412,0.5394232458085609,0.18881977499605276,261.7357862135502,94.076917911723,0.8223101960784314,0.18596309402207944,6.97116891344662,28.38156598879967,69360.46722045532,92.11945102160115,0.16807309174477567,62122.11864978954
82,582,76.032,29.4234,61,30.7619,0,119,123,17,130,12,0.99188,77.77179,0.0,0.0,2.64286,5.219,25.19871,0.0,0.0,126.0,52.27218,0.00018,1.31,3.998,-1.0,0.0,0.13934500592207977,90.67027576298081,0.2088426118145268,0.0335404537967351,3.8173029238660083,0.11792045949354249,0.1811337745443081,0.10207179481581397,24.022328317901234,0.15808048895242496,0.5394232458085582,0.1896175407036401,261.1023482641105,93.08956996260788,0.8215211764705883,0.1867537506746323,6.958467658291714,28.40175920651283,69290.13859954177,92.17015263579646,0.1680839750455049,61800.78764917365
83,583,75.3296,29.8463,61,30.4082,0,120,123,17,130,12,1.00238,77.05142,0.0,0.0,2.39286,5.297,25.42857,0.0,0.0,126.0,52.34262,0.00013,1.33,3.65,-1.0,0.0,0.139369429205746,85.52691888364473,0.21155070650224012,0.03362996985051351,2.2507339000424817,0.11786792313731335,0.1816466424357662,0.10272804360357506,23.982253086419753,0.15941403664006798,0.5394232458085523,0.19089091266200517,260.4550087683465,92.53369255432428,0.8219525490196079,0.187797640803934,6.998398438001116,28.208677880557964,69484.59922427825,92.29251146874094,0.16815034602895054,60588.79796403952
84,584,74.7855,29.7781,60,32.7477,0,120,123,17,130,12,1.00779,76.51724,0.0,0.0,3.78571,5.32,25.79611,0.0,0.0,126.0,52.33601,0.00014,1.32,3.34,-1.0,0.0,0.13768707048218445,85.46953907687495,0.2141966822369528,0.03371086269335549,2.46564680404701,0.11794535940029256,0.1821541160201492,0.10331575287396554,23.992091049382715,0.16055907123890695,0.5394232458085515,0.1907179119122166,259.795176426711,92.68350812639515,0.8227188235294117,0.18843678389130714,7.036612872511361,28.270975183557578,69461.90480308529,92.39095657100049,0.16818175775850697,59850.926559623505
85,585,75.037,29.7834,60,36.0873,0,120,123,17,130,12,1.0102,76.72373,0.0,0.0,2.25,5.312,25.73312,0.0,0.0,126.0,52.46327,9e-05,1.32,3.787,-1.0,0.0,0.13462428413331445,83.86966558815675,0.2183228510608259,0.033739971363107024,2.498596308160231,0.11805964710926911,0.18244550427321032,0.10399817749969001,24.14327739197531,0.16037514432129849,0.5372056197653237,0.19028261869408836,259.11888133511536,93.33509540395364,0.825412156862745,0.18888419755725316,7.038245559755185,28.18175289954668,69521.2862362372,92.36897681545426,0.16812203006075624,60534.16192423875
86,586,75.4324,29.7777,60,33.5809,0,120,123,17,130,12,1.00092,77.09373,0.0,0.0,2.92857,5.273,25.73732,0.0,0.0,126.0,52.66855,0.00014,1.32,3.381,-1.0,0.0,0.13243208510293022,86.51879137655129,0.22133774063878847,0.03385922633082723,2.487857907393776,0.11829659603486911,0.18347000230859795,0.10461776708462898,24.37398726851852,0.1602103225172556,0.5394232458085512,0.1918855513579532,258.43803431402137,91.60133353671506,0.8279498039215686,0.18961937084103103,7.041187581865321,28.168454205548322,69681.0751924351,92.31385711902044,0.16813628768909508,61530.859132831516
87,587,75.1512,29.8884,60,32.1582,0,120,123,17,130,12,0.99656,76.75883,0.0,0.0,1.60714,5.292,25.72565,0.0,0.0,126.0,52.81274,0.00012,1.31,3.882,-1.0,0.0,0.13110859900812313,87.46505327924842,0.2244311091861113,0.03393125343216063,2.7713315213331207,0.1185233587934051,0.18534631320745493,0.10528070569364206,24.68605324074074,0.16085186044040567,0.5372056197653229,0.193361347182462,257.74709808480947,91.38197406686204,0.8290588235294117,0.1899111256833497,7.061658331434458,28.206730972101656,69630.95120537332,92.35213497723797,0.16801907925627113,61060.83783538882
88,588,74.7609,29.9806,59,33.9898,0,120,123,17,130,12,0.9975,76.39362,0.0,0.0,2.75,5.316,25.81559,0.0,0.0,126.0,52.925,0.00012,1.31,3.351,0.12886,2e-06,0.13042659039612858,90.67797037200438,0.22553216327541262,0.033990329830960425,3.800040004137428,0.11852646529154183,0.18663885877573674,0.10575082056097208,24.96585648148148,0.16127412149092166,0.539423245808539,0.19517966455945737,257.0479734526274,91.3092969549333,0.8285145098039215,0.19007328604187024,7.064556926692095,28.17219185534819,69408.00776427299,92.42103772288928,0.167750129996797,60059.03661567195
89,589,75.5325,29.5064,60,34.6073,0,120,123,17,130,12,0.9974,77.04616,0.0,0.0,1.64286,5.297,25.88657,0.0,0.0,126.0,53.12427,0.00014,1.32,3.234,-1.0,0.0,0.13021148717058248,87.4337111072509,0.22749202987163372,0.03411152207687379,2.712916077613989,0.11838890464850153,0.18772577366161816,0.10629861833016817,25.13107638888889,0.16129736142448134,0.5394232458085463,0.1962774451495089,256.35454760084167,90.49230327447354,0.8286643137254901,0.19037578769243088,7.055984330074376,28.20176508397232,69783.45159639994,92.36520232518045,0.1673744535684591,62499.45107065185
90,590,76.3644,29.1828,60,35.026,0,120,123,17,130,12,0.99951,77.84539,0.0,0.0,2.85714,5.288,25.47819,0.0,0.0,126.0,53.32175,0.00013,1.31,3.228,-1.0,0.0,0.13018916185961119,85.96485483106045,0.23005671306477693,0.034072933929189725,3.323855106908201,0.11804387142294993,0.1885470808923944,0.10689596833692251,25.27932098765432,0.16124146076950022,0.5372056197653249,0.19769951766117877,255.61982871254511,89.57074064830505,0.8302643137254901,0.19096953441824577,7.029448191633397,28.170192953981,70001.98560109711,92.23567129936383,0.16708449836489064,64723.490544599925
91,591,76.5833,28.7373,60,32.2274,0,120,123,17,130,12,1.00407,78.03971,0.0,0.0,2.85714,5.276,25.19518,0.0,0.0,126.0,53.43835,0.00012,1.32,3.0,-1.0,1e-06,0.13029644094062998,88.17904098603442,0.2318167621156518,0.03422464060938172,3.8484613911980943,0.11796431057056371,0.18828787901098995,0.10747404908442212,25.395206404320987,0.16128083776261173,0.537205619765322,0.19881181042326085,254.87985731652836,88.92006776956528,0.8314329411764705,0.1917324531639286,6.998622940130978,28.272134286386,70143.93025066404,92.13936552827366,0.16701556157063277,65520.269862157766
92,592,76.422,28.732,60,31.0951,0,120,123,17,130,12,0.98512,77.76377,0.0,0.0,2.82143,5.274,24.80975,0.0,0.0,126.0,53.58179,0.00012,1.33,3.046,-1.0,0.0,0.130602276545499,84.97845919657195,0.2343156103086352,0.034294654602287665,3.9241898718675747,0.11803407807781,0.1882430303222743,0.10809192181009143,25.49826388888889,0.1617535151427226,0.5372056197653217,0.20064926320823703,254.14873064676306,89.49182009143115,0.8329517647058824,0.19290430917616366,6.984307531712136,28.21263763050974,70274.1449900187,92.18721113642101,0.16685098277979868,65758.05782245967
93,593,75.989,28.7906,60,30.4641,0,120,123,17,130,12,0.99961,77.33099,0.0,0.0,2.39286,5.352,24.8003,0.0,0.0,126.0,53.68639,0.00013,1.31,2.977,-1.0,4.3e-05,0.13102580589633572,87.29045453995658,0.23667778939146805,0.034416253603619794,3.747776700298703,0.11799302178664432,0.1880405996378485,0.10864550809921279,25.47366898148148,0.16071031388097293,0.5372056197653196,0.2027333643619885,253.4040114260291,88.46519580603957,0.8341552941176471,0.19423028647242532,6.9878464544513035,28.315116599754052,70170.5730975341,92.29136415380208,0.166340599956402,64767.302675766055
94,594,75.6633,28.709,60,31.3193,0,120,123,17,130,12,0.98616,77.01142,0.0,0.0,3.89286,5.345,24.84411,0.0,0.0,126.0,53.8133,8e-05,1.33,3.171,-1.0,1e-06,0.13081664385842645,88.64096980120725,0.23973214269155282,0.0344107759879037,3.974623976454075,0.11820732932934234,0.1880716355457607,0.10921975954020142,25.42018711419753,0.15945544283500623,0.5333645787862545,0.20519418845356,252.65852943640562,88.2022430604518,0.8347741176470589,0.19549738174974568,6.978971897042711,28.38280760211709,69866.67500111877,92.35916241318662,0.16574901135834552,64103.949323983274
95,595,75.1791,28.6001,59,33.9855,0,120,123,17,130,12,1.00697,76.58536,0.0,0.0,2.46429,5.337,24.77664,0.0,0.0,126.0,53.89409,8e-05,1.32,2.958,-1.0,0.0,0.13126896833296903,86.17348056980885,0.24237467689291234,0.03447172336259912,3.0151300639019283,0.11828073184350353,0.18796442491129073,0.10974900820227233,25.287953317901234,0.15908967410719355,0.5355822048294857,0.20757540529010535,251.898349484996,88.1166669287664,0.8364329411764706,0.1959800805083903,6.967372947042452,28.350302613811728,69705.68394292524,92.39849750763429,0.16520704587050372,62109.87012538582
96,596,74.6154,28.67,59,33.5761,0,120,123,17,130,11,0.99691,76.07968,0.0,0.0,3.42857,5.332,24.68896,0.0,0.0,126.0,53.83687,0.00012,1.33,3.029,0.12899,0.0,0.1346027261654131,87.73707223414766,0.24556409464475756,0.03459951063236398,4.747446042219845,0.11843447802092857,0.18738841584040755,0.1103522539914851,25.267988040123456,0.16002745368738383,0.5372056197653144,0.20965580491273317,251.1305946364428,88.70289932527879,0.8372058823529411,0.19635323993944778,6.960515720543717,28.39589870123216,69556.84703964715,92.44454066579222,0.16469269721437915,60782.384293783885
97,597,73.5522,28.7594,58,33.7143,0,120,123,17,130,11,0.97798,75.09886,0.0,0.0,3.10714,5.365,24.75806,0.0,0.0,126.0,53.76989,9e-05,1.32,3.049,-1.0,2e-06,0.13523654701734855,86.2015455009803,0.2460182613217426,0.03463269206144489,3.788991316409686,0.11830029555977095,0.18661429838562768,0.11087814359219547,25.226707175925927,0.16028820770641045,0.5333645787862542,0.21081364244362114,250.35688029541424,88.45972997405646,0.8373635294117647,0.19636059357688818,6.94055161723787,28.41592501416618,69354.49693500432,92.59220968061001,0.16447872062700325,58146.41673840973
98,598,72.5141,28.5079,58,33.6133,0,120,123,17,130,11,0.99343,74.11998,0.0,0.0,1.57143,5.395,24.82543,0.0,0.0,126.0,53.81459,0.0001,1.31,2.942,-1.0,1e-06,0.1364777031635986,86.80795278084427,0.24713925267358816,0.034704725566226224,4.306263887513222,0.11805442496885186,0.1863201248649196,0.11139960313728656,25.09182098765432,0.16108744695247484,0.5333645787862503,0.2127029714252503,249.55237799693677,89.13693406146211,0.8383752941176471,0.19648539001879128,6.9486631745852705,28.37150950490693,69051.07654677008,92.7078197233122,0.16454501065471372,55469.29005261835
99,599,71.6103,,58,34.8582,0,120,123,17,130,11,0.99225,73.29836,0.0,0.0,2.10714,5.409,24.61586,0.0,0.0,126.0,53.82847,0.0001,1.32,3.043,-1.0,2e-06,0.14038377157169252,85.14977995314811,0.24786585666869798,0.03466201889195602,4.021057277836675,0.11812053989716528,0.18687531882642616,0.11195444022836223,25.06148726851852,0.1610572803703633,0.533364578786253,0.21447116733645843,248.72770900572291,87.70431121169234,0.8386196078431373,0.19683322929387406,6.947471828542004,28.352725370430655,69159.41416668978,92.74489443405486,0.1644222074213627,53190.21343694836
