,frame_number,SITI.SI,SITI.TI,VCA. E,VCA. h,VCA. epsilon,VCA. L,VCA. avgU,VCA. energyU,VCA. avgV,VCA. energyV,AGH.Blockiness,AGH.Spatial Activity,AGH.Letterbox,AGH.Pillarbox,AGH.Blockloss,AGH.Blur,AGH.TemporalAct,AGH.Blackout,AGH.Freezing,AGH.Exposure(bri),AGH.Contrast,AGH.Interlace,AGH.Noise,AGH.Slice,AGH.Flickering,cambi,cubcol.0.3,fft,temporal,saturation,cubrow.1.0,cubcol.0,noise,contrast,cubrow.0.3,cubrow.0,cubrow.0.5,cubrow.0.6,uhdhdsim,cubcol.0.5,cubcol.1.0,movement,tone,cubcol.0.6,blockiness,color_fulness,staticness,blur
0,200,56.27,22.3766,37,0.0,0,110,122,7,130,7,0.99304,54.70022,0.0,0.0,7.39286,5.426,0.0,0.0,0.0,125.0,42.59008,0.0004,0.3,2.337,0.0,2.173442,0.07710492299268527,65022.79578226133,0.0,30.684135342821662,0.11384794595796753,0.07936073786846852,0.3232104222764863,90.73734174934542,0.21737042615172047,0.057279402671050375,0.19535009607309364,0.1791805361364985,94.67247451759283,0.10980023521102321,0.15128039976738547,0.0,0.6475952941176472,0.151104348305055,6.029697799857358,97.11131056301726,318.775487514148,22164.165028844625
1,201,56.3281,22.3793,37,28.2452,0,110,122,8,130,7,1.00777,54.77156,0.0,0.0,7.0,5.443,19.21879,0.0,0.0,125.0,42.5162,0.00052,0.31,2.127,-1.0,2.167068,0.08657061007170151,65033.239755734845,5.824893337611198,30.657543606228298,0.09281466929092089,0.07096778607179487,0.32321042227648583,88.61725898448194,0.16162490473824379,0.04145520589957941,0.14657529725967455,0.1392952761043599,94.74554704711623,0.10216165846169743,0.13098148158136222,12.149209104938272,0.6471250980392157,0.13605240560705412,4.945414266118972,97.26187205824942,314.4527788160225,22279.850071437213
2,202,56.3104,22.1822,37,26.7038,0,111,122,8,130,7,0.97746,54.74817,0.0,0.0,7.96429,5.402,19.22157,0.0,0.0,125.0,42.54278,0.00051,0.3,2.048,-1.0,2.203492,0.09769738694255663,64889.20275499034,5.831555849670757,30.532253312475888,0.08571810015330293,0.06902164990096937,0.3232104222764856,92.09928427263549,0.14808244977931437,0.03723041753428407,0.13475716194969672,0.1283708957705778,94.70835706160864,0.10333911987534512,0.12651979568857294,11.608024691358025,0.647221568627451,0.14249959083245836,5.89088804356866,96.55695599525609,310.19345446754994,22204.122782208207
3,203,56.2388,22.1934,37,22.3073,0,111,122,7,130,7,0.97235,54.69069,0.0,0.0,7.39286,5.432,19.04789,0.0,0.0,125.0,42.50707,0.00052,0.3,2.168,-1.0,2.245277,0.10032304710920938,64979.02097882766,5.800043014598549,30.574163177866993,0.08617447673425246,0.0705217927469808,0.3232104222764842,89.64468072949732,0.14097209408086453,0.036797296452145946,0.12622975100459322,0.12158108053793724,94.66830506683146,0.09425869041889064,0.11643492689895515,10.671585648148149,0.6470298039215687,0.1444894950444531,4.9870480787461355,95.47565918683554,305.17560115892104,22256.823317730785
4,204,55.6911,22.3728,36,25.056,0,111,122,7,130,7,1.02454,54.16282,0.0,0.0,8.75,5.507,19.06035,0.0,0.0,125.0,42.41109,0.00052,0.3,2.291,-1.0,2.214105,0.10324615010211965,64675.75329888189,5.79999756101836,30.433712806230712,0.0842086766934466,0.06883052977727505,0.32321042227648444,90.38758810274109,0.13515321231871555,0.03456718390793659,0.122462198066554,0.11663042411181125,94.67312239777469,0.08896871529055561,0.10664994138692141,9.92115162037037,0.6455933333333335,0.14449972669427355,4.78411621484027,95.91365765691748,300.1474376373689,21751.059170998804
5,205,55.0573,22.2901,36,25.7307,0,111,122,7,130,7,0.99524,53.57931,0.0,0.0,8.92857,5.589,19.21711,0.0,0.0,125.0,42.41895,0.0005,0.3,2.022,-1.0,2.275662,0.11055147619590339,64542.68396802634,5.824907784752861,30.458010638201678,0.0828397595309157,0.07408923317629408,0.3232104222764835,87.6929519244131,0.13184784774076486,0.03334312541845646,0.11833594163610707,0.1140745969538225,94.90927699060386,0.0841904623177078,0.09928817595025363,9.502314814814815,0.6453552941176471,0.14694335361359753,5.30911088668379,96.15318331469871,295.4144570927513,21028.84153904325
6,206,54.6762,22.1686,36,26.8906,0,111,122,7,130,7,1.05302,53.20174,0.0,0.0,8.57143,5.619,19.13725,0.0,0.0,125.0,42.35309,0.00044,0.3,1.989,-1.0,2.264142,0.11722588814061197,64515.08024899957,5.815197612871722,30.29774418583623,0.08241416955177343,0.07752360319706873,0.3232104222764836,87.88775061900051,0.12850328331115973,0.033591362241191275,0.11602474189521077,0.11334051965760235,94.9884045262213,0.08108301260342375,0.09329117008239347,8.951003086419753,0.6440666666666667,0.14816781648559357,4.6803911519540895,95.73352764999987,290.88391669523776,20759.266566268358
7,207,54.3928,22.2144,36,24.5186,0,111,122,7,130,7,1.00334,52.92511,0.0,0.0,8.32143,5.619,19.03489,0.0,0.0,125.0,42.23959,0.00042,0.3,2.027,-1.0,2.337044,0.11871651844479861,64520.493242876706,5.804931574211338,30.31893676004292,0.0834018331872609,0.07826911413071,0.32099279623325633,87.42593550316771,0.1257304921287422,0.03248308757430607,0.11408517119293018,0.11457017647484319,94.96202139606248,0.07852828472222674,0.09090941009965127,8.508391203703704,0.6433376470588235,0.1439033085822734,5.088763696592707,95.47813932971552,286.66358378754273,20511.65692291357
8,208,54.2857,22.4006,36,22.7214,0,111,122,7,130,7,1.04136,52.78744,0.0,0.0,6.89286,5.651,19.07335,0.0,0.0,125.0,42.25726,0.00044,0.3,2.03,0.39763,2.347608,0.12277291478224577,64630.16376351427,5.797566661314627,30.514581939320507,0.08736800598317367,0.07969396150905222,0.3209927962332596,90.87025206314541,0.12411198774505093,0.03244589544035635,0.11109666627624362,0.11488712559347503,95.03474980487745,0.07575563692112905,0.08838192872069536,8.1640625,0.6433760784313726,0.1428225852837496,3.3837973125580065,94.66910714935102,282.9732881475768,20595.500948401866
9,209,53.7977,22.375,35,29.142,0,111,122,7,130,6,0.99669,52.31557,0.0,0.0,12.39286,5.678,19.23273,0.0,0.0,125.0,42.11269,0.00052,0.3,2.084,-1.0,2.370732,0.12602991629770324,64529.895980840956,5.767398711050981,30.319602118598088,0.09095695978950846,0.08610993287528293,0.3209927962332512,87.80739408151514,0.12195131191200465,0.03191281465550669,0.11056103182424129,0.11456294559558464,94.98749867714325,0.07241260958639277,0.08569729601914795,7.931712962962963,0.6416192156862746,0.14303348586156636,3.0718612164589665,94.61693112957173,279.37655643720655,20141.49406435266
10,210,53.4953,22.3299,35,27.3502,0,111,122,7,130,6,1.04934,52.00064,0.0,0.0,7.64286,5.592,19.21505,0.0,0.0,125.0,41.97962,0.00046,0.3,1.859,-1.0,2.385832,0.12685760861386533,64510.26954401076,5.781791279854937,30.454282219027295,0.09432097174669282,0.08969048379844198,0.3171517552541921,89.71224784975382,0.1208043295587079,0.03173076002109214,0.10951318461949551,0.11385567063337343,95.18833423683844,0.06984224222124975,0.08584890015236898,11.193238811728396,0.6407027450980392,0.14248030629390696,2.972177771237542,96.18497028356806,276.02792180468435,19856.797010116545
11,211,53.3131,22.2975,35,23.6403,0,111,122,7,130,6,0.99119,51.77192,0.0,0.0,8.03571,5.664,19.17296,0.0,0.0,125.0,41.99976,0.0005,0.3,1.814,-1.0,2.418222,0.1295720063917289,64467.38371963882,5.779330303565981,30.538578551492574,0.09759955819355674,0.08826749828067935,0.31493412921095826,90.05125037222109,0.11991090234613117,0.03131674269812681,0.10896744974019637,0.11153360621474609,95.21064969707355,0.06744279576449377,0.08679281551367754,12.290895061728396,0.6404811764705883,0.14150496512554103,3.8514363353830694,95.13649066991721,273.0182650683644,19694.583280157094
12,212,52.7045,22.2673,34,24.4569,0,111,122,7,130,6,1.01988,51.14202,0.0,0.0,8.21429,5.671,19.1436,0.0,0.0,125.0,41.97206,0.00055,0.3,1.881,-1.0,2.388567,0.12948957706671546,64308.736153548096,5.757793407893647,30.549205450364102,0.09943754636576516,0.08611225922679984,0.31271650316772265,91.23860551761119,0.1186513118129447,0.031187828285766567,0.10858931865524903,0.10993576390779912,95.23692272934179,0.06520267053270315,0.08581446048256244,11.265914351851851,0.6403176470588237,0.13918924053937148,2.8694900752790584,94.94746268362756,270.06828599862075,19113.484579122323
13,213,52.0587,22.1714,33,25.934,0,111,122,7,130,6,0.99849,50.49521,0.0,0.0,10.82143,5.736,19.11737,0.0,0.0,125.0,41.88667,0.00051,0.3,1.75,-1.0,2.426437,0.12985425882362425,64183.744694031826,5.773325441306299,30.411495255835263,0.09998133578525636,0.0854982021225254,0.3028167951663732,91.62518551544602,0.1175392688595701,0.0312193517856314,0.10779183230610183,0.10808562621039867,95.44873538981939,0.06330632112433753,0.08406048980497278,10.163676697530864,0.639867843137255,0.13492947610824477,3.0368481587517264,95.34277870466545,267.24027331497905,18314.237915046302
14,214,51.7888,22.1877,33,24.0496,0,112,122,7,130,6,1.03306,50.19768,0.0,0.0,7.57143,5.711,19.04032,0.0,0.0,125.0,41.95582,0.0006,0.3,1.831,-1.0,2.460268,0.13185422557880885,64159.317285369645,5.771371272895096,30.58079736026717,0.09974930795740787,0.08545385699356173,0.30059916912314444,89.84681544800472,0.11698353506298854,0.030983821450577886,0.10719275755650796,0.1062045946757847,95.51659151607959,0.06173961810705849,0.08235075808875163,9.789207175925926,0.6401607843137256,0.13512903746109167,3.097398609700509,94.20208071345577,264.55603828193057,18171.998115354952
15,215,51.3158,22.1798,33,23.0149,0,112,122,7,130,6,0.9885,49.72232,0.0,0.0,7.35714,5.781,19.05029,0.0,0.0,125.0,41.95196,0.00056,0.3,1.801,-1.0,2.462361,0.13350759196111803,64060.07958635904,5.7715051894191145,30.54850580662857,0.09875384016533512,0.08515673511961282,0.30059916912314494,91.14124392048112,0.11614865294974377,0.030831108983754622,0.10648126324372746,0.10490890676586088,95.57893400942953,0.060204892293715964,0.08040474509631136,11.804832175925926,0.6394439215686274,0.13682532690226154,3.0099860693936002,94.15184183175126,261.8070966444812,17742.28555534112
16,216,50.8177,22.2104,33,23.8061,0,112,122,7,130,6,1.03186,49.23614,0.0,0.0,6.75,5.785,19.0416,0.0,0.0,125.0,41.82556,0.00053,0.3,1.867,0.40329,2.53389,0.13618391490125428,64014.53592804081,5.798248075794687,30.584599059305074,0.0984607601581094,0.08504380161808353,0.3005991691231425,89.03595265697426,0.11550041795743617,0.030922054335672567,0.10571695348780473,0.10335568304544154,95.58896775734257,0.059773107710892046,0.0787596593288868,12.821614583333334,0.6354341176470588,0.13966915646534753,2.9975399910620664,95.03453582575139,259.0588980957888,17356.583404337573
17,217,50.3795,22.1242,32,29.1271,0,112,122,7,130,6,0.99079,48.82082,0.0,0.0,8.92857,5.872,19.07451,0.0,0.0,125.0,41.81479,0.00056,0.3,1.624,-1.0,2.562949,0.13830581762368854,63989.46882394176,5.807044543681797,30.53322930983555,0.09838998293977406,0.08496058344165672,0.30059916912314283,90.60343905326677,0.11452437105716347,0.030843045646346316,0.10495933536899126,0.10200389502152912,95.75051632677796,0.07021540141401089,0.07701656353568395,12.617283950617283,0.6348800000000001,0.14290450690805595,3.571484680386917,94.74599058147822,256.3869960260815,16947.165370464696
18,218,50.0291,21.972,32,27.5448,0,112,122,7,130,6,1.01696,48.48092,0.0,0.0,6.42857,5.978,19.00018,0.0,0.0,125.0,41.78693,0.00055,0.3,1.839,-1.0,2.58013,0.1374217099586962,63905.61835008848,5.804231931448227,30.487621166087962,0.09752148799354576,0.08502606368897897,0.3005991691231428,90.212395547908,0.11387817380069616,0.030629747555998132,0.10436624997630016,0.10088838853184912,95.88609191536379,0.09130162104552203,0.07534473205208667,12.450327932098766,0.6343941176470589,0.14603168047221066,3.6950975123569303,93.97970401977506,253.6228922679145,16611.956682834156
19,219,49.8658,21.8573,32,23.4566,0,112,122,7,130,6,0.97816,48.3165,0.0,0.0,10.07143,5.935,18.86657,0.0,0.0,125.0,41.64666,0.00053,0.3,1.814,-1.0,2.586205,0.13584225324982108,63841.6205910362,5.813694924521885,30.42812978485484,0.09637733984920914,0.08620880779830052,0.3005991691231432,91.0771089320944,0.11327065521253238,0.03062627083774944,0.10380820672190273,0.09974685579979135,95.82714006589529,0.10782851002021224,0.07378381429254792,12.192949459876543,0.6337333333333334,0.1473896102513147,4.079301176791488,94.38275224407187,250.8132217820842,16343.963269535656
20,220,49.9742,21.9051,32,23.8406,0,112,122,7,130,6,1.02062,48.40599,0.0,0.0,9.28571,5.943,18.76707,0.0,0.0,125.0,41.70533,0.00049,0.29,1.667,-1.0,2.561821,0.13439044631742628,63823.141801189355,5.799023036488675,30.47145947114921,0.09499170452128382,0.08768781667104426,0.30059916912314316,92.35965336516841,0.1127388635618815,0.03064039535612995,0.10308483484689451,0.09872325839926163,95.81366146568504,0.11737444411223961,0.07233275265694085,14.252266589506172,0.6359941176470587,0.14780770427184062,4.64611590701226,93.16131093102354,248.0310166105367,16437.8752464715
21,221,49.9141,21.9579,32,25.8127,0,113,122,7,130,6,0.97004,48.34327,0.0,0.0,8.03571,5.962,18.8092,0.0,0.0,125.0,41.70975,0.00055,0.3,1.713,-1.0,2.562525,0.1332196209469588,63877.04198855346,5.794673840715065,30.437594566816166,0.0937145992559064,0.08906271009169604,0.3005991691231425,89.57305831182856,0.11226099354957146,0.03056022504197861,0.10247650483443661,0.09778385968865358,95.84003997241271,0.129136675927806,0.07098879020483809,14.636284722222221,0.6362874509803921,0.14761308785278646,4.08095711298486,93.3898472314123,245.16258055773775,16482.473853234977
22,222,49.8261,21.6798,32,22.562,0,113,122,7,130,6,1.00271,48.24927,0.0,0.0,5.21429,5.973,18.85097,0.0,0.0,125.0,41.60398,0.0005,0.3,1.654,-1.0,2.622834,0.13218293421275973,63922.93759958461,5.818057821189094,30.37288863570602,0.09238616182087792,0.09186468113338386,0.3005991691231415,90.6249230375911,0.11186477476362734,0.03055268293986504,0.10173368030083485,0.09675515112232205,95.83077154739684,0.13904879318570715,0.07014209392352747,14.60865162037037,0.6363662745098039,0.1464484972488329,4.225116323727953,94.22055406694767,242.27814802570674,16424.57687318183
23,223,50.1297,21.3398,32,22.5264,0,113,122,7,130,6,1.0074,48.51407,0.0,0.0,7.75,5.915,18.61173,0.0,0.0,125.0,41.6906,0.00055,0.3,1.623,-1.0,2.604775,0.13200341280995287,64055.675128337156,5.7947262435471725,30.519295021339698,0.09094744363125931,0.09688168360950067,0.30059916912314316,90.40553043539275,0.11167210405281532,0.03051388950853935,0.10119269577082841,0.09589600511603337,95.757488061566,0.147131289556027,0.07011057887246742,14.504677854938272,0.6370480196078411,0.14291977381282378,4.702051662170298,92.87398976529207,239.475543197764,16808.340532004804
24,224,50.4431,21.2103,32,28.3414,0,113,122,7,130,6,0.98325,48.78599,0.0,0.0,14.10714,5.906,18.31599,0.0,0.0,125.0,41.72764,0.00047,0.29,1.588,0.40754,2.608047,0.1317031892402887,64031.94149303941,5.773977407659876,30.357105208031925,0.0891533429973222,0.10461460991323554,0.3005991691231415,87.6774372243224,0.11147640291441342,0.03054106009923657,0.10072002686012323,0.09549361091236541,95.76878082114861,0.15352899464299555,0.07013001444670441,14.677083333333334,0.6373827450980392,0.14026898994716197,4.218289476144798,92.44236630513173,236.70499683314304,17193.861722755144
25,225,50.5453,21.2496,32,26.1271,0,113,122,7,130,6,1.01874,48.85052,0.0,0.0,6.5,5.963,18.20337,0.0,0.0,125.0,41.69054,0.00047,0.3,1.522,-1.0,2.557555,0.13157721065535116,63983.508104343986,5.782380075291986,30.30581250602816,0.08778590473982208,0.11131295039478586,0.3005991691231427,90.31151187734064,0.11126414525263574,0.030579967582073004,0.10033755266504157,0.09486191471214693,95.74032770293756,0.15944803723101433,0.07012037285993715,15.809944058641975,0.637475294117647,0.1376780378409906,4.709486047833645,93.48776986618518,234.0004554375236,17353.71211931275
26,226,50.5067,21.1404,32,23.0303,0,113,122,7,130,6,0.98259,48.76045,0.0,0.0,6.78571,6.011,18.23659,0.0,0.0,125.0,41.72625,0.00049,0.3,1.536,-1.0,2.576773,0.1300453855627391,63912.73396113835,5.778962468688145,30.270129545235342,0.08647059437913951,0.11488210209609265,0.3005991691231364,86.61162300541685,0.1107000125049593,0.030578308277279257,0.09984363383431324,0.09416440549169493,95.73949031237416,0.16420729866650333,0.07005830011270012,15.664207175925926,0.6392458431372536,0.1393685075984059,4.15191166097092,93.69677632222444,231.47770263964884,17286.926415623206
27,227,50.8598,21.2383,32,23.752,0,113,122,7,130,6,1.01245,49.03693,0.0,0.0,10.75,5.952,18.14646,0.0,0.0,125.0,41.717,0.0004,0.29,1.46,-1.0,2.675047,0.12899902865130228,63922.4100618571,5.777346669168385,30.507210437162424,0.08515771848995504,0.11623438141769515,0.29838154307991077,89.80586184439916,0.11025150224898675,0.030568376660145165,0.09938242904509144,0.09326144629998287,95.75936387297102,0.16275487335359412,0.0695493243015223,15.46117862654321,0.6393776470588235,0.14252509494806465,3.9729186122531446,93.4180674644751,229.06607289479155,17637.535847371706
28,228,50.8828,21.3201,32,24.0755,0,112,122,7,130,6,0.97273,49.02713,0.0,0.0,8.17857,5.957,18.23301,0.0,0.0,125.0,41.60231,0.0005,0.3,1.535,-1.0,2.6521,0.12837028124239816,63888.83403682361,5.79980166309812,30.295445948471254,0.0840434459965157,0.11626574906082694,0.29838154307991,90.24330043860688,0.10981738525257718,0.030533436651365643,0.09883295103360007,0.09262271835139871,95.7808242181008,0.1593833538600554,0.0700459617259988,15.270399305555555,0.6378482352941176,0.14573389441061002,4.193161698560882,94.57885572218133,226.72833684047364,17713.79233451432
29,229,50.6687,21.4348,32,22.8351,0,112,122,7,130,6,0.9767,48.78667,0.0,0.0,8.25,6.028,18.29877,0.0,0.0,125.0,41.59441,0.00042,0.29,1.49,-1.0,2.722072,0.12811652777139906,63897.11522073469,5.793795807792773,30.368913815345294,0.08297411637855352,0.11626111914933622,0.2983815430799012,87.52912120037473,0.10921000514830127,0.03053408104677649,0.09832303791775744,0.09187055516264662,95.78737034307397,0.15750238532352903,0.07096369696979794,15.481047453703704,0.6367490196078431,0.1472568584835232,4.061780625656238,93.92595042625453,224.54499527048998,17550.95769048968
30,230,50.5643,21.625,32,23.9236,0,112,122,7,130,6,1.04156,48.66826,0.0,0.0,6.14286,6.046,18.40129,0.0,0.0,125.0,41.58634,0.00045,0.29,1.55,-1.0,2.755314,0.12765021021104198,63966.08401835474,5.812118112150551,30.647526305398827,0.08204936826987057,0.11609439653793951,0.2983815430799011,86.7325063162769,0.10871060824768818,0.030478838686454082,0.09779438982292532,0.09113641865738122,95.81243981704786,0.15599887948960942,0.07158453804482835,16.220534336419753,0.6357317647058824,0.14799155407831993,4.410105890083276,93.9753070665032,222.41252287527428,17585.19701274959
31,231,50.3146,21.848,31,30.3407,0,112,122,7,130,6,0.98113,48.42971,0.0,0.0,7.60714,6.157,18.57297,0.0,0.0,125.0,41.40222,0.00039,0.29,1.458,-1.0,2.725292,0.12689844395231356,63952.07224344283,5.856184120872714,30.377006813331885,0.08110959361645255,0.11550539080888883,0.29232287605761786,92.54607351144129,0.10822024117060658,0.030446023349952275,0.09729548848068935,0.09043884223673507,95.86069425788493,0.15467427503330147,0.07155279776285099,16.309992283950617,0.6330094117647058,0.1482674521004998,2.5014653992156153,94.7899255059831,220.2993671866003,17469.339168985713
32,232,50.3804,21.8615,31,25.4116,0,112,122,7,130,6,0.99826,48.47197,0.0,0.0,5.67857,6.193,18.76074,0.0,0.0,126.0,41.41286,0.00046,0.29,1.439,0.40741,2.867193,0.12604179439978735,63911.44409517371,5.854905177814898,30.571113492235725,0.0803526076687067,0.115339140600726,0.2862642090353278,89.40762125090399,0.10810733317792669,0.030474149014858773,0.09695406944590167,0.0896846349641312,95.78333170757946,0.15326913916622362,0.07123783972410373,16.30666473765432,0.6320474509803922,0.14873775716219167,2.8080060026683014,94.15080002970731,218.26886591615704,17583.650048157513
33,233,50.4099,21.8789,31,24.0721,0,112,122,7,130,6,1.02711,48.49638,0.0,0.0,6.78571,6.187,18.76796,0.0,0.0,125.0,41.39683,0.00036,0.29,1.438,-1.0,2.842363,0.12478404839291196,63961.54274092937,5.874887295346583,30.699355325581113,0.07987707670473022,0.1155999697113201,0.28404658299209984,89.40800565487409,0.10780878655259968,0.030428453920817458,0.09656103658146258,0.08921177133217881,95.86758716851602,0.15287947870062174,0.07026944130379033,16.416907793209877,0.6316639215686275,0.14933401616391848,2.605113905108782,93.33053685082717,216.30540457227343,17484.129785579105
34,234,50.4568,21.8682,32,26.6552,0,112,122,7,130,6,0.9848,48.53304,0.0,0.0,9.64286,6.13,18.78262,0.0,0.0,125.0,41.25398,0.00043,0.29,1.373,-1.0,2.8545,0.1242165287695715,63924.847648542374,5.88782253076692,30.254609284577544,0.07940048084499414,0.1157453814655496,0.28404658299211,90.77372627347482,0.10785164259479596,0.03044427359675204,0.09621504241131229,0.08856099209138257,95.8414613240534,0.15271207801839076,0.0696482875708106,16.553047839506174,0.6310686274509804,0.14975208664299855,4.043603730389726,94.36462712734468,214.40154052833284,17463.91931230707
35,235,50.2007,21.7933,32,25.2959,0,112,122,7,130,6,0.99376,48.29842,0.0,0.0,5.71429,6.269,18.77602,0.0,0.0,125.0,41.2111,0.00033,0.29,1.392,-1.0,2.912026,0.12379978075110773,63987.45657163016,5.892474231765164,30.691511742862655,0.07923695335857947,0.11665776389758749,0.2862642090353248,86.5538180089802,0.10809989180026,0.030402779400074464,0.09585229663056892,0.08794558964140957,95.83268608840862,0.15283750330559787,0.06880933840590572,16.922260802469136,0.630361568627451,0.15005825610858053,2.869103975658552,94.82807177095818,212.65500941315193,17538.912613172582
36,236,49.9095,21.6957,32,22.9944,0,111,122,7,130,6,1.0198,47.98317,0.0,0.0,6.32143,6.413,18.71151,0.0,0.0,125.0,41.20269,0.00039,0.29,1.402,-1.0,2.971427,0.12370944510118985,64262.75387006559,5.9041122266106685,30.643560150523246,0.07880819114253072,0.11793799286962647,0.2862642090353261,87.16046998307203,0.10862323016685949,0.030377383936908545,0.09543968229656766,0.08733429020059474,95.93917358484063,0.15171113303642966,0.06974436992640806,17.02170138888889,0.631394156862745,0.15074328129845474,2.765597652528629,93.02200377365662,211.01408745935225,17355.151236591842
37,237,49.6409,21.6067,31,31.2229,0,111,122,7,130,6,0.98371,47.73329,0.0,0.0,8.10714,6.446,18.62236,0.0,0.0,126.0,41.0174,0.00038,0.29,1.571,-1.0,2.967741,0.12345747944246527,64417.33235425997,5.922916191707576,30.545766194661457,0.07834966192741157,0.1208218459086275,0.2840465829920971,91.55346304424864,0.1093111065588397,0.030393199691119848,0.09506563209787208,0.08685961086116722,95.93413538006081,0.15073514095379087,0.07017536459628466,17.15769675925926,0.629733725490196,0.15199969136702346,3.86300608428764,94.55710624768214,209.46119364729492,17043.58949266305
38,238,49.6919,21.6212,31,25.0025,0,111,122,7,130,6,0.98171,47.77517,0.0,0.0,6.10714,6.517,18.54861,0.0,0.0,126.0,40.9739,0.0004,0.3,1.498,-1.0,3.010376,0.12289007387327233,64580.26636323597,5.903913371157795,30.718909746334877,0.07798033566230311,0.12428877173371985,0.2961639170366788,92.23927119887065,0.11001353060255785,0.030354025042435073,0.09471555386345287,0.08654814510097525,95.83604868949344,0.1494809886614689,0.07070719443035295,17.272135416666668,0.630204705882353,0.1532490807495752,3.7228062868146226,93.44502463806984,208.05094509969655,17350.13255653078
39,239,49.6187,21.5728,31,24.4862,0,111,122,7,130,6,1.02689,47.72106,0.0,0.0,5.89286,6.503,18.55778,0.0,0.0,126.0,40.88267,0.00036,0.29,1.721,-1.0,3.047957,0.12209238162602778,64526.521284961054,5.913817209653806,30.785405853648246,0.07780456834992837,0.12641553418114712,0.28404658299210644,89.28155805648207,0.11064121685041402,0.030383287228757744,0.09440836694952398,0.08619905733364146,95.91049019400884,0.14834779764778003,0.0708818763759342,17.545331790123456,0.6282858823529412,0.15419131027865599,4.006099768060274,93.35176110913197,206.75085190200812,17013.175008519607
40,240,49.4754,21.5291,31,26.5778,0,111,122,7,130,6,0.99233,47.57965,0.0,0.0,9.5,6.586,18.52484,0.0,0.0,125.0,40.69164,0.00042,0.3,1.673,0.41024,3.102702,0.12112758380964138,64714.02567906065,5.953156326538014,30.911737701039254,0.07778216709180683,0.12793825931009706,0.29454050210084043,87.38736930569819,0.11116487246407149,0.030322265496187318,0.0940493652407815,0.08620921138756013,95.86480906572284,0.14690380906770265,0.07121786272473203,18.048900462962962,0.6272952941176471,0.1552810861262405,3.7229367381906444,93.8108701952618,205.53176377107766,17223.797932490226
41,241,49.3133,21.6333,31,23.6033,0,110,122,7,130,6,0.98306,47.43807,0.0,0.0,4.42857,6.548,18.48603,0.0,0.0,126.0,40.58622,0.00044,0.3,1.832,-1.0,3.19082,0.11982899021922411,64733.09475768511,5.96636145192792,30.860328203366127,0.07853714631077874,0.1274712346349263,0.28404658299210467,90.97903206140055,0.1115639494527803,0.030376123273507173,0.09374600727533468,0.08623282656700994,95.94147799369645,0.14569338584131689,0.07161046855586702,18.367091049382715,0.6254035294117647,0.15646871184476782,4.40412119018959,93.25629520798311,204.44973262614437,16907.806123788032
42,242,49.3531,21.7262,31,25.2736,0,110,122,7,130,6,1.00619,47.49385,0.0,0.0,8.17857,6.555,18.57362,0.0,0.0,126.0,40.49492,0.0004,0.3,1.632,-1.0,3.159441,0.1185434988555573,64769.26555995602,5.991431048870919,31.058887434594425,0.07966356549737329,0.12643932100267027,0.2945405021008388,89.93500306359779,0.11177626422710414,0.030316866810215507,0.09345794730183904,0.08618173216307709,95.915289812755,0.14605408854085697,0.07177692253067641,18.602671682098766,0.6219337254901961,0.1553042652612207,2.9353727336460054,92.92377549846296,203.44383345192392,17039.781678548843
43,243,49.2561,21.7085,31,30.6383,0,110,122,7,130,6,1.02202,47.4111,0.0,0.0,6.78571,6.476,18.66322,0.0,0.0,125.0,40.2861,0.00037,0.3,1.616,-1.0,3.209673,0.11726326679559711,64734.63084589411,6.01465419923015,31.316001421139568,0.07968472699951712,0.12581868942219385,0.2983815430799039,89.94295500460821,0.111729873763525,0.030285872092463462,0.09319247408484481,0.08630294464633145,95.92898260909415,0.14899098147671058,0.07173018278318517,18.788724922839506,0.6189066666666667,0.1538266533738178,3.735559133260244,92.74278833323889,202.51203647990843,16853.24810820944
44,244,49.4079,21.8417,31,24.2211,0,110,122,7,130,6,1.00848,47.53665,0.0,0.0,6.10714,6.484,18.64191,0.0,0.0,125.0,40.15839,0.00035,0.29,1.779,-1.0,3.230748,0.11605936210134482,64937.36428054084,5.988589329758205,31.184208999445406,0.07960143497003871,0.125495327174331,0.29838154307990544,87.59099409437569,0.1115140711704818,0.03027472657556413,0.09289584513285254,0.08637931479261289,95.91284954193662,0.1523592350495171,0.0722403669289713,18.87133487654321,0.6132125490196078,0.15257353994530334,3.8510886515002136,92.05214509654598,201.67263589412002,16956.844530501592
45,245,49.406,21.8418,31,26.5887,0,110,122,7,130,6,0.99204,47.56994,0.0,0.0,10.14286,6.611,18.75881,0.0,0.0,126.0,40.03476,0.00039,0.3,1.643,-1.0,3.238422,0.11490941566168365,65053.26441998292,5.9915631993461655,31.465643611955052,0.07968521569651997,0.1246714927391843,0.29394629099345465,87.39813273508258,0.11110297828901221,0.030232834042497842,0.0926372544292007,0.08654125619709613,95.88055335293942,0.15614952420964504,0.07403135106150592,18.934220679012345,0.6078850980392156,0.15102881582484112,4.330699507830128,90.75048606301436,200.88613504019534,16999.86751189252
46,246,49.3826,21.6851,31,24.3281,0,109,122,6,130,6,0.98906,47.52582,0.0,0.0,5.25,6.468,18.76592,0.0,0.0,126.0,39.65794,0.00038,0.3,1.554,-1.0,3.304195,0.11432974960068112,64961.36250694135,5.995534161390562,31.340393443166477,0.07986687619096217,0.12377337400130844,0.29838154307990367,88.13378891034523,0.1106763898474358,0.030186162936008128,0.09232958602180688,0.08633218451877675,95.90664144081366,0.15905385386573034,0.07565771119753098,18.94892939814815,0.601362666666664,0.1496426710205702,4.389188797428006,91.51208712118786,200.1117320050644,16786.319452827935
47,247,49.2992,21.4791,31,23.5803,0,109,122,6,130,6,1.00795,47.43071,0.0,0.0,4.82143,6.467,18.62398,0.0,0.0,126.0,39.45162,0.0004,0.3,1.702,-1.0,3.330138,0.11329575419314837,64668.34209073428,5.96141876536011,31.632747132101173,0.08010735661164711,0.12326907649818228,0.29838154307990333,88.62687502589309,0.1103181958656364,0.030137435160509967,0.0920021830943522,0.08612503654526912,95.91902790342823,0.1617709637218273,0.07579970967139175,18.90986689814815,0.5928623529411765,0.14819505436164734,3.529665072784497,90.16188309567906,199.3968107250691,16799.948685652467
48,248,49.0914,21.5601,31,31.1676,0,109,122,6,130,6,1.00544,47.24312,0.0,0.0,10.28571,6.552,18.44644,0.0,0.0,126.0,39.34683,0.00037,0.3,1.514,0.40406,3.337794,0.11237778820661948,64397.63275500648,5.956970795711256,31.898445035204475,0.0804494799923281,0.12254865126843385,0.29838154307990655,87.76490531002534,0.1098697378169801,0.03016397438694845,0.09168889017789321,0.08588224969989391,95.93112068868363,0.16455364275529982,0.07495861713362087,18.94675925925926,0.586561568627451,0.14672494989692628,4.579397121830215,88.83113280310343,198.70244395182795,16574.575073825996
49,249,48.7292,21.637,31,25.111,0,108,122,6,130,6,0.9914,46.88433,0.0,0.0,5.21429,6.602,18.51977,0.0,0.0,125.0,39.0029,0.00042,0.29,1.635,-1.0,3.354522,0.11156310606374918,64242.39756643529,5.9818365898703325,31.899922312041863,0.0809127115226441,0.12224340766441022,0.29010525001439286,91.87970927010267,0.1094972103390993,0.030151944619718533,0.09138662561780964,0.08550931743999296,95.98100898417373,0.16710814657143905,0.07567066311614479,18.957706404320987,0.5810188235294118,0.1453051554621703,4.173820968209789,88.29716174404952,198.02869340845504,16185.406907985547
50,250,48.6324,21.7232,30,24.3952,0,108,122,6,130,6,0.98967,46.79794,0.0,0.0,8.60714,6.846,18.57827,0.0,0.0,126.0,38.84117,0.00039,0.3,1.582,-1.0,3.376392,0.1106901173484294,64158.88941478259,5.970126651080216,32.06148312415606,0.08100111478353232,0.12142030390911863,0.28626420903532845,91.45187220753785,0.10910339346686729,0.03017184925942236,0.09103949672365799,0.08535321779170334,95.96596211911412,0.16976487865234913,0.07605343379092369,18.948350694444443,0.5753325490196078,0.14392454152233347,3.833919547054801,87.73453613425283,197.38911117516966,16179.515699833619
51,251,48.4687,21.7951,31,25.0514,0,108,122,6,130,6,1.02637,46.66397,0.0,0.0,6.92857,6.896,18.65217,0.0,0.0,126.0,38.71279,0.00032,0.29,1.729,-1.0,3.401235,0.10975831267832964,64021.287689949124,5.984046326891765,31.994045116283274,0.08110482281954307,0.12061205461131752,0.2878876239711623,91.4928876051013,0.10863011135721608,0.030185055840654836,0.09079438956897179,0.08507210949870951,96.05627231060808,0.17140937386916386,0.0763810641717708,18.94256365740741,0.5710686274509803,0.1426025144307446,3.840837470727503,86.31558224574317,196.75020578166124,16062.620706978503
52,252,48.3532,21.8719,31,22.9314,0,108,122,6,130,6,0.99667,46.53702,0.0,0.0,4.60714,6.933,18.71743,0.0,0.0,125.0,38.42516,0.00041,0.29,1.71,-1.0,3.341439,0.10890127514054063,63855.38027609741,6.022685994809807,32.120754100658274,0.0811861839434992,0.11983435693586514,0.29010525001438897,89.766705206928,0.1081482151556356,0.03019572808696337,0.09046430251536322,0.08492763510721249,96.02537780954263,0.17350194862318355,0.07713893737917106,19.05685763888889,0.565901568627451,0.14145174660488544,4.133333600382014,86.5618606330681,196.10068479869602,15837.14478916787
53,253,48.3434,22.0029,30,31.1446,0,108,122,6,130,6,1.00422,46.52428,0.0,0.0,7.10714,6.926,18.77608,0.0,0.0,125.0,38.27586,0.00038,0.29,1.841,-1.0,3.357727,0.10814274380970551,63771.67881905158,5.9987111339666725,32.13218331042631,0.08122357180805555,0.11918936769722169,0.2840465829920993,90.01155311134298,0.10777648865185352,0.030165796348401358,0.09015011221316058,0.08477419384367654,95.97592874764318,0.17446605116031275,0.07736179057352652,18.772569444444443,0.5599440784313721,0.14243301365028546,3.803586751022873,86.52469221372745,195.47952498830168,15864.282530222828
54,254,48.3238,22.1279,30,25.8742,0,108,122,6,130,6,0.99098,46.51603,0.0,0.0,5.07143,7.003,18.88567,0.0,0.0,125.0,38.15801,0.00042,0.3,2.007,-1.0,3.431192,0.10723899501733324,63631.04503361056,6.010980874624613,32.091085174937305,0.08134549234758369,0.11855488619284354,0.2840465829920937,86.65096210813371,0.10742511022977759,0.030179437438900978,0.0898713822035822,0.08461190264946623,95.98205874111814,0.17473391114708897,0.07762278390329622,18.590470679012345,0.5569745098039215,0.1451713338109753,3.220238914178434,84.59080197706129,194.86507807895572,15907.322086405442
55,255,48.1926,22.31,30,24.6016,0,108,122,6,130,6,0.98236,46.41658,0.0,0.0,7.64286,7.119,19.00065,0.0,0.0,126.0,37.86089,0.00038,0.3,1.937,-1.0,3.416475,0.10636921113135793,63622.31276787043,6.0254754174185825,32.32019570433064,0.08139046436930365,0.11819561636518919,0.2840465829920955,90.45447056722446,0.10703470324479944,0.030136975249115863,0.08959477436750689,0.08444857589498643,96.00534235322544,0.1750535859701641,0.07811361138050946,18.664978780864196,0.552873725490196,0.14696923239158202,4.486679646982647,86.17499404216927,194.218072125114,15785.85410896187
56,256,48.0419,22.4663,30,25.1375,0,108,122,7,130,6,1.01504,46.27551,0.0,0.0,4.21429,7.227,19.15504,0.0,0.0,125.0,37.68087,0.00041,0.3,1.801,0.40278,3.422531,0.10579813326566082,63536.568183104304,6.017861680681846,32.1360893720462,0.08129449945853663,0.11803482541387346,0.28404658299209756,88.11405812660922,0.10665178213183882,0.030163854901099508,0.0893843854253962,0.084252422925276,96.08691207119836,0.17604409101073695,0.07837858696980368,18.776041666666668,0.5492576470588235,0.15001728250516028,3.8291123346849214,85.36352217635041,193.57743655992363,15648.09618942806
57,257,47.9224,22.5205,30,24.4388,0,108,122,6,130,6,1.00682,46.16284,0.0,0.0,4.28571,7.347,19.28924,0.0,0.0,125.0,37.59392,0.00036,0.3,1.574,-1.0,3.390768,0.10528686818014801,63461.9419133276,6.041201370971641,32.44464017138069,0.0812080462959065,0.11721170501612975,0.2802055420130342,92.1367222037638,0.1061961828047513,0.030160254473204758,0.0891047188002179,0.08414315822790934,96.0687416270339,0.1765861054242294,0.07861560153766038,18.817081404320987,0.546973725490196,0.15317087862142323,2.744351155977162,84.54550160834916,192.94949508797202,15449.633714429008
58,258,47.9634,22.3779,30,31.9841,0,108,122,6,130,6,1.01321,46.17458,0.0,0.0,5.75,7.372,19.33651,0.0,0.0,125.0,37.34166,0.00038,0.29,1.844,-1.0,3.435851,0.10452329937451602,63489.89431148615,6.063621070140604,32.26348989981192,0.08102922604932043,0.11703755211612824,0.2802055420130338,90.1398712030753,0.10577217135701217,0.030189804465591514,0.0888449914546349,0.08386440289345898,96.0740159599292,0.17450776775624693,0.0788952520746682,18.827353395061728,0.543326274509804,0.15568644164539494,3.896365027964496,85.82299642243781,192.30053013851233,15552.378844507244
59,259,48.1564,22.1959,30,25.6495,0,108,122,6,130,6,0.99156,46.34008,0.0,0.0,3.53571,7.38,19.21052,0.0,0.0,125.0,37.33615,0.00038,0.3,2.026,-1.0,3.449695,0.10405003333434028,63495.70334358609,6.024819555935626,32.64960300775222,0.08092865883186622,0.11648664731104061,0.28404658299209273,88.9809806446421,0.10537310027949912,0.030206479714139162,0.08858538929103052,0.08358371978831881,96.01090657832475,0.17319503021717894,0.07832451772729361,18.80497685185185,0.5436247058823529,0.15732590834396099,3.0352413268386256,83.85435905563077,191.67165428653325,15699.013972100705
60,260,48.2195,21.9754,30,24.7572,0,108,122,6,130,6,0.98704,46.36468,0.0,0.0,7.10714,7.391,19.05403,0.0,0.0,125.0,37.41035,0.00049,0.3,1.834,-1.0,3.396291,0.10404660418785702,63559.359020962176,6.006830602646365,32.578676011827255,0.08108037321756145,0.11674655449455872,0.28020554201303244,92.13265188821946,0.10473847979434363,0.030286109825440024,0.08809617885220355,0.0831390325898612,95.99495103307349,0.17304420143726135,0.07693539851465835,18.675202546296298,0.5435572549019607,0.15648642043617436,2.557453505978985,83.8024238925689,191.06696292459955,15941.102153159563
61,261,47.797,21.7472,30,24.5086,0,107,122,6,130,6,0.99245,45.91851,0.0,0.0,4.5,7.357,18.86364,0.0,0.0,125.0,37.28498,0.00034,0.3,1.965,-1.0,3.415859,0.10448871158164992,63528.508791484026,6.009789681549671,32.50032476731289,0.0809291878264577,0.11710734720237109,0.2779879159698094,92.25404777247644,0.10424319868372763,0.030290570320765632,0.0874930702202511,0.08245701619059968,96.04849967364972,0.1729492109965383,0.07601916012878268,18.57055362654321,0.5428241960784309,0.15599617553613399,3.3009118550544483,83.59134957085168,190.4424845709556,15537.057723955415
62,262,47.6159,21.6897,30,26.3912,0,107,122,7,130,6,1.00909,45.71538,0.0,0.0,6.67857,7.339,18.67133,0.0,0.0,125.0,37.26512,0.00033,0.29,2.063,-1.0,3.457424,0.10454362889779249,63623.744663985344,5.981543732117879,32.68992520556038,0.08082982699614072,0.11709028970749556,0.2779879159698017,92.44590478673588,0.10363585626864187,0.030330494184296584,0.08690493016960044,0.08174001003299868,96.09757555714076,0.17268111244065143,0.0763234658958647,18.343798225308642,0.5422854901960783,0.1552178939677075,3.1709156015603606,83.75197658908854,189.85516077951678,15426.122285113823
63,263,47.5064,21.7661,29,30.602,0,107,122,7,130,6,1.01415,45.61137,0.0,0.0,4.32143,7.39,18.62102,0.0,0.0,125.0,37.37028,0.00036,0.3,2.074,-1.0,3.448775,0.10418166229705761,63653.71276503356,5.9798070107059536,32.63302838360822,0.08052626302375736,0.11741187847900439,0.2779879159698023,87.4579165665977,0.10304989339834583,0.0303310711874177,0.08633538318983021,0.08105607785343434,96.1331437047641,0.1726554775980215,0.07744423456027666,18.205536265432098,0.5450264509803915,0.15464720503406548,3.7687664206527955,82.93473044827803,189.30803827978568,15308.991669733789
64,264,47.1431,21.8477,29,24.1944,0,107,122,7,130,6,0.9995,45.25708,0.0,0.0,4.57143,7.526,18.69628,0.0,0.0,125.0,37.24678,0.00035,0.29,2.003,0.39776,3.478182,0.10436469356802655,63550.90047542357,5.99602218321488,32.659339057074654,0.0802867962136813,0.11773852768974627,0.27798791596980316,90.05398813920908,0.10260465334964476,0.030358619380089293,0.08574712158463127,0.08046949349775612,96.17985483789775,0.17259163299147262,0.07841145653824685,18.203125,0.5416333333333334,0.1541195197157552,3.3237518142018594,83.99816627794058,188.75722653015973,15004.326781845379
65,265,46.8934,22.0092,29,25.9522,0,107,122,6,130,6,1.0141,45.00985,0.0,0.0,6.25,7.587,18.75841,0.0,0.0,125.0,37.16125,0.00042,0.3,1.9,-1.0,3.508737,0.10372633736220015,63419.01776355327,5.99468121754181,32.8630751621576,0.07985555081853925,0.11750808443997107,0.2779879159698022,90.06088534513033,0.1020620941208057,0.030343445459546523,0.08526316766851744,0.0797190522581006,96.27258365306203,0.17252532623766134,0.07899811119785145,18.154658564814813,0.5405427843137254,0.15391752416018498,3.0781987635890853,84.77991717338448,188.25575353221308,14789.147475397349
66,266,46.6398,22.1045,29,25.3887,0,107,122,6,130,6,1.00838,44.75553,0.0,0.0,3.85714,7.657,18.89843,0.0,0.0,125.0,37.2042,0.00039,0.29,1.842,-1.0,3.515548,0.10365297203387926,63485.23295157976,6.028418638060911,32.90282694498698,0.07979513093863298,0.11780469322966305,0.27798791596980105,88.39484499192247,0.10160165658627762,0.03027554198893479,0.0848243170055697,0.07908733116946419,96.29316300620205,0.17243114045935262,0.07998555849246596,18.074990354938272,0.5413705882352942,0.1535743621903484,3.2332419915725756,83.20949122099167,187.78051230616387,14598.14246255121
67,267,46.301,22.2085,28,30.2868,0,107,122,6,130,6,0.99374,44.43879,0.0,0.0,6.57143,7.731,18.97599,0.0,0.0,125.0,37.05093,0.00038,0.3,2.037,-1.0,3.436372,0.10378294294799378,63548.60920140484,6.03673210041331,32.828330711082174,0.07940902437996293,0.11783241414062812,0.2779879159698018,87.81926804146828,0.10125243816757355,0.030368240786973595,0.08422663583685878,0.07792804208237966,96.40776429760098,0.17254033100688615,0.08096611280820173,18.033130787037038,0.5383270588235295,0.15337268887164346,3.1415045798366372,84.28608311563606,187.30209521867172,14250.63032581527
68,268,45.9935,22.3202,28,27.3727,0,107,122,6,130,6,0.987,44.15482,0.0,0.0,5.67857,7.813,19.06638,0.0,0.0,125.0,36.95252,0.00032,0.29,2.073,-1.0,3.44513,0.10332601556659067,63379.43982364223,6.032153269852123,32.879719486942996,0.0785316879335074,0.11748185166918025,0.27798791596980077,91.32648594358372,0.10078555734464142,0.030521465086746222,0.08384166624197667,0.0770570882483752,96.42229743947532,0.1725068839562437,0.08140026508309073,17.89163773148148,0.5365929411764706,0.15281075329491153,3.6068460717872104,85.0103767035722,186.8680702628347,13990.14382210335
69,269,45.6943,22.3817,28,24.5113,0,107,122,6,130,6,0.99506,43.87429,0.0,0.0,9.46429,7.907,19.1622,0.0,0.0,125.0,36.96717,0.00036,0.3,2.015,-1.0,3.449908,0.10330076312351401,63184.58268341333,6.04838040923731,32.8059605727961,0.07744939955770194,0.11684588293343386,0.2779879159698008,90.79970905966526,0.10044884036055536,0.030636783759876447,0.08334491985712436,0.07623591385365737,96.49510329163441,0.17267018291571112,0.08186946475280145,17.869068287037038,0.5389180392156863,0.1523220824579851,4.080164279227225,84.52579994003662,186.43927919320382,13714.530922477437
70,270,45.5257,22.3001,28,26.3895,0,107,122,6,130,6,0.99357,43.67262,0.0,0.0,5.14286,7.902,19.2174,0.0,0.0,125.0,36.79237,0.00035,0.3,2.099,-1.0,3.427153,0.10331500534796816,63285.11363902763,6.055952074067739,32.69320622196904,0.0760577337860566,0.11668333099282925,0.2779879159698007,90.82918083196482,0.1000421486554393,0.030816080486675543,0.08273506277561743,0.07532407636941216,96.49924702676905,0.17287577231647494,0.08210301966381763,17.95896026234568,0.5346364705882353,0.1513444333407017,4.269221617715533,85.47184390554412,186.03468515343994,13690.585634664032
71,271,45.2214,22.2529,28,26.2201,0,107,122,6,130,6,1.00298,43.35497,0.0,0.0,9.46429,7.976,19.14623,0.0,0.0,125.0,36.76909,0.00033,0.29,2.125,-1.0,3.491195,0.10299872929322061,63144.489922655994,6.048528670186997,32.89240387339651,0.07483219541243126,0.11650361041964143,0.27798791596979994,90.9230639366342,0.09940466189100229,0.030864630657710373,0.08216648955337624,0.074725324141992,96.5314821158642,0.17312577527228956,0.08213853681093287,18.024787808641975,0.5340709803921568,0.15107750521971325,3.700532310029488,84.84295365277191,185.65129783560468,13483.965201582758
72,272,44.9611,22.2432,27,30.7428,0,107,122,6,130,6,0.99985,43.10086,0.0,0.0,6.03571,8.151,19.1077,0.0,0.0,125.0,36.81542,0.00029,0.3,2.2,0.40368,3.399823,0.10326656895199995,63155.18580385037,6.068783918206742,32.87140080958237,0.0739890142420434,0.11663456370858785,0.2779879159697982,87.01420470430645,0.09901931225451291,0.03098090933425656,0.08156701597116484,0.07393261768387203,96.55443057231469,0.17356622396878632,0.08211830902222414,18.028404706790123,0.535306274509804,0.15341675973275157,3.9743012381599767,84.1982170359765,185.27397983868957,13451.93767511092
73,273,44.7853,22.2278,27,24.6397,0,107,122,6,130,6,1.00077,42.89843,0.0,0.0,7.53571,8.207,19.09925,0.0,0.0,125.0,36.59492,0.00035,0.29,2.039,-1.0,3.41221,0.10337021852790404,63128.03790149698,6.111809316701069,32.62496157045718,0.0731502639923433,0.11631683637853588,0.2779879159697994,90.27407958618207,0.09863980562856393,0.031043513686065283,0.08098768494845855,0.07332940444482819,96.5498214799673,0.17412662694976858,0.08244693164152755,17.99093364197531,0.5311972549019608,0.157023547553642,3.5969979948709923,84.87301826926335,184.8849387511599,13348.092851141633
74,274,44.6098,22.2979,27,27.6288,0,107,122,6,130,6,0.99847,42.71639,0.0,0.0,5.60714,8.275,19.08256,0.0,0.0,125.0,36.4812,0.00036,0.29,1.888,-1.0,3.389764,0.10318900451116766,62980.94436507325,6.103214634708074,32.70995057659385,0.0726441728401927,0.11609602900966533,0.2757702899265692,92.10754185249449,0.09810242317291847,0.03104231661984004,0.08041355999511063,0.07276647304388373,96.5586216059584,0.1749681699480458,0.08290937245713255,17.97535686728395,0.5287419607843138,0.1596617415100292,4.321290641425331,85.41246963120416,184.49929332390963,13101.217484451692
75,275,44.4678,22.4339,27,26.0759,0,107,122,6,130,6,1.00492,42.59367,0.0,0.0,6.71429,8.332,19.14422,0.0,0.0,125.0,36.47897,0.00032,0.29,2.065,-1.0,3.404266,0.1039656320640025,62906.80203480587,6.13094331672803,32.67985685372059,0.0718295219127179,0.11593801172566919,0.2757702899265699,91.35444215513117,0.09763242596133655,0.031117657065912158,0.07982936112249647,0.0723206125730815,96.61508035627185,0.17594588185276763,0.08333677841373958,18.002025462962962,0.529583137254902,0.16132621366312688,4.478882959189396,84.54926233000351,184.12485355581646,12988.982668002907
76,276,44.2949,22.5339,26,31.1251,0,107,122,6,130,6,1.00148,42.41216,0.0,0.0,5.60714,8.36,19.26468,0.0,0.0,125.0,36.34407,0.00031,0.3,2.351,-1.0,3.384889,0.10431917134294157,63139.071438744686,6.1482162282528625,32.5963705557364,0.07118990255877446,0.11580570341884716,0.2757702899265669,89.56376597407858,0.09713911677970057,0.031201091933657436,0.07921284623667987,0.07190001115322196,96.64102103846689,0.17735893694052873,0.08383470835239544,18.01996527777778,0.5262376470588236,0.1628460872612839,4.478835636864801,85.0466289242591,183.7251792092936,12749.880739156335
77,277,44.1099,22.6118,26,24.8392,0,107,122,6,130,6,1.00066,42.23052,0.0,0.0,5.14286,8.331,19.34295,0.0,0.0,125.0,36.27311,0.00037,0.29,2.234,-1.0,3.312198,0.10440398671966519,63112.441667340434,6.154752029426066,32.639701937451775,0.07062978228461277,0.11563031406809021,0.27577028992656905,89.86120413909933,0.09670535608845043,0.03118293024846097,0.07867895414099503,0.07153837236937222,96.68259473917901,0.17634218074706826,0.08433158786820986,17.967399691358025,0.5256843137254901,0.16429322593880968,5.946099931912402,85.62088782694296,183.31157896901783,12528.000309498362
78,278,44.0681,22.5793,27,28.427,0,107,122,6,130,6,1.00511,42.17438,0.0,0.0,6.28571,8.351,19.41252,0.0,0.0,125.0,36.41792,0.00033,0.29,2.143,-1.0,3.381163,0.10636694127452878,63071.40454483376,6.167139673634385,32.72218266239872,0.07031089574478451,0.11537122276743386,0.2757702899265658,88.209603939021,0.0963457111611323,0.031224733612330774,0.07817703624491552,0.07114382220741718,96.62143387446872,0.17342875503736035,0.08526656356630577,18.019724151234566,0.5290105882352941,0.16528629452361765,4.243468899377149,85.70390460307065,182.903339319777,12536.89161113492
79,279,44.0761,22.5246,26,26.3897,0,107,122,6,130,6,1.00264,42.17208,0.0,0.0,5.53571,8.265,19.38121,0.0,0.0,125.0,36.35647,0.00035,0.29,2.293,-1.0,3.333013,0.10739883324811673,63119.03752632035,6.161511585584346,32.361478829089506,0.07000935747689097,0.11510648751362024,0.27355266388333926,89.83025627401594,0.09598825866118255,0.031358084123756666,0.07762002763228418,0.07086440966059267,96.63590804084993,0.17113786586444507,0.08607109885168868,18.090181327160494,0.5266043137254902,0.16718035249544508,5.868230226316302,85.27776884120851,182.4671322442574,12537.737339669535
80,280,44.1403,22.5474,26,31.1865,0,107,122,6,130,6,1.00054,42.22639,0.0,0.0,5.96429,8.27,19.33506,0.0,0.0,125.0,36.35082,0.00033,0.3,2.264,0.39918,3.299307,0.10869328532426609,63269.18975963953,6.146953366239929,32.43796906647859,0.06994624116673773,0.11483772747474111,0.27577028992656494,91.56516134123522,0.09569206999721469,0.031364030581415375,0.07711678599089303,0.07048976236183162,96.58487832325704,0.1688387041448797,0.08741464416125404,18.20143711419753,0.5276450980392158,0.16813434394860077,4.572643663402432,85.9505287227678,182.03523432947117,12619.53036235827
81,281,43.9714,22.5645,26,24.5361,0,107,122,6,131,6,1.00918,42.08732,0.0,0.0,4.60714,8.262,19.35621,0.0,0.0,125.0,36.45036,0.00031,0.3,2.442,-1.0,3.261179,0.11096971796992855,63176.21307369873,6.158706386235007,32.529441174165704,0.06998267701840186,0.11460663639693335,0.2757702899265682,90.83695049303469,0.09522943926761505,0.03139260343340814,0.07650645882097293,0.07010350156223455,96.67328112875623,0.1651433701450948,0.08795293641742576,18.38233024691358,0.5304619607843137,0.16891055627324883,3.476285751715167,84.86738062872375,181.592960510637,12349.932700308344
82,282,43.6984,22.5132,26,28.7674,0,107,122,6,130,6,1.00556,41.83436,0.0,0.0,6.42857,8.312,19.37209,0.0,0.0,125.0,36.36221,0.00033,0.29,2.328,-1.0,3.239068,0.11256963354541204,63297.38087198072,6.169411509575739,32.55987115553868,0.0695471444491658,0.1144933349173603,0.27577028992656727,86.20847809899381,0.09485424517640349,0.031589482598207395,0.07610094917602689,0.06989936698253668,96.65743745753463,0.1611100865848672,0.0892234892569488,18.67308063271605,0.5269196078431372,0.17019041403628885,4.024854478683267,85.17113404588866,181.14493972293818,12238.202670571787
83,283,43.3,22.5169,26,26.2563,0,107,122,6,130,6,1.0052,41.44498,0.0,0.0,4.0,8.402,19.3267,0.0,0.0,125.0,36.35822,0.00031,0.29,2.834,-1.0,3.207829,0.11420706320438606,63322.776280093436,6.184307810741136,32.70367092556424,0.06938430099174016,0.11285848377035144,0.27355266388334026,90.19423189267576,0.09421371174950767,0.03162538668673612,0.07558482158351548,0.06950766270979333,96.77052273269871,0.15766546943423865,0.09025053597017751,18.92602237654321,0.5272329411764706,0.1724493726981489,3.8633191403910443,86.15957303059783,180.68795401642302,11888.614874507442
84,284,43.0702,22.5765,26,30.656,0,108,122,6,131,6,1.00676,41.24164,0.0,0.0,8.53571,8.41,19.33094,0.0,0.0,125.0,36.42155,0.00039,0.3,2.685,-1.0,3.158819,0.1156603644891827,63306.55705882881,6.207278604788828,32.603386961383585,0.0694069838989523,0.11042490247111432,0.2757702899265678,90.51441756415994,0.0937488981085913,0.03166862025010467,0.07507966384067451,0.06899730785578882,96.7456773208541,0.15435877634099282,0.09170972031294708,19.175250771604937,0.5297023529411764,0.17208528674769638,4.5024376554698335,84.80535075839488,180.23790038513263,11715.89079296491
85,285,42.8496,22.4772,26,25.9182,0,108,122,6,130,6,1.00524,41.03224,0.0,0.0,3.10714,8.421,19.37977,0.0,0.0,125.0,36.3699,0.0004,0.3,2.636,-1.0,3.192171,0.11736894275371167,63393.99943351208,6.226338828170958,32.425707216616026,0.06937345465111629,0.10955939839563285,0.27577028992656843,91.5226740447091,0.09329385313118538,0.03170498817638386,0.07462068720573031,0.0686013121135011,96.80965473830591,0.15046313014123863,0.09341442536466019,19.434461805555557,0.5282701372549006,0.17285754533185413,3.989999201510134,85.35797462623243,179.77736748121177,11492.954021578686
86,286,42.7856,22.5227,26,28.4847,0,108,122,6,130,6,1.00124,40.99335,0.0,0.0,6.25,8.437,19.29783,0.0,0.0,125.0,36.35834,0.00041,0.29,2.91,-1.0,3.241352,0.11946267328313806,63535.03234602193,6.224652574406695,32.386795232325426,0.0693662510957776,0.1098456895750326,0.2757702899265686,91.87242280445268,0.09301258936626287,0.03177539534418826,0.074262899604758,0.06831975386597032,96.74319929510526,0.14811703750694505,0.09514325350325128,19.784481095679013,0.5273650980392158,0.17103778390036736,4.141074212139493,85.57409504133234,179.32184434820152,11547.49837074519
87,287,42.6347,22.6152,25,27.7028,0,108,122,6,130,6,1.00793,40.85792,0.0,0.0,3.03571,8.462,19.34357,0.0,0.0,125.0,36.48901,0.00035,0.3,2.674,-1.0,3.197524,0.12105500547903023,63591.83564649201,6.247342323314856,32.66702251669801,0.06936343525196621,0.11136382924632271,0.27577028992656677,87.47562499293599,0.09259508448702658,0.031772841492447745,0.07380516480184747,0.06811832059936433,96.80061979557706,0.14677295819344416,0.09664265165280486,20.18706597222222,0.5296427450980392,0.16908886572613194,3.5118326610921713,85.21870192584447,178.87331731665802,11323.07298219951
88,288,42.4199,22.7206,25,31.2346,0,108,122,6,130,6,1.00035,40.63782,0.0,0.0,4.67857,8.567,19.41263,0.0,0.0,125.0,36.39463,0.00049,0.3,2.852,0.39815,3.250631,0.12280534095242872,63556.08716455514,6.262011438993742,32.471386568045915,0.06933739286585121,0.11268300908081515,0.27355266388334315,85.64712847004073,0.09223549769702256,0.031792718237331125,0.0734173471970912,0.06800823370565885,96.77839151730326,0.1468670027310953,0.09781759350978754,20.40306712962963,0.5278325490196079,0.16700305073860963,3.4760212925538148,85.04830649101146,178.43700175663122,11191.352038531344
89,289,42.4448,22.8021,25,26.9243,0,108,122,6,130,6,1.00807,40.65347,0.0,0.0,3.64286,8.459,19.50581,0.0,0.0,125.0,36.27083,0.00042,0.3,2.541,-1.0,3.197941,0.12438236645861198,63695.570231161175,6.278481477890166,32.40009072386189,0.06930060494547857,0.1141210167873721,0.2757702899265672,86.9384092476409,0.09192630546979193,0.03177922175896659,0.07297151919546925,0.06799057577134908,96.75286736544514,0.14662379686494137,0.0993411966944167,20.51446759259259,0.5266,0.1655303328278785,3.003390037899868,86.84572026405787,177.99277472065873,11183.62237133805
90,290,42.5298,22.6613,26,29.5269,0,108,122,6,130,6,0.99384,40.72852,0.0,0.0,3.64286,8.433,19.57989,0.0,0.0,125.0,36.33475,0.00041,0.3,2.291,-1.0,3.256798,0.12604655933396516,63668.97324182004,6.288627214283443,32.450742933485245,0.06921574268498522,0.11541245908282179,0.27577028992656594,89.28693768014642,0.09156362101572943,0.03181256738871264,0.07253617904079038,0.06801664368301488,96.76399719591494,0.14643991781761662,0.10091426661952588,20.53515625,0.5287200000000001,0.1641664196370351,3.048658164628714,86.84357055816113,177.56332056750108,11225.247055649208
91,291,42.4337,22.5081,25,28.5443,0,108,122,6,130,6,0.99877,40.63171,0.0,0.0,4.14286,8.461,19.45172,0.0,0.0,125.0,36.25522,0.00039,0.3,2.674,-1.0,3.202023,0.1271922045132999,63543.253891400025,6.2791534566943055,32.1718940263913,0.06919983735843327,0.11697371946366247,0.27577028992656744,92.42377646581205,0.09148737756187902,0.03186519294739574,0.0722181809998758,0.06804415846315275,96.76603427492674,0.14643108194047938,0.10264493231121723,20.575617283950617,0.5258470980392156,0.1629377936192947,3.8531896256761398,87.07380336446731,177.10366746439104,11163.113161035013
92,292,42.5544,22.4726,26,29.2701,0,108,122,6,130,6,1.00713,40.76174,0.0,0.0,3.57143,8.388,19.32658,0.0,0.0,125.0,36.20293,0.00049,0.3,2.593,-1.0,3.171476,0.12790326361788407,63465.83068356764,6.282647959312891,32.18145507058979,0.06919209523357513,0.11914624942981752,0.27577028992656233,88.7704695203382,0.09116804448238991,0.03180750472786067,0.07176133915474371,0.0678222352323472,96.84583666374795,0.14656772516259173,0.1034031104897861,20.69212962962963,0.523766274509804,0.1616708185718767,3.3447977767472414,88.69077626100963,176.6767946415398,11227.206274742259
93,293,42.5722,22.4461,26,26.7214,0,108,122,6,130,6,0.99601,40.77888,0.0,0.0,6.96429,8.437,19.29467,0.0,0.0,125.0,36.30597,0.00043,0.3,2.797,-1.0,3.227608,0.1286993128117722,63504.49006824429,6.287384207059488,32.23756898479697,0.06909444559807035,0.11996606362530725,0.2735526638833375,87.67974959312133,0.09093145529702194,0.03183914748188934,0.0713543793991598,0.06752063352895625,96.82487904869392,0.1455516106284889,0.10543131792819671,20.886863425925927,0.5257509803921568,0.16031354409407475,3.5018258488708227,88.11348596584915,176.26025896155173,11197.136627384441
94,294,42.591,22.3815,26,28.5477,0,108,122,6,130,6,1.00138,40.77418,0.0,0.0,3.82143,8.483,19.26604,0.0,0.0,125.0,36.2969,0.00052,0.3,2.297,-1.0,3.200965,0.12792552852048972,63454.08650428505,6.2888287688528,32.11092423804012,0.06870878568088315,0.12123812488878273,0.2757702899265664,87.65418789117464,0.09020237970415398,0.03183659371868048,0.07085680452891581,0.06731891004815825,96.84732263228216,0.14449164909826515,0.10657048503616934,20.856047453703702,0.5240466666666668,0.15894809522412306,4.326991383006486,89.16901144348442,175.83346860271666,11254.730930186428
95,295,42.5346,22.3672,25,28.9251,0,108,122,6,130,6,1.0028,40.71985,0.0,0.0,4.21429,8.46,19.20968,0.0,0.0,125.0,36.30644,0.00053,0.3,2.088,-1.0,3.244283,0.12737410093778856,63472.901932380126,6.271451765985801,31.89318452058015,0.06843129276221753,0.12119619426872669,0.27577028992656727,91.10743867139516,0.08920714951194664,0.03181769236075532,0.07037934358010269,0.06713812843763152,96.8346675290743,0.14335822084600894,0.10826764162503776,20.65600887345679,0.5220737254901961,0.1578504834477962,4.767190777722891,90.51195480768914,175.42889502984303,11233.884800155192
96,296,42.3957,22.3348,25,27.8073,0,108,122,6,130,6,1.00198,40.60969,0.0,0.0,2.28571,8.499,19.19774,0.0,0.0,125.0,36.48831,0.00049,0.3,1.907,0.39995,3.237019,0.1267972246435442,63545.838067382894,6.270850136866867,32.179533028308256,0.06817525618325539,0.1204519753007591,0.27355266388334026,87.6567003419181,0.0879631003923931,0.03184283648420991,0.06994445378046639,0.06695530973555842,96.86091391789097,0.14264535688913654,0.1086322599340392,20.724537037037038,0.5248274509803922,0.15667147513753152,4.126842185625433,89.74191510445051,175.0426989560918,11143.469883381478
97,297,42.3742,22.3125,26,27.2438,0,108,122,6,130,6,1.00464,40.56864,0.0,0.0,5.64286,8.661,19.17078,0.0,0.0,125.0,36.52889,0.00041,0.3,2.064,-1.0,3.316111,0.12672449317553217,63408.3184761125,6.2706304312771,32.14299576370804,0.06783706093825966,0.11834048137635154,0.27577028992656705,91.00516461125495,0.08677915401061087,0.03185714091591249,0.0695159928182726,0.06673076913553232,96.80809052217207,0.1420302311817752,0.10946787958749475,20.791859567901234,0.5241745098039216,0.15563957476784218,4.724335130324689,89.95489043795455,174.67260449311024,11087.408312942665
98,298,42.5428,22.2844,26,27.6955,0,108,122,6,130,6,1.00373,40.71817,0.0,0.0,3.39286,8.566,19.14867,0.0,0.0,125.0,36.53398,0.0004,0.3,2.036,-1.0,3.317369,0.1274214989391966,63273.88515478453,6.265753063944775,32.201111593364196,0.06754933724160515,0.11668450685355052,0.27355266388334043,86.75594422028824,0.08557589910498277,0.03184805482112458,0.06900227641063003,0.06639271569267179,96.69048722196146,0.14159107691867917,0.1092756829398173,20.89728009259259,0.5236886666666665,0.1547715492716058,4.117452428910208,89.93344203028916,174.29754277426673,11302.027196381314
99,299,42.5744,,25,29.9925,0,108,122,6,130,6,0.99932,40.77475,0.0,0.0,4.07143,8.704,19.12442,0.0,0.0,125.0,36.71988,0.00046,0.3,1.971,-1.0,3.313113,0.12744733967404379,63440.393114245875,6.263247636963922,32.17096889166184,0.06741012676823943,0.11586126054110303,0.27577028992656766,90.56796368979795,0.08444710943223985,0.03184091652134456,0.06851698390585458,0.0662428058820718,96.67499011765564,0.14121724135271965,0.10995900591725159,20.95023148148148,0.5266070588235294,0.154106474615135,4.056238545274153,90.1062072014233,173.96228457847408,11400.636210530014
