,frame_number,SITI.SI,SITI.TI,VCA. E,VCA. h,VCA. epsilon,VCA. L,VCA. avgU,VCA. energyU,VCA. avgV,VCA. energyV,AGH.Blockiness,AGH.Spatial Activity,AGH.Letterbox,AGH.Pillarbox,AGH.Blockloss,AGH.Blur,AGH.TemporalAct,AGH.Blackout,AGH.Freezing,AGH.Exposure(bri),AGH.Contrast,AGH.Interlace,AGH.Noise,AGH.Slice,AGH.Flickering,cambi,saturation,tone,cubcol.0.3,cubrow.1.0,cubcol.0,fft,cubrow.0,blur,temporal,cubcol.1.0,blockiness,color_fulness,cubcol.0.5,contrast,uhdhdsim,movement,cubrow.0.5,noise,cubcol.0.6,staticness,cubrow.0.6,cubrow.0.3
0,100,70.666,13.0383,50,0.0,0,137,125,4,128,4,1.00141,70.6167,0.0,0.0,10.0,8.531,0.0,0.0,0.0,130.0,67.06461,0.0,0.3,1.879,0.0,1.624455,15.219441731770832,0.32384251116955237,0.2285569724642723,0.2204276362197007,0.21264458382348697,64791.23134589239,0.1412919561257171,43860.571131062105,0.0,0.18910036642124237,1.9007648110459237,99.55371506120179,0.13955090599602182,88.2966143838542,95.49794035197331,0.0,0.2941839342655154,0.3005991691231447,0.11833582224375705,302.88818279217446,0.23914626824501858,0.2598054970922945
1,101,70.6927,12.5139,50,15.6201,0,137,125,4,128,4,1.0026,70.62316,0.0,0.0,8.78571,8.516,11.2662,0.0,0.0,129.0,67.07789,0.0,0.3,1.568,-1.0,1.618642,15.20041232638889,0.3239262432664382,0.2162290874179401,0.22034383751421166,0.2038092733636957,64839.86301880481,0.1343282563992843,43996.66259025986,5.227733559953903,0.18790594789736254,1.635317517464431,98.82419733044249,0.1378483397482828,90.31907891416701,95.51170203279726,7.782407407407407,0.28849450974626356,0.3005991691231518,0.11175216803308119,302.77972314060935,0.2368263011405743,0.26043192233721296
2,102,70.74,12.3984,50,14.8554,0,137,125,3,128,4,0.99864,70.67484,0.0,0.0,13.0,8.511,10.8086,0.0,0.0,129.0,67.09123,0.0,0.3,1.66,-1.0,1.555935,15.208842524775754,0.3278259435478674,0.21698601942897497,0.22147173272992923,0.19519423068507644,64878.40207620966,0.13614766273247034,44084.619759602625,5.20101142748477,0.1882768268972913,1.5786870542729157,98.42499443491111,0.13659112990271788,89.16228984844372,95.50923833703438,7.69068287037037,0.2869972506438965,0.30665783614543174,0.10876777951657433,302.5326155176382,0.23711266504444733,0.26421430693925635
3,103,70.7056,12.4029,50,14.992,0,137,125,3,128,4,0.9935,70.61609,0.0,0.0,12.21429,8.509,10.71195,0.0,0.0,129.0,67.07393,0.0,0.3,1.769,-1.0,1.523401,15.215589170102719,0.3240343510588257,0.21872175143671482,0.22440049733751607,0.1875163342121206,64996.229649230045,0.1407602692884916,44028.25220824663,5.180876920079093,0.18591634345235336,2.0215346563227747,98.61815086064176,0.13807747419543578,89.15272832698358,95.51258909801574,7.346064814814815,0.2873846346950629,0.3044402101021964,0.10787881212589016,302.2078244748467,0.2345497943703942,0.27001216888977914
4,104,70.6761,12.3414,50,14.5314,0,137,125,4,128,4,0.99985,70.56947,0.0,0.0,8.03571,8.514,10.7142,0.0,0.0,129.0,67.07762,0.0,0.29,1.935,-1.0,1.604278,15.2564395857446,0.3243558253287219,0.21917023090880092,0.2264528642829644,0.1841723246253012,65228.91788565881,0.1455768470235252,43974.24299778778,5.177715312172876,0.18654263382390915,1.595709369515994,98.48389986271113,0.13950433049708585,89.10791680977967,95.51009005329234,6.954861111111111,0.2882726186204428,0.3005991691231473,0.1068454178346545,301.9419965245887,0.2332617760616706,0.2760640426163898
5,105,70.587,13.0939,50,13.8219,0,137,125,3,128,4,1.00285,70.4871,0.0,0.0,7.78571,8.493,10.66428,0.0,0.0,129.0,67.0785,0.0,0.3,1.701,-1.0,1.591361,15.272817729431907,0.3243388889688603,0.21912738246688973,0.2284890648198802,0.18352428345077768,65221.77724173329,0.14959625053620657,43826.13601710195,5.167067232331723,0.18721134144972593,1.5148837919434384,98.9078395101005,0.13894821366831522,90.28920422982752,95.52397372013381,6.518856095679013,0.28772705799045195,0.2983815430799196,0.10525063991945767,301.67065296225087,0.2312394045897211,0.27958238621833326
6,106,70.5642,12.9772,50,15.4979,0,137,125,4,128,4,1.00305,70.4477,0.0,0.0,7.5,8.508,11.31575,0.0,0.0,130.0,67.06838,0.0,0.3,1.717,-1.0,1.557945,15.273269464940201,0.32427494233910253,0.22160951620252647,0.2294876428979872,0.1905582185826364,65368.523921988686,0.15333103427109868,43768.9734962671,5.253351385357254,0.18932432332367147,1.3987665802005491,98.63149026901226,0.13672971546373516,90.26570700214054,95.53857889772533,6.687162422839506,0.2884195148164674,0.3005991691231484,0.10395364866372563,301.3245706566377,0.23038557207728946,0.28085828538278623
7,107,70.6426,13.2566,50,15.6702,0,137,125,4,128,4,0.99923,70.50882,0.0,0.0,7.60714,8.474,11.21299,0.0,0.0,130.0,67.06832,0.0,0.3,1.695,-1.0,1.566594,15.296566621756849,0.32438589923875655,0.22406426021352413,0.2304951111356442,0.19411558618820365,65114.601262901,0.15694007070830462,44026.05018022004,5.249288115560491,0.1924710451353805,1.3598194721016688,98.18713859436367,0.1353657291228902,90.34550983499568,95.53156045966861,6.39795524691358,0.2906200315122982,0.3028167951663656,0.10407802109633915,300.96413511244475,0.23124580300070174,0.27987952851397885
8,108,70.4938,13.9528,49,15.7326,0,137,125,3,128,4,0.99701,70.37916,0.0,0.0,10.32143,8.489,11.4519,0.0,0.0,129.0,67.07488,0.0,0.3,1.668,0.43763,1.568266,15.328974029164256,0.32438589923875655,0.22630764334832373,0.2304736258172177,0.19527404444063723,64747.04339582832,0.1596212581657087,43702.90354317965,5.288130258480632,0.19484614000294048,1.4854102931522963,98.2318703557427,0.13526337747792988,90.25858291406134,95.54119974050221,6.418788580246914,0.292668758298523,0.3005991691231462,0.10367728465029773,300.5319192404199,0.23305871377274218,0.27817279386838895
9,109,70.5546,13.6038,50,15.6102,0,137,125,3,128,4,1.00223,70.41325,0.0,0.0,11.35714,8.49,12.05504,0.0,0.0,130.0,67.05987,0.0,0.3,1.699,-1.0,1.564892,15.25868884428048,0.31491457131872425,0.2279421598575087,0.22960309927711536,0.19754532753173754,64624.960237935025,0.1618472271227913,43792.807553920495,5.349442871024028,0.1972703404702488,1.6729934004039173,98.30566911898437,0.13467583823115925,89.09888272080319,95.5278261786367,6.5560378086419755,0.2927647105985767,0.3005991691231453,0.10284438551663547,300.01451719394817,0.23486319833057098,0.2767186695046736
10,110,70.5831,13.404,49,15.7941,0,137,125,3,128,4,1.00264,70.44986,0.0,0.0,10.82143,8.485,11.75347,0.0,0.0,130.0,67.08005,0.0,0.3,1.662,-1.0,1.541843,15.318949381510416,0.31473284010765307,0.22962278246582069,0.22847930528191074,0.19621005492374313,64346.51736900965,0.16326357078637113,43750.32834210796,5.315875576691213,0.19765374388081658,1.9529959081101247,98.61813307792787,0.13405122575055425,90.37212915916102,95.52859052733196,8.03761574074074,0.2925948037835441,0.30059916912314794,0.10243391246262946,299.55577833665853,0.23627566188056537,0.27533131500636226
11,111,70.5592,13.44,49,15.5399,0,137,125,3,128,4,1.00061,70.41306,0.0,0.0,10.39286,8.489,11.58406,0.0,0.0,130.0,67.08261,0.0,0.3,1.791,-1.0,1.530533,15.386044160819349,0.3240343510588257,0.23145451591515442,0.22784112296377707,0.19363599668847756,64270.49437476237,0.1645449341742454,43706.045517878876,5.300399147972652,0.1992763405686524,1.5269183992659783,98.70955708674863,0.13313251090281103,91.50612138641279,95.51981247822448,9.06105324074074,0.29243031613508313,0.29838154307992043,0.10248270876889914,299.0726604862187,0.2371632851151727,0.27511629309170493
12,112,70.6051,13.123,49,15.7955,0,137,125,3,128,4,0.9977,70.49791,0.0,0.0,11.25,8.507,11.61189,0.0,0.0,130.0,67.08858,0.0,0.3,1.74,-1.0,1.551099,15.357024581344039,0.32428983683875656,0.23267133528472012,0.22712566265469009,0.19238520161005643,64222.90120578881,0.16606140582250092,43871.813833338674,5.3105252775025775,0.19967211954564285,2.118570847573294,98.21230198985651,0.13198253352908015,90.32873256406828,95.51359815055571,8.600212191358025,0.29208055151793877,0.30059916912314105,0.10216065520338367,298.5587620073038,0.23795869154292928,0.27508559983375724
13,113,70.7313,13.3118,49,15.5556,0,138,125,3,128,4,0.99765,70.60627,0.0,0.0,8.85714,8.469,11.34207,0.0,0.0,130.0,67.11239,0.0,0.3,1.584,-1.0,1.524488,15.360997329523535,0.31489980776624443,0.23307963388331607,0.2258109267890511,0.1961914991530503,64437.964706974,0.16796153134797204,44226.197741822754,5.275242019977999,0.20080924436436373,1.619311247311113,98.47368933883227,0.13062780758808862,91.47862740837904,95.49595588524247,7.2759934413580245,0.29178578240147524,0.298381543079925,0.10143303194860215,298.0380199254153,0.23899353371741394,0.27528623577097205
14,114,70.5088,13.8603,49,15.5973,0,138,125,3,128,4,1.00024,70.37338,0.0,0.0,9.60714,8.492,11.50548,0.0,0.0,128.0,67.08816,0.0,0.3,1.719,-1.0,1.482002,15.388495362835167,0.31448135332564464,0.23442575974657376,0.22409218351688232,0.19902417576171946,64362.586376533276,0.16940148334934194,43701.4959967968,5.303609921150919,0.20138407769067687,1.4329670707047595,98.07507679540171,0.12899793239560836,91.54310993300935,95.52611976393291,7.103587962962963,0.29122952218673165,0.30059916912314827,0.1012352073458401,297.50274643352105,0.2393244153782979,0.2759610856716716
15,115,70.6445,13.9718,49,15.744,0,138,125,3,128,4,1.00042,70.53086,0.0,0.0,9.42857,8.511,11.98227,0.0,0.0,129.0,67.11581,0.0,0.3,1.686,-1.0,1.530981,15.392531406732255,0.3149454825067289,0.23521122235226347,0.22227034265557333,0.19937839394390217,64300.55668592539,0.1696730004936323,43889.86658509369,5.343995148156342,0.201948917706723,1.587443031397018,97.79906592115822,0.12776404627734425,86.89790230317098,95.50048833209553,8.34032600308642,0.2906564472906787,0.2983815430799199,0.10141771851609041,296.9560423815503,0.24033823722938008,0.27648607119452523
16,116,70.5326,13.9786,50,16.7556,0,138,125,3,128,4,1.00119,70.44058,0.0,0.0,11.85714,8.51,12.07239,0.0,0.0,128.0,67.12245,0.0,0.3,1.734,0.43287,1.522849,15.393430733386381,0.3149454825067289,0.2351288139067713,0.22103246345178756,0.20118535980664035,64273.97769812861,0.17081735426221778,43723.17242859934,5.373208516288612,0.20179621810505044,1.3221991009417593,98.62607363606776,0.12676243328853629,91.5306884617454,95.50207539856271,9.636284722222221,0.2902942158385116,0.302816795166365,0.10160038933604479,296.39232769084583,0.24078169430170493,0.27740850741465056
17,117,70.5458,13.6846,50,17.1616,0,138,125,3,128,4,0.99694,70.44147,0.0,0.0,9.25,8.507,12.08121,0.0,0.0,129.0,67.12367,0.0,0.3,1.663,-1.0,1.459244,15.447476233965086,0.31479646289888574,0.2352017029400155,0.22049706902960833,0.20421302285355314,64285.18978089619,0.17157598432225243,43765.92254322836,5.370273576314807,0.20146259592671859,1.4667349279043929,98.22382835731824,0.125724674460533,91.48819514913829,95.51361038695511,9.70606674382716,0.2900334605523554,0.2983815430799201,0.10162147569699534,295.80769205773197,0.24138690482216293,0.2787853494772438
18,118,70.5834,13.4573,50,16.424,0,138,125,3,128,4,0.99507,70.46751,0.0,0.0,9.96429,8.492,11.83064,0.0,0.0,129.0,67.12397,0.0,0.3,1.716,-1.0,1.468336,15.449090463143808,0.3147000384467519,0.23436703441556525,0.21974226068799543,0.2049946355348552,64225.04767244588,0.17099367222900022,43790.688400783954,5.335941293063923,0.20111571246635365,1.3495969822882123,98.19259473519145,0.12497859805672715,86.34394827683263,95.50784898688795,9.444396219135802,0.29041654125202204,0.2983815430799237,0.1021656419560805,295.24656105829575,0.24185887060466554,0.2793884014903711
19,119,70.7236,13.5709,50,16.1696,0,138,125,3,128,4,1.0001,70.61249,0.0,0.0,12.75,8.484,11.6371,0.0,0.0,130.0,67.13478,0.0,0.31,1.774,-1.0,1.545189,15.412408710997783,0.32438273356401603,0.23398499881421064,0.21919999821219338,0.2050363637675595,64267.64820734286,0.16992894703621392,44102.96384906674,5.3228348094742355,0.20084589903457073,1.2178169952534366,97.92494365725156,0.12446847707157176,86.24968039162412,95.49699539983843,9.123987268518519,0.29137848682711653,0.3028167951663687,0.1024838729449996,294.60938346649584,0.24230712506129432,0.27919171210497506
20,120,70.6584,13.5946,50,15.462,0,138,125,3,128,4,1.00523,70.56951,0.0,0.0,9.82143,8.499,11.73752,0.0,0.0,130.0,67.13442,0.0,0.3,1.666,-1.0,1.449053,15.425556512526523,0.31492795078815905,0.23387123290050896,0.21935663623897883,0.20626635111597103,64233.55410018082,0.1699086131116972,43983.70803521313,5.322980523764726,0.200721452492666,1.4367887525137657,97.85819632486697,0.12411297235112723,87.5749008520992,95.50348775932541,10.61255787037037,0.29271112711373165,0.3005991691231486,0.10287441879620941,293.9832514642658,0.2431488066502159,0.27899134348237703
21,121,70.6334,13.9582,50,16.7838,0,138,125,3,128,4,1.00387,70.55131,0.0,0.0,9.67857,8.486,11.75988,0.0,0.0,129.0,67.13269,0.0,0.31,1.834,-1.0,1.426865,15.423007352852528,0.3149217993079591,0.23424817272944384,0.21973262324715728,0.2099955208130641,64477.490171252204,0.17019963515050593,43951.23550591055,5.32162374672407,0.2003480256292269,1.842774675597982,97.97853277614888,0.1237405846776716,86.36419894817756,95.50937674110152,10.87524112654321,0.29374922917050034,0.30059916912314727,0.103656672823124,293.36464407057827,0.24449819957105856,0.27863467633770195
22,122,70.736,14.2183,50,16.8343,0,138,125,3,128,4,0.99533,70.6448,0.0,0.0,6.75,8.462,12.07681,0.0,0.0,130.0,67.11194,0.0,0.3,1.572,-1.0,1.479296,15.40603392801167,0.31486130362168613,0.23451021024381968,0.21961737626851746,0.21347091904862375,64508.46983330924,0.17013814509426364,44081.2445913973,5.368129745905794,0.20033763656819978,1.514809530315316,98.00209290841424,0.123405652091187,90.46744256071145,95.49635882505586,10.97583912037037,0.2953200065854851,0.3028167951663661,0.10483305216617546,292.7416461339568,0.24673568056913034,0.278037689619776
23,123,70.8178,13.8124,50,17.4448,0,138,125,3,128,4,0.99355,70.74471,0.0,0.0,9.0,8.491,12.30264,0.0,0.0,130.0,67.11194,0.0,0.3,1.663,-1.0,1.474744,15.41714929651331,0.3243388889688603,0.23497818744437873,0.21942150180037887,0.2164021904681591,64430.375664206185,0.1707567287383327,44346.43590540165,5.406560892842547,0.20011544339920506,1.0616105548341181,99.00277132904434,0.12303315823001164,86.78180853267429,95.49503569745656,11.057388117283951,0.29663253896254804,0.30059916912314993,0.1058367632473859,292.10974443785943,0.2496426646006631,0.27783071466142506
24,124,70.8905,14.1937,50,16.1786,0,138,125,3,128,4,0.99421,70.83844,0.0,0.0,9.17857,8.43,11.94667,0.0,0.0,129.0,67.14321,0.0,0.3,1.629,0.43313,1.397603,15.523052451051312,0.31897961937716146,0.23560235646533806,0.2190658218234652,0.2184838752484072,64413.52341388994,0.17120953767713623,44524.870496005904,5.379008772223409,0.20018421602520906,1.1052320278747991,98.1084001090074,0.12261444901000504,91.55204782726433,95.4745729301551,11.501639660493828,0.2979167329944271,0.3022225840589892,0.10684724119259838,291.49814435310884,0.2527195283373264,0.2780793462621305
25,125,70.8302,14.7388,50,17.03,0,138,125,3,128,4,0.99818,70.76821,0.0,0.0,8.96429,8.459,12.27515,0.0,0.0,130.0,67.10616,0.0,0.31,1.691,-1.0,1.471315,15.47639258113908,0.3147061899269518,0.23597390649109734,0.2189172063004428,0.22014576783197967,64428.74313793022,0.17159909943880525,44284.760812444634,5.414015733078792,0.2004453363210871,1.3908658946776085,98.460254282794,0.12216048829116657,89.1047765471702,95.48177752990328,12.704137731481481,0.29918493914379085,0.3005991691231477,0.1080187465137832,290.8518443352674,0.2557326122162147,0.2780804296720976
26,126,70.7273,14.896,50,17.8355,0,138,125,3,128,4,0.99654,70.69801,0.0,0.0,7.75,8.487,12.74549,0.0,0.0,130.0,67.11055,0.0,0.31,1.59,-1.0,1.442758,15.500228881835938,0.3147000384467519,0.2361507644876207,0.21850030263631592,0.22184500472337762,64862.19176631249,0.1719103589247363,44109.46998430165,5.4680315518669,0.20079432707698106,1.1894518364675268,97.90475208119473,0.12187399957881515,89.12782290608111,95.4915240451376,13.00462962962963,0.29980349161841824,0.3066578361454339,0.1093035062561526,290.1893208343457,0.2584250393610969,0.278078487659744
27,127,70.7457,14.8739,50,17.7847,0,138,125,3,128,4,0.9973,70.71931,0.0,0.0,10.67857,8.508,12.88123,0.0,0.0,130.0,67.10788,0.0,0.31,1.719,-1.0,1.435738,15.536053881233123,0.3149454825067289,0.23656521123499974,0.21799452038721764,0.22269000624378066,65010.53199031559,0.17220290474377128,44146.30859370237,5.480745207527476,0.20116184153764638,1.1100463583095248,97.95464527586839,0.12158924585044029,89.12479142945683,95.48036968948972,13.17433449074074,0.29968954931981245,0.30665783614543124,0.11014856185802605,289.5486152436944,0.26042054231861245,0.27810728381519617
28,128,70.7979,14.3889,50,17.3242,0,138,125,3,128,4,1.00203,70.80671,0.0,0.0,10.82143,8.479,12.86096,0.0,0.0,130.0,67.0792,0.0,0.31,1.732,-1.0,1.425217,15.527901731891397,0.3149454825067289,0.23703306146004274,0.21725329942177887,0.22369068627897623,64718.07326497257,0.17296841572494676,44244.80268664977,5.4897499213367515,0.2013448949465152,1.5855774594299892,98.50216001536393,0.12138333070004684,89.12217644389372,95.47875102592661,13.288676697530864,0.29927136886176653,0.30665783614543224,0.11069987241057219,288.89875720272346,0.26192466062534614,0.27792486662550336
29,129,70.9883,14.6655,50,17.1509,0,138,125,3,128,4,1.0089,70.99251,0.0,0.0,10.78571,8.461,12.43959,0.0,0.0,130.0,67.08176,0.0,0.31,1.562,-1.0,1.443495,15.571967230902779,0.3189462849703972,0.23744873873899403,0.21692349704368752,0.22507076795326172,64111.978252309855,0.17419596661541856,44662.28475339695,5.464560270445489,0.2020481560328401,1.3861929661621621,98.29432294441412,0.12118876829885178,89.16214020318704,95.45267482045837,13.89747299382716,0.29921029392894805,0.3066578361454344,0.1111761460096061,288.23378958781353,0.26332494503229725,0.27777140083605667
30,130,70.9407,15.3599,50,16.6453,0,138,125,3,128,4,1.00084,70.9734,0.0,0.0,10.78571,8.454,12.68025,0.0,0.0,129.0,67.0663,1e-05,0.31,1.644,-1.0,1.428434,15.547638881353684,0.32456713411764926,0.23780819040431117,0.21691963067712097,0.22624083762489153,64606.5115323611,0.17449509023557225,44474.21250670416,5.484165955561325,0.20237469392694687,1.262426958530435,97.9981173599817,0.12124596285211436,90.33495549026992,95.46449977593062,14.50925925925926,0.29933243376590196,0.3066578361454348,0.11131062719913037,287.5641058382084,0.26479891395770616,0.27797310218374593
31,131,70.9467,15.5245,50,17.5303,0,138,125,3,128,4,0.9932,71.00326,0.0,0.0,7.67857,8.487,13.27968,0.0,0.0,129.0,67.0598,0.0,0.31,1.565,-1.0,1.379815,15.607654336058063,0.31514079200307643,0.23859175380725017,0.21680340285745908,0.2275705004914504,64653.30752299503,0.17496266061575375,44485.220654108496,5.549789716292116,0.2022878244144778,1.834776124595711,97.44648571251125,0.12086108590926091,90.33584699218423,95.45444230322788,14.678626543209877,0.29935313025655064,0.3066578361454347,0.11137762148675004,286.87470190616375,0.26638276810344164,0.2782921653574264
32,132,70.8672,15.9835,50,18.1941,0,138,125,3,128,4,0.99619,70.96146,0.0,0.0,11.46429,8.495,13.42752,0.0,0.0,129.0,67.03661,0.0,0.31,1.629,0.42721,1.419482,15.618550053349248,0.3244667822283759,0.23913392478300305,0.21648595611256827,0.22710996460403823,64697.08366495979,0.17541746730774602,44245.23960454495,5.557595776995053,0.20265217147834533,1.7333937708544418,97.74845213183315,0.12035427445786362,90.35446071664343,95.45288136527367,14.863377700617283,0.29939918766383744,0.30665783614543524,0.11142569079041041,286.18988282927654,0.26781418336862944,0.2785190486407003
33,133,70.8961,15.4284,50,17.9792,0,138,125,4,128,4,1.00197,71.02137,0.0,0.0,10.32143,8.478,13.81865,0.0,0.0,131.0,67.02674,0.0,0.31,1.697,-1.0,1.418227,15.662441112377026,0.32458691958477726,0.23913494282881698,0.21625363467195025,0.22651962988621824,64615.23629072399,0.17534650398392174,44317.91560206092,5.604588738752876,0.20227673931297224,1.652677932253625,97.91717438408085,0.11969633515509422,90.4329854594079,95.44716658063108,15.249951774691358,0.2995176001415429,0.30665783614543946,0.11147044451211645,285.5322975892783,0.2690661668004133,0.2792365567179488
34,134,71.0825,15.0429,50,18.9328,0,137,125,3,128,4,1.00477,71.22413,0.0,0.0,9.53571,8.484,13.34435,0.0,0.0,130.0,67.04175,0.0,0.3,1.721,-1.0,1.439661,15.68870374891493,0.31514079200307643,0.23915493381272665,0.216095590711195,0.2273330974288646,64620.91953204115,0.17521437836559955,44726.19981392104,5.584703167136153,0.20214937278070286,1.3376161312277481,97.7703376778089,0.11909319916342587,90.47318796655149,95.42726268891128,15.730902777777779,0.2998368578279087,0.306657836145439,0.11152380937522664,284.86373454605274,0.27045754987725334,0.28064611766665437
35,135,70.9986,15.3418,50,18.2679,0,137,125,3,128,4,1.0,71.18828,0.0,0.0,10.39286,8.459,13.00277,0.0,0.0,129.0,66.99838,0.0,0.31,1.728,-1.0,1.40995,15.74038545584973,0.324202610044445,0.23881519114068844,0.21616292910351395,0.22748412664073894,64461.96566364347,0.17530092221389623,44467.83688894672,5.563171689227932,0.20132645136509858,1.3631977724168605,97.58847017447509,0.11859332622266636,90.54291288132069,95.44831003954685,16.153211805555557,0.30013773097641216,0.3066578361454419,0.11162335734280746,284.2078619547423,0.27161048338592636,0.2818413417909069
36,136,71.0765,15.432,51,17.7393,0,137,125,3,128,4,0.9995,71.27884,0.0,0.0,7.10714,8.477,13.26782,0.0,0.0,129.0,66.978,0.0,0.31,1.635,-1.0,1.413985,15.69711058816792,0.33311401244444666,0.23847424781464469,0.21645355737719357,0.2267362138143393,64373.26530730239,0.1751340984362546,44671.75580358964,5.593401373139522,0.2010831937054412,1.555194166877679,98.08712759740806,0.1182800564283236,90.39004119720751,95.44907551953408,16.33492476851852,0.3003329389763562,0.3066578361454427,0.11174363053425244,283.544998564788,0.2721020400215612,0.2821245135696701
37,137,71.0467,16.4835,51,17.7057,0,137,125,4,128,4,1.00097,71.27823,0.0,0.0,9.0,8.475,13.3481,0.0,0.0,128.0,66.96759,0.0,0.31,1.605,-1.0,1.421505,15.717758743851274,0.3296808554740495,0.23808981118836933,0.21657869393602888,0.22672873099895333,64477.40571706757,0.17487708663174414,44524.23688174499,5.59833389785225,0.20081006534258675,1.7711803707206615,97.72245167596921,0.11823535989390649,90.43893381718948,95.42881017759623,16.378568672839506,0.30034851695762205,0.30887546218865936,0.11205809331207503,282.8860222458978,0.27244920237103615,0.2821765184623505
38,138,70.9926,16.3654,51,18.5403,0,137,125,4,128,4,1.00019,71.23429,0.0,0.0,10.0,8.453,14.25155,0.0,0.0,130.0,66.91586,0.0,0.31,1.606,-1.0,1.445133,15.789872722861206,0.32357536177777846,0.23775423811616442,0.2166076021556579,0.2266181310068566,64765.826650881805,0.1747459904603822,44459.95746834218,5.688845881546781,0.2008090137213072,1.4655991692495765,97.89360153957034,0.11841399089385829,89.56211868109015,95.4280583095972,16.871768904320987,0.2998653242478187,0.30665783614544095,0.11224354868074735,282.2410462628166,0.2726476334198771,0.2826129968135008
39,139,71.2015,15.709,51,18.9335,0,137,125,4,128,4,0.99514,71.46105,0.0,0.0,9.14286,8.45,14.14795,0.0,0.0,130.0,66.90074,0.0,0.31,1.772,-1.0,1.441666,15.77937806682822,0.3236799537716285,0.23722879733865124,0.21636443209351425,0.22611742284370176,64661.50281804588,0.17472642980072275,44864.2143946778,5.681409567471254,0.20103079293632298,1.5854514558997825,98.05645187184847,0.1182863591706408,90.44122712441018,95.39850952042578,17.282889660493826,0.2992346879692974,0.30665783614544634,0.1125265440245826,281.5914923356142,0.27291999911564,0.2835276015160725
40,140,71.1904,15.7394,51,19.5715,0,137,125,4,129,4,0.99308,71.48682,0.0,0.0,9.10714,8.457,13.58128,0.0,0.0,130.0,66.89655,0.0,0.31,1.679,0.41307,1.438,15.84654480733989,0.3236770986666674,0.23678695469450403,0.21596011294435807,0.22538327734119223,64516.55212105101,0.17506102444372326,44855.489589233395,5.6557677334589505,0.20152693345312134,1.2953425686377424,97.4542802711727,0.11827276667021672,89.58578539632936,95.39032946024405,17.63401813271605,0.29861784661287344,0.3088754621886676,0.11324854029373553,280.9601647649807,0.2734766538644054,0.2843123352067122
41,141,71.142,15.857,51,19.1015,0,137,125,4,128,4,0.99443,71.48671,0.0,0.0,7.64286,8.462,13.60228,0.0,0.0,130.0,66.87941,0.0,0.31,1.684,-1.0,1.396446,15.877924224476756,0.3329011760522898,0.23638376770033026,0.2155528060820172,0.22447309380632985,64433.86074240016,0.17569725700067113,44797.19372387594,5.671476617503677,0.20159375058873802,1.1423651706500348,97.69779759125744,0.11810618412507873,90.61002345533272,95.40141812359573,17.859519675925927,0.29817121047951556,0.3088754621886695,0.11369332076677861,280.3455948282823,0.2741146619211139,0.28509324401435443
42,142,71.1944,16.2226,51,18.4251,0,137,125,4,128,4,0.99489,71.53692,0.0,0.0,7.92857,8.467,13.70946,0.0,0.0,130.0,66.85604,0.0,0.31,1.719,-1.0,1.450296,15.866992149823977,0.3235690328888896,0.2359112714820985,0.21521048646126534,0.22348868558234497,64556.97205301877,0.17667014719962743,44842.16610635234,5.683445848511532,0.20202091275134854,1.0329890121402476,97.01157898054727,0.11788198158025656,88.43589939552142,95.4050748481973,18.15721450617284,0.29776199960358746,0.3088754621886676,0.11406309448255873,279.72675573522946,0.2747111456409553,0.28557170267286885
43,143,71.1158,16.6181,51,18.5865,0,137,125,4,128,4,0.99581,71.47584,0.0,0.0,8.67857,8.494,14.01502,0.0,0.0,129.0,66.83309,0.0,0.32,1.996,-1.0,1.422458,15.93532477484809,0.32796900531487905,0.23534935886327815,0.2147423250868749,0.2225080616052674,64436.781537394185,0.176797586174618,44641.74621499563,5.712863546054057,0.20191617456104338,1.1977172025836376,97.41985607264004,0.11777804436048962,89.37659117565777,95.40826957393838,18.497444058641975,0.29737243769651284,0.30887546218866696,0.11439592085159982,279.1223333142222,0.27522261225955924,0.2857411935307336
44,144,71.0795,16.7189,51,18.1218,0,137,125,4,129,4,0.99772,71.46338,0.0,0.0,10.64286,8.475,14.36062,0.0,0.0,129.0,66.82993,0.0,0.31,1.846,-1.0,1.405301,15.90041869363667,0.3275185254317559,0.23500375143500885,0.21436974059706884,0.22161918487974236,64495.03687639825,0.1767448592200708,44540.41567252874,5.738970343798257,0.2020716842121638,1.4280259190243254,97.56565612744997,0.11758384334978969,90.86842387805068,95.4067217106825,18.774016203703702,0.29700191360997547,0.30887546218866746,0.114648508636897,278.510510419903,0.2758813398252544,0.2857935619551566
45,145,71.0373,16.7893,51,18.4387,0,137,125,4,129,4,0.99564,71.42366,0.0,0.0,8.0,8.515,14.43932,0.0,0.0,130.0,66.84632,0.0,0.31,1.856,-1.0,1.376593,15.934522087191358,0.3236139494532894,0.23471811060393827,0.21416822972226315,0.22035201787435416,64389.039291482564,0.17653664448318762,44498.61561402204,5.761892517389096,0.20184838095715946,1.7920987256926215,97.05668146258417,0.11729095490007202,89.29866293250971,95.41501549827608,19.120900848765434,0.2964566188639942,0.30887546218867074,0.11507178552478471,277.91492804947796,0.2764608008880188,0.28572866019794996
46,146,71.0706,16.7179,51,19.359,0,137,125,4,129,4,0.99965,71.4361,0.0,0.0,7.39286,8.464,14.50364,0.0,0.0,128.0,66.84691,0.0,0.31,1.864,-1.0,1.378119,15.98301018608941,0.3234337528888896,0.23494512878548304,0.21395037808418288,0.2190058531854418,64355.836898437265,0.17633998488875413,44519.15851472974,5.771626527696137,0.20160392001100794,1.8462671789487264,97.2434656219074,0.11700883469432416,89.75912731110265,95.41707972778602,19.43532986111111,0.2957396672379886,0.3088754621886693,0.1153081074577745,277.3314460960614,0.27711504367103107,0.2856652200908064
47,147,71.077,16.7257,51,19.9152,0,137,125,4,129,4,1.00374,71.4862,0.0,0.0,10.0,8.509,14.43913,0.0,0.0,128.0,66.87109,0.0,0.31,1.849,-1.0,1.386258,16.00552311650029,0.32380610591003683,0.23488056106398222,0.21372861873150245,0.21758584092677394,64339.98963454776,0.17618947090273723,44564.184322275876,5.769546768493817,0.2014254730325386,1.8588766043401603,97.13043645026833,0.11666121537844365,89.41660343277306,95.39533753239554,19.69429976851852,0.2948347066562386,0.30887546218867123,0.11562245388039595,276.7594646812785,0.27807492881571416,0.28588578204125137
48,148,70.8696,16.6986,51,19.7297,0,137,125,4,129,4,1.00353,71.25749,0.0,0.0,7.35714,8.499,14.45029,0.0,0.0,129.0,66.83839,0.0,0.31,1.852,0.42104,1.411159,16.061922238196853,0.3234277404444451,0.23504685288505967,0.21347582563718814,0.21629958286156456,64310.24424177946,0.17593279014770224,44172.63591007358,5.766188798172744,0.20102648625343103,1.7519897349558688,97.6205708196523,0.11633422091654648,89.42665846753377,95.43388418690719,19.943045910493826,0.2938409219734771,0.3088754621886726,0.11601830917652342,276.1988644966748,0.27914972060384297,0.28615811893695037
49,149,70.9984,16.0911,51,19.7256,0,137,125,4,129,4,1.00455,71.38396,0.0,0.0,9.64286,8.481,14.42124,0.0,0.0,129.0,66.87005,0.0,0.31,2.299,-1.0,1.367669,16.07107393241223,0.3235690328888896,0.23473488847366647,0.21326369934237108,0.21510122160466014,64079.243383558234,0.17586821753043907,44342.52124393728,5.774292693912315,0.20064803194012143,1.4600745929909051,97.36043899263663,0.11629553896490401,88.43110627883928,95.41636156249893,20.158371913580247,0.29271449244049885,0.30887546218867273,0.11614989611396902,275.6401793427065,0.2802464018092451,0.2860925675541962
50,150,71.1294,16.0612,51,19.2208,0,137,125,4,129,4,1.00297,71.55279,0.0,0.0,10.35714,8.478,13.90105,0.0,0.0,129.0,66.87259,0.0,0.32,2.803,-1.0,1.380003,16.072562512056326,0.32344894222222287,0.23454377198434598,0.2129962033748143,0.21413543864736287,64163.15851763691,0.17540301681501236,44683.96386738938,5.740610722280634,0.2003752426438096,1.5409349780959287,97.21391455905382,0.11621583150794221,87.4114967181287,95.39450554498393,20.34153163580247,0.29161796892942915,0.3133107142751306,0.11636017999633458,275.10155707602473,0.281179004904031,0.2859208111140995
51,151,71.0612,15.7944,51,18.6871,0,136,125,4,129,4,1.00214,71.49388,0.0,0.0,8.89286,8.451,13.87327,0.0,0.0,130.0,66.87828,0.0,0.31,2.497,-1.0,1.342053,16.130283120237753,0.33300287539869505,0.23438751795034402,0.2124701368588414,0.21335904364791924,64297.05224831242,0.17439900577919257,44569.04386048522,5.7338760106003575,0.20015998368463664,1.459077792414816,96.35059042644993,0.1160940273721892,91.06967739878037,95.40568263462262,20.526957947530864,0.29065771365803783,0.3088754621886802,0.1165981698397453,274.5622540633812,0.28193899344299517,0.2857027401656809
52,152,71.054,16.2383,51,18.4964,0,136,125,4,129,4,0.99756,71.47925,0.0,0.0,8.92857,8.478,13.64346,0.0,0.0,130.0,66.86598,0.0,0.32,2.524,-1.0,1.341598,16.141380215868537,0.323485333333334,0.23417184964796628,0.2118549600784842,0.2124436731734449,64295.96472750383,0.1734435899089774,44557.39192649317,5.711328641577986,0.2001958609530529,1.4962874206288235,96.71766016274955,0.11592821507541101,89.67752111651112,95.39882031625409,20.70876736111111,0.28998781082906994,0.30887546218867357,0.11671039053976885,274.03878320151966,0.2827779307526724,0.28525360020720214
53,153,71.0143,16.2972,51,19.8993,0,136,125,4,129,4,0.99924,71.43973,0.0,0.0,7.85714,8.473,14.0218,0.0,0.0,130.0,66.88252,0.0,0.32,2.455,-1.0,1.362004,16.161814936885126,0.33238882020146193,0.23412748300613784,0.21100298795106723,0.21119127510985206,64264.84211594914,0.17246267388599196,44547.569899721435,5.751035660555539,0.19995150545811305,1.4281711021026144,97.34782534709635,0.11573094353456097,88.83782594031553,95.40210856669606,20.770929783950617,0.28933505282527555,0.31715175525418077,0.11680178822230866,273.52866668156975,0.2835488755087733,0.2844751702033294
54,154,71.0542,15.8715,51,19.1778,0,136,125,4,129,4,0.99367,71.49837,0.0,0.0,10.03571,8.491,14.07559,0.0,0.0,131.0,66.91141,0.0,0.32,3.103,-1.0,1.363142,16.21308541003569,0.32375336177777847,0.23443113438412738,0.21007801137723198,0.20997414649847812,64307.35104473925,0.17145570634346866,44587.648900540116,5.759413548717814,0.19988951833680546,1.5153483252642186,96.2929547692502,0.11564763938788174,89.83236019857956,95.39516526022375,20.847800925925927,0.28836931604222343,0.3209927962332479,0.11689360116129749,273.02128579574605,0.28398206467145276,0.2836972263685418
55,155,71.0046,16.218,51,18.2872,0,136,125,4,129,4,0.99306,71.46978,0.0,0.0,8.67857,8.464,13.703,0.0,0.0,129.0,66.94037,0.0,0.32,2.665,-1.0,1.378244,16.321132707007138,0.32379718933333407,0.23461113385827356,0.20903204200110134,0.20889426760467106,64264.898363421315,0.1707643530237537,44515.24281253425,5.735552810019505,0.19945879496658964,1.6636856787642178,96.28812154240735,0.11565156617987622,91.5594270601165,95.40190352253978,21.03858024691358,0.2874199987688584,0.3110930882319041,0.11687433067083573,272.5320564134058,0.2844387623592585,0.28303914900746957
56,156,70.8827,15.9021,51,18.8205,0,136,125,4,129,4,0.99768,71.33866,0.0,0.0,7.28571,8.475,14.00473,0.0,0.0,131.0,66.888,0.0,0.32,3.197,0.41911,1.350471,16.26572710202064,0.32347014400000074,0.2347123625511397,0.20800439860040196,0.20782018701216382,64312.606283862035,0.17029271305570895,44358.53491736894,5.776757305047508,0.19922599364342797,1.8243899498033587,96.06147253855272,0.11577959555697087,88.93819315756228,95.42456670959099,21.113956404320987,0.2866823897980995,0.3165575441467859,0.116907661568996,272.0585913610683,0.2849527925200246,0.2826864158203195
57,157,70.8435,16.3887,51,19.1153,0,136,125,4,129,4,1.00596,71.3016,0.0,0.0,10.5,8.469,13.72715,0.0,0.0,129.0,66.87469,0.0,0.32,2.849,-1.0,1.35948,16.2971349645544,0.3234277404444451,0.23488127152737134,0.20691883187935012,0.2068285811435082,64318.334751891765,0.1695849361010466,44225.91394709283,5.748279371071022,0.19898171237017137,1.6589145819509945,96.3814872511688,0.11593142775888766,90.5058522625464,95.4183945710313,21.24488811728395,0.2859493252764743,0.31493412921096,0.11693184089103212,271.5823328595667,0.2856481501946054,0.2826241807401455
58,158,70.6833,16.9982,51,19.62,0,136,125,4,129,4,1.00152,71.14107,0.0,0.0,10.35714,8.467,14.15326,0.0,0.0,130.0,66.85058,0.0,0.32,2.457,-1.0,1.343888,16.334047859097705,0.3234337528888896,0.23478370542533478,0.20589506538364924,0.20609542595357516,64392.541492700344,0.16887644580899522,44021.09304916482,5.782422762263514,0.19898784781453863,1.8002177383264273,97.21065734105387,0.11612832185667293,89.81325440414598,95.4385437128974,21.31524884259259,0.2850312435788743,0.3149341292109639,0.11692196452570017,271.11830378035717,0.2864195503154677,0.2825896086575715
59,159,70.5001,16.3756,51,19.8145,0,136,125,4,129,4,0.99364,70.98797,0.0,0.0,10.53571,8.479,14.67891,0.0,0.0,130.0,66.81367,0.0,0.32,2.986,-1.0,1.2893,16.314430142626353,0.33170213309957836,0.23497673012607068,0.20481220831762892,0.20564139653168206,64380.62775281876,0.16801563457093688,43725.85294084148,5.822145024403393,0.19876813245607813,1.9943886029393887,96.09093668595533,0.11642289731678952,88.07464248287955,95.4634961831824,21.48996913580247,0.28393481265788323,0.32321042227646984,0.11695065979448024,270.6589811632839,0.2873560140646462,0.282357731923195
60,160,70.588,16.4128,51,19.0462,0,136,125,4,129,4,0.9986,71.08317,0.0,0.0,7.03571,8.459,14.13756,0.0,0.0,130.0,66.8027,0.0,0.31,2.745,-1.0,1.332779,16.321907137647088,0.33156618447674097,0.23567385594022536,0.20353606931966833,0.2052078996739329,64202.870209940105,0.16771917003531903,43964.8029654484,5.799621211090396,0.19886485838191517,1.6869206835836554,96.19513401256566,0.11651214575149708,91.62564131280742,95.46219243742206,21.648582175925927,0.28306807452647365,0.3232104222764713,0.11703046516158022,270.1969647040508,0.28924792409231315,0.28261773239802174
61,161,70.5146,16.1412,51,19.8731,0,136,125,4,129,4,1.00294,71.0076,0.0,0.0,7.5,8.425,14.17179,0.0,0.0,129.0,66.77765,0.0,0.32,2.428,-1.0,1.299808,16.36715773594232,0.34969246471972243,0.2362887035799568,0.20217887795180012,0.20462491374292271,64085.852502844304,0.16759063513905828,43855.71392651889,5.810030851388344,0.19860001437285768,1.9796224030880232,96.23353561390617,0.11655943354303426,91.6608312610329,95.45448820077254,21.834635416666668,0.28230989423718605,0.3232104222764731,0.1172912881814221,269.7535407584713,0.2910058913122008,0.28277531354023366
62,162,70.4234,16.4333,51,19.6891,0,136,125,4,129,4,1.00331,70.95508,0.0,0.0,7.96429,8.436,13.94057,0.0,0.0,129.0,66.72911,0.0,0.32,2.644,-1.0,1.322986,16.38486169885706,0.35427625717185596,0.23686267013091936,0.2008182876420607,0.2043056598375002,64018.49888004156,0.1675371770295631,43623.46400504398,5.795448572046392,0.19819775081605362,2.1988991261803936,95.60232724560483,0.11655732566036027,91.69769646183516,95.47135086067784,21.948398919753085,0.2815294013560791,0.3232104222764729,0.11755111340305717,269.31176333204985,0.2925622205494104,0.28303576866647134
63,163,70.3348,17.1842,51,19.4486,0,136,125,4,129,4,0.99823,70.8759,0.0,0.0,8.75,8.441,14.18841,0.0,0.0,129.0,66.70185,0.0,0.32,3.145,-1.0,1.33515,16.378154236593364,0.35822939194463566,0.23724171492052973,0.19938980487438632,0.2041929059819849,63988.79420246814,0.16723995117576335,43616.36316646637,5.810880620915816,0.19791680826184424,2.306728724722475,96.23050814275986,0.11612489901136568,88.89952907827205,95.48194889384982,21.98871527777778,0.28081675958366314,0.3232104222764798,0.11770399278090111,268.8608979848974,0.29410937513697977,0.2836022480890899
64,164,70.1677,16.9945,51,19.7737,0,135,125,4,129,4,0.99852,70.72752,0.0,0.0,7.89286,8.471,14.84142,0.0,0.0,129.0,66.67385,0.0,0.32,2.587,0.41178,1.31383,16.42943450550974,0.36251464265743866,0.2373141014300663,0.1979641085228823,0.2039448253983081,64008.993009869715,0.16667523910267346,43226.67910850445,5.8682709389576075,0.19755876549957235,1.6117392578500291,96.14622136037207,0.11570012441877982,91.849408335548,95.50185638694195,22.25925925925926,0.2800014395148412,0.3232104222764754,0.11813804472458758,268.4182276442344,0.29550462610803263,0.2840372563603886
65,165,70.1363,17.4418,51,20.1563,0,135,125,4,129,4,0.99741,70.67811,0.0,0.0,10.21429,8.463,14.66771,0.0,0.0,130.0,66.64347,0.0,0.32,2.524,-1.0,1.304796,16.449825522340376,0.36715375690580443,0.2377361791959422,0.19641669638417414,0.20357451631080606,64051.39428232447,0.16608267554745323,43196.117000966326,5.860357911385365,0.1972961545061027,1.5091304512370032,95.56687493465718,0.11520915533355396,91.54188418883186,95.49983063430717,22.39332561728395,0.2793402823773155,0.32321042227647717,0.11851377928574518,267.9774033857928,0.2969750625496904,0.28416393117511834
66,166,70.1434,17.18,51,20.8799,0,135,125,4,129,4,1.00456,70.67661,0.0,0.0,8.5,8.422,15.06141,0.0,0.0,129.0,66.6185,0.0,0.33,2.316,-1.0,1.283606,16.363022604106384,0.37581065743944503,0.23749990012054023,0.1948556828171794,0.2021270801673785,64034.53916384833,0.16540972325404235,43419.309330156415,5.894010591601399,0.1967332040066738,1.938755261233647,95.63150014474355,0.11459639452749874,92.01171348905268,95.49362380772108,22.60498649691358,0.27848352694946626,0.3232104222764738,0.11885065031219569,267.5168579608873,0.29790633258688376,0.2843466307425293
67,167,70.0011,16.9821,51,19.9962,0,135,125,4,129,4,1.00785,70.5448,0.0,0.0,9.10714,8.43,14.83367,0.0,0.0,129.0,66.60376,0.0,0.32,2.208,-1.0,1.244274,16.453447695131654,0.3761014994232974,0.23735111878549564,0.19325383066871232,0.20080954446021035,64000.2246922702,0.1648600383406076,43128.92187703904,5.877905742104567,0.19623638843683658,1.1931567022954401,95.16461632955426,0.11407909513449772,92.10345901500243,95.50392771655696,22.73635223765432,0.27750489152016616,0.3232104222764793,0.11928703484840605,267.06756314998603,0.2982994019856896,0.28439964420294467
68,168,70.0869,17.0674,51,19.5834,0,135,125,4,129,4,1.002,70.63704,0.0,0.0,7.35714,8.444,14.66567,0.0,0.0,129.0,66.56902,0.0,0.32,2.601,-1.0,1.274007,16.42639348536362,0.37575381776239775,0.23733896770267185,0.19178947257889045,0.19983985933110823,64036.976267683815,0.16459382329913372,43262.0801936639,5.873043997892671,0.19542076323781662,1.5068695998168902,95.50473556963291,0.11346047917402921,90.322551945316,95.49335388699524,22.828221450617285,0.2764484104227461,0.323210422276478,0.11958260905442562,266.60850878359145,0.29865499017780706,0.28453944813828336
69,169,70.0255,16.8381,51,20.1482,0,135,125,4,129,4,0.99595,70.6168,0.0,0.0,7.21429,8.42,14.74258,0.0,0.0,129.0,66.5172,0.0,0.32,2.567,-1.0,1.227525,16.494695404429493,0.37163308905497816,0.23709438140734593,0.19064466905890198,0.19870974759140417,64084.08991892021,0.16486204603174073,43139.95227778846,5.85922026887604,0.1949731757439981,1.6538646464226583,94.77385369591686,0.11298465657638261,91.70026804930384,95.5047272342499,22.99025848765432,0.27555219626375244,0.3232104222764827,0.12014669323265202,266.15050087173796,0.2990043789945451,0.28496576741295976
70,170,70.0605,17.0698,51,19.5998,0,135,125,4,129,4,0.99648,70.69297,0.0,0.0,7.46429,8.458,14.54814,0.0,0.0,129.0,66.4874,0.0,0.32,2.678,-1.0,1.246815,16.441283991307387,0.36673621550480573,0.23656459258209642,0.18945624484043366,0.19810466445356825,64128.398825445125,0.1649090334446541,43177.69420708639,5.853753129478086,0.1946080429015899,1.4514279597214508,95.01613992839285,0.1124983532526403,90.75814072484441,95.49165915458164,23.04050925925926,0.2745839811611824,0.3232104222764816,0.1207444668235944,265.68592562486987,0.29971619278524103,0.2853766485647233
71,171,70.0082,16.9482,51,20.0199,0,135,125,4,129,4,0.99849,70.67185,0.0,0.0,8.57143,8.45,14.74559,0.0,0.0,129.0,66.43783,0.0,0.32,2.348,-1.0,1.171183,16.474351671006946,0.36662013776824287,0.23572167856499202,0.18810521590992044,0.19785734665424626,64232.98692549389,0.16502752694661038,43083.274387800586,5.87808500781109,0.19413892000464258,2.0836231196465413,94.98892140261081,0.11210664109963392,92.26501583227183,95.50412648943114,23.224006558641975,0.2734483204586851,0.32321042227648306,0.12101386669540484,265.21903826518957,0.3003788475966386,0.2852178703615394
72,172,70.1462,16.8589,51,19.5404,0,135,125,4,129,4,1.00281,70.8414,0.0,0.0,5.57143,8.411,14.63761,0.0,0.0,130.0,66.41446,0.0,0.32,2.993,0.41281,1.204922,16.500864853093653,0.37539543252595026,0.23478282146754778,0.18671652800754004,0.19726104148106846,64341.93080536239,0.1652106432274666,43452.181084084004,5.879668366196397,0.194005355187272,1.2500416254768543,95.18516199668659,0.1119665449048152,89.26677840732424,95.47753649733549,23.39409722222222,0.2723657438054894,0.3232104222764834,0.12174510349679857,264.7624656778885,0.3011542894189692,0.28500553387578237
73,173,70.1211,17.1932,51,19.495,0,135,125,4,129,4,0.99859,70.85289,0.0,0.0,8.21429,8.428,14.56821,0.0,0.0,129.0,66.38144,0.0,0.32,2.353,-1.0,1.220348,16.496431703920717,0.38029419580776497,0.23394765190251446,0.185461583032706,0.19565886882302497,64366.84978032509,0.1652567649066444,43314.76165473008,5.882516629544037,0.19377425336997114,1.6886521900634015,94.45898567611418,0.11177482831829003,92.43068702683382,95.48952626871613,23.43793402777778,0.27123980406336184,0.32321042227648356,0.12233081606636677,264.2985132460236,0.30181587712529756,0.28490439683030244
74,174,70.0178,16.8757,51,19.4074,0,135,125,4,129,4,0.99393,70.80905,0.0,0.0,8.21429,8.486,14.85372,0.0,0.0,129.0,66.32114,0.0,0.32,2.549,-1.0,1.160038,16.50399365837191,0.3802896941014987,0.23296559607415457,0.1843687585066758,0.19405924074660116,64361.90123384696,0.1654309757389832,43123.892414687994,5.9036444352884905,0.1937057513747632,1.5863460111403436,94.70945498874165,0.11189941237341695,92.43498561724958,95.49677942307015,23.520399305555557,0.2701821421859862,0.3232104222764896,0.12281796013510841,263.8256208564746,0.30245935592586987,0.28481846546529827
75,175,70.0935,17.1975,51,19.8207,0,135,125,4,129,4,0.99605,70.90888,0.0,0.0,11.42857,8.46,14.5916,0.0,0.0,130.0,66.27855,0.0,0.33,2.395,-1.0,1.176847,16.466808742947048,0.38441743608765727,0.2320308766999819,0.18339384715947005,0.192885402872442,64393.9111122818,0.16587225234755243,43275.36563721562,5.893032273699002,0.19346565499022197,1.1779013424383782,94.3661908031043,0.11188246400532058,92.49237236614867,95.47947846175886,23.588300540123456,0.26917811829856864,0.3232104222764916,0.12358495967485968,263.3546114799299,0.30291046639151553,0.28484497326404384
76,176,70.1068,17.0039,52,21.2813,0,135,125,4,129,4,0.9961,70.99979,0.0,0.0,6.60714,8.464,14.86947,0.0,0.0,129.0,66.24375,0.0,0.32,2.427,-1.0,1.149032,16.477193384994695,0.3842394172825823,0.23123640116713465,0.1823403262602916,0.19169320661394273,64380.74520775376,0.16605316823035018,43328.005797131795,5.930118123450504,0.19359330110005082,1.3369202836839054,94.39613854077291,0.11202138717281211,90.80583102409561,95.45272496711337,23.76808449074074,0.26794412350252156,0.3270514632555473,0.12407803609744557,262.87552903090307,0.30350918965214246,0.2846658468506223
77,177,70.3533,16.9667,52,20.7435,0,135,125,4,129,4,0.99899,71.2509,0.0,0.0,6.32143,8.457,14.70493,0.0,0.0,130.0,66.19704,0.0,0.32,2.131,-1.0,1.148942,16.47065414617091,0.384003192753555,0.23022808247407697,0.18110026498365484,0.19019482204014385,64448.07704821134,0.16634576267276321,43832.2638673083,5.9147168474748195,0.19379366460740352,1.8716138967047238,94.33329581106256,0.11235961662479542,89.92153040372246,95.4408734086696,23.889322916666668,0.2665785213674556,0.3292690892987758,0.12467867211426172,262.39787766736634,0.3041002089175248,0.2843394207974287
78,178,70.3542,17.4157,52,20.0971,0,135,125,4,129,4,0.99789,71.32455,0.0,0.0,7.28571,8.478,14.67009,0.0,0.0,130.0,66.17034,0.0,0.32,2.635,-1.0,1.172021,16.496796596197434,0.38428288259592336,0.22988371504717175,0.17990946390737733,0.18912417065443646,64436.7495657492,0.16736193791327228,43787.31648274516,5.907973788773732,0.19419303971778537,1.979076166593592,94.7158854552338,0.11272447603190208,90.84475843435469,95.42812202007111,23.941599151234566,0.265015970564323,0.32926908929877646,0.12526588949456108,261.9194669843657,0.3047190497243836,0.2841518977238955
79,179,70.3598,17.3126,52,20.2765,0,135,125,4,129,4,0.99793,71.34633,0.0,0.0,7.89286,8.458,15.0587,0.0,0.0,131.0,66.11148,0.0,0.33,2.688,-1.0,1.131393,16.497288079909335,0.3841592899223362,0.22924308001973875,0.17866532582696976,0.18826012574303397,64337.5122151637,0.1682646708378687,43771.61363355332,5.957923100571633,0.19446334699434742,1.7425213569829812,94.38432623623314,0.11286694250231735,90.11585522971589,95.42461935036512,24.019724151234566,0.2635562704152463,0.3292690892987769,0.12572732042172688,261.4374605474173,0.3053565379162834,0.2837389731850019
80,180,70.3719,17.5783,52,20.1031,0,135,125,4,129,4,1.00101,71.37443,0.0,0.0,8.53571,8.464,14.96862,0.0,0.0,131.0,66.07665,1e-05,0.33,2.665,0.41011,1.121506,16.50719009211034,0.38388678130565035,0.22876959076902215,0.17722130676815967,0.1867897482773004,64395.616960107756,0.16917554666752554,43834.01145414332,5.961548668940832,0.19464753010393823,1.557152518367253,94.36974121833538,0.11307786982408556,90.12850625021493,95.41331514143819,24.116657021604937,0.26192930538895765,0.329269089298779,0.12640321163277346,260.95375649206215,0.3061696150537328,0.2831874555508127
81,181,70.275,17.603,51,20.8362,0,135,125,4,129,4,0.99907,71.31468,0.0,0.0,6.85714,8.454,15.20366,0.0,0.0,130.0,66.05259,0.0,0.33,2.374,-1.0,1.126896,16.43797942738474,0.38394184051887603,0.22781082616371126,0.17543049347703044,0.18441875472617933,64413.237959789374,0.1703719872331208,43645.94103589297,5.9914863053220895,0.1949627134717456,1.1729815522895952,94.54233207494455,0.11311410732898591,89.98241336995261,95.42887014963102,24.266010802469136,0.2601276134895492,0.32926908929877763,0.1268112509340734,260.4592141446296,0.30704012546242637,0.2825524764227251
82,182,70.3019,17.5034,52,20.6196,0,135,125,4,129,4,0.99582,71.43798,0.0,0.0,7.92857,8.466,15.23038,0.0,0.0,130.0,66.01968,0.0,0.32,2.715,-1.0,1.108045,16.44715768319589,0.39348118315109576,0.22714839801244308,0.1738210437069017,0.18200980088790394,64384.356562091554,0.17124796659170083,43640.15331294118,5.994437954807183,0.19515916134831357,2.122767697479242,93.86782806152524,0.11315529047994047,91.72016644035124,95.40965905239965,24.347800925925927,0.25795324884062193,0.3292690892987808,0.1269636207179999,259.9649120658262,0.3075729686479822,0.2818244584281393
83,183,70.4172,17.9572,52,19.8716,0,135,125,4,129,4,1.00124,71.56923,0.0,0.0,8.0,8.473,15.13915,0.0,0.0,130.0,65.98091,0.0,0.33,2.458,-1.0,1.062539,16.41443097149884,0.389134925081119,0.226337823325322,0.17246463716599617,0.17947587084520145,64407.43209362082,0.17157884834595166,43865.914255812735,5.989264376907382,0.1954075069766845,1.7873860606957774,94.80497636700845,0.11346168337225172,90.02426045845812,95.39302502010408,24.393422067901234,0.25580809222234496,0.32926908929878157,0.12742746968944682,259.44535426198706,0.3077525756513032,0.28128487777172784
84,184,70.3196,17.7141,52,21.1346,0,134,125,4,129,4,1.00589,71.53415,0.0,0.0,6.82143,8.495,15.53594,0.0,0.0,130.0,65.9521,0.0,0.32,2.203,-1.0,1.119085,16.477121988932293,0.39324632220346023,0.2255497455314269,0.1710107373281338,0.17734560619854206,64480.43515879222,0.1719637950776836,43537.750097314645,6.0243155085839435,0.19551322954285466,1.3134937924006973,94.24076310351296,0.11395668809502528,90.1221626308235,95.41637020615623,24.51364776234568,0.25377407550652803,0.329269089298781,0.12768418406305368,258.93334323264776,0.30778856162156687,0.2807891999973375
85,185,70.4761,17.9912,52,20.4479,0,134,125,4,129,4,1.00162,71.7456,0.0,0.0,6.96429,8.49,15.32081,0.0,0.0,130.0,65.89861,0.0,0.32,2.975,-1.0,1.086076,16.416500138647763,0.3930178072802771,0.22478806065057422,0.16957855333590646,0.17594272667225888,64537.49589783035,0.17275699550485207,43883.86713391359,6.022069296225268,0.19553734156706826,1.5315335209007586,94.47233455502105,0.11455225431103759,90.26790456627307,95.38979632045036,24.63083526234568,0.25172300803307895,0.32926908929878324,0.12784032985589444,258.40490283360504,0.30777873347780754,0.2803219626441145
86,186,70.5875,18.3579,52,19.776,0,134,125,4,129,4,0.99571,71.86463,0.0,0.0,7.0,8.466,15.56045,0.0,0.0,129.0,65.87006,0.0,0.32,2.858,-1.0,1.08908,16.419589760862753,0.39330415228604404,0.2240065458801361,0.16837881895631232,0.1748728148384991,64524.16490846764,0.17390457206840204,44156.059719797486,6.049989544531488,0.19532465422121584,1.7164594292915494,94.29481354794822,0.11506247004077652,91.83702426342762,95.39275848448025,24.784770447530864,0.25003063097696177,0.3292690892987811,0.12820609694755247,257.87800263622495,0.30748949470727743,0.27986682331977003
87,187,70.6539,18.3415,53,20.9164,0,134,125,4,129,4,0.99374,72.0069,0.0,0.0,7.53571,8.457,15.8817,0.0,0.0,128.0,65.81832,0.0,0.32,2.726,-1.0,1.120802,16.441023838372878,0.39330415228604404,0.22293500474526065,0.1674400410453926,0.1739299177411895,64471.79215712948,0.17483956819014124,44211.81951895099,6.087717627256361,0.19509379655015552,1.7847220090766982,94.74248770258107,0.11567098802616581,91.95933461942005,95.36609600804951,24.887297453703702,0.2489763837450849,0.3314867153420008,0.1282904054942493,257.34176091518736,0.3076012047011437,0.2794459237766506
88,188,70.674,19.0824,53,21.1342,0,134,125,4,129,4,0.99775,72.06426,0.0,0.0,6.89286,8.473,15.86074,0.0,0.0,128.0,65.77815,0.0,0.32,2.423,0.40471,1.086659,16.44368772153501,0.39342333372087684,0.22183796526146551,0.1667264107957256,0.17296156953200859,64488.09017963924,0.17558927564157792,44295.6449952846,6.076688960844701,0.19481624145660728,1.6589758528465648,94.64938786630832,0.11629771438404365,92.07130675429762,95.34915739266262,25.012056327160494,0.24826959844314841,0.3314867153420081,0.12883247276512091,256.79934330589407,0.3078920352818183,0.27887988934847324
89,189,70.7524,19.1658,53,21.7596,0,134,125,4,129,4,1.00229,72.18349,0.0,0.0,6.17857,8.454,16.50373,0.0,0.0,128.0,65.74122,0.0,0.32,2.576,-1.0,1.106847,16.45312914436246,0.3917281539961539,0.22082036964401922,0.16578673461136328,0.17125459164646306,64327.21474940433,0.17628024066072845,44435.68728329802,6.1392376330679514,0.19420084132000523,1.755387697596055,94.77580092804773,0.1169850317657397,91.04489836064583,95.33310158355263,25.200569058641975,0.24754656757789698,0.33148671534200896,0.1293189115604118,256.2478104508053,0.30835867114861426,0.2781404878322412
90,190,70.6253,19.2407,53,22.1975,0,134,125,4,129,4,1.00216,72.15437,0.0,0.0,4.53571,8.46,16.57362,0.0,0.0,127.0,65.68932,0.0,0.32,2.456,-1.0,1.102129,16.47184960636092,0.4024496202137642,0.21970090903424389,0.1645296271300986,0.16967472791461075,64476.45328311103,0.17686110166815203,44127.581718958805,6.157036138208192,0.19394876498008212,2.0688631887425863,94.77407130880223,0.11764221891697174,92.17771359428586,95.33924551794355,25.41377314814815,0.24662062865429185,0.3314867153420098,0.129682785866363,255.69276297783014,0.3086244552506659,0.27713159069090165
91,191,70.8563,19.1046,53,22.3689,0,134,125,4,129,4,0.99466,72.36327,0.0,0.0,7.57143,8.454,16.6375,0.0,0.0,130.0,65.65607,0.0,0.32,2.851,-1.0,1.06206,16.41954643343702,0.4158832337685508,0.21821362714578227,0.16336869182248023,0.16845913629762552,64444.887357681335,0.17734979699001743,44659.8847408611,6.185357879914747,0.19369559210648232,1.9925008358980616,95.63548211743067,0.11856455398659328,92.2214624886525,95.31912398143535,25.602961033950617,0.24560520529781468,0.3314867153420094,0.13039763671676455,255.13925782954965,0.30867800400248385,0.27628025079733526
92,192,70.8883,18.6553,53,23.1406,0,134,125,4,129,4,0.99543,72.489,0.0,0.0,5.89286,8.425,16.51869,0.0,0.0,131.0,65.59697,0.0,0.32,2.569,-1.0,1.024446,16.378603523160205,0.4284992558123783,0.21691370406218027,0.16230695654845442,0.16793110239264233,64473.814420730465,0.17731992881117475,44760.22523510878,6.187175683606763,0.19358781345685805,1.7176733310271797,95.61132939908678,0.11975552135046548,92.12764221265931,95.30740432789642,25.71484375,0.24468617070469534,0.33148671534201346,0.13097938538713186,254.57251627926573,0.30866112610617896,0.27528050672841237
93,193,70.8947,18.6461,53,22.2212,0,134,125,4,129,4,1.00165,72.53948,0.0,0.0,6.14286,8.444,16.12794,0.0,0.0,131.0,65.55536,0.0,0.33,2.777,-1.0,1.013053,16.388751559787327,0.4329603537162614,0.21546021592519657,0.16119097446038433,0.1670549191124648,64443.75054204617,0.17731000661751276,44773.75149895915,6.156991531660265,0.19369967532549634,1.6181876452967092,96.21104366056151,0.12091177609721798,92.29941110008772,95.28554960585384,25.73413387345679,0.24344211568754034,0.33148671534201285,0.13180636780722738,254.01295641565127,0.30854160292197275,0.2735927585733536
94,194,70.9216,18.8311,53,22.2503,0,134,125,4,129,4,1.00474,72.62925,0.0,0.0,5.57143,8.395,16.12445,0.0,0.0,131.0,65.52472,0.0,0.32,2.658,-1.0,1.017926,16.43589801552855,0.43444894985928617,0.2141179149928608,0.16026539523158248,0.16531061209280162,64560.563414976605,0.17749959082956776,44899.75204224125,6.164905109488877,0.19384876188648928,1.5875740262729934,96.27824074718642,0.12227847373777662,92.26209514570064,95.28103046887907,25.875771604938272,0.24178433897042673,0.33532775632107237,0.13255180609979653,253.4491600804256,0.30835428268733894,0.27149505214815606
95,195,71.0586,18.7094,54,22.6214,0,134,125,4,129,4,1.0021,72.80951,0.0,0.0,5.32143,8.433,16.28238,0.0,0.0,130.0,65.52941,0.0,0.32,2.638,-1.0,1.004865,16.436810340410396,0.45232281636293886,0.21320507290923385,0.15912690692715048,0.1649159077816853,64624.263201811336,0.17771578886097372,45143.95629731358,6.185056049744203,0.19442187291800064,1.5725860567992163,96.656146880568,0.12407684105948957,90.67663759441058,95.26625528421388,25.98876350308642,0.24007855690981966,0.3353277563210746,0.13319816834487663,252.88043084457928,0.3081903710514499,0.26914486175270863
96,196,70.975,18.7296,54,22.4985,0,134,125,4,129,4,0.99567,72.76323,0.0,0.0,5.64286,8.426,16.17884,0.0,0.0,130.0,65.49418,0.0,0.32,2.449,0.40779,0.924369,16.391447844328706,0.4523505829911587,0.21243341290083068,0.15745172543955488,0.16510039382834066,64611.892386112326,0.17795381019469783,44991.96152669491,6.182307648033886,0.194589262832481,1.6558621645257479,97.07909634015571,0.1251772354359066,92.2644651799014,95.26788838487072,26.066261574074073,0.23827958333161417,0.33532775632107475,0.13381561520433838,252.30869057407222,0.30831496790171536,0.2672615438753561
97,197,70.9888,18.3215,54,21.084,0,134,125,4,129,4,0.99279,72.8301,0.0,0.0,5.5,8.405,16.19955,0.0,0.0,129.0,65.47726,0.0,0.32,2.746,-1.0,0.94815,16.424965375735436,0.44745091944329274,0.2117237764342115,0.156043904314775,0.16441634320236068,64607.163718829004,0.17832849860345423,44973.141689309894,6.196102857326528,0.19476717762994875,1.694725492677298,97.76178859875937,0.12648994186717938,92.51055290432157,95.27546225985984,26.16358024691358,0.23689774222017215,0.3375453823643044,0.13426499460469976,251.72579143267146,0.3086725090039397,0.2654734659941189
98,198,70.9451,18.3123,54,21.3022,0,134,125,4,129,4,1.00268,72.87328,0.0,0.0,5.35714,8.434,15.84366,0.0,0.0,130.0,65.41712,0.0,0.32,2.702,-1.0,0.929948,16.399412555459104,0.4523505829911587,0.21070740679496813,0.15499130519734217,0.1635981639195963,64606.29165956663,0.17851179914293008,44770.48360360618,6.173864160230729,0.19480925415832176,1.3714607858846235,97.26251785503523,0.1274090071987703,90.6157409171247,95.26180659637667,26.244695216049383,0.23594379370815943,0.33754538236430287,0.13518071782825689,251.16066205261316,0.30894196905092247,0.26335575968334957
99,199,71.0184,,54,21.0029,0,134,125,4,129,4,0.99947,72.99933,0.0,0.0,5.82143,8.443,15.83377,0.0,0.0,131.0,65.40072,0.0,0.32,2.673,-1.0,0.91937,16.35913198965567,0.4523719077616316,0.20974682438092052,0.15406895408291657,0.16329506181762599,64664.32268999512,0.17862566149340095,45019.03376058369,6.171929764173349,0.19456954441990856,1.416118662038123,98.12890302200515,0.12856948754652342,92.45311986139232,95.25799960102023,26.264033564814813,0.23522245118539484,0.33976300840752577,0.135635693724382,250.58997756933442,0.30916593649422613,0.26115796362433674
