,frame_number,SITI.SI,SITI.TI,VCA. E,VCA. h,VCA. epsilon,VCA. L,VCA. avgU,VCA. energyU,VCA. avgV,VCA. energyV,AGH.Blockiness,AGH.Spatial Activity,AGH.Letterbox,AGH.Pillarbox,AGH.Blockloss,AGH.Blur,AGH.TemporalAct,AGH.Blackout,AGH.Freezing,AGH.Exposure(bri),AGH.Contrast,AGH.Interlace,AGH.Noise,AGH.Slice,AGH.Flickering,cambi,cubrow.0,tone,cubcol.1.0,blockiness,uhdhdsim,contrast,fft,temporal,color_fulness,staticness,cubcol.0.6,noise,blur,movement,cubrow.0.5,cubrow.1.0,cubcol.0.5,saturation,cubrow.0.6,cubrow.0.3,cubcol.0,cubcol.0.3
0,0,69.8698,7.30768,53,0.0,0,138,126,5,128,5,0.99862,72.22787,0.0,0.0,7.75,8.531,0.0,0.0,0.0,130.0,67.36079,0.0,0.43,1.559,0.0,0.000983,0.30247798399943804,0.5075525098715873,0.276416254454567,1.3582947677133737,95.14488839143938,89.23092222009421,65971.95911129404,0.0,102.66758314830615,280.64811545929484,0.2300563836135851,0.4136554348898606,47100.5548302254,0.0,0.3260110339718441,0.2346712428350914,0.15833474044910786,14.429466906888985,0.2913315877376146,0.18691078260865604,0.24569040347755472,0.20458611098186358
1,1,69.9123,7.55965,53,8.84572,0,138,126,5,128,5,1.00057,72.28383,0.0,0.0,8.64286,8.532,6.32572,0.0,0.0,130.0,67.36771,0.0,0.44,1.669,-1.0,0.001367,0.2963629343434937,0.5071945604059971,0.27209841951777797,1.8284851136576494,95.12316413463608,89.19131350384764,65923.89779789852,4.433497350738135,102.97747010905145,279.96955146724355,0.223493438843128,0.41587306093307874,47145.4560724404,2.3365644290123457,0.3248852811165694,0.23208546488301993,0.15781854790580335,14.43631640775704,0.2917133276528984,0.18630226719022336,0.23544462617118422,0.20115145136481027
2,2,70.0734,8.13339,53,9.27933,0,138,126,5,128,5,1.00279,72.4314,0.0,0.0,8.39286,8.517,6.54141,0.0,0.0,132.0,67.38926,0.0,0.44,1.688,-1.0,0.001524,0.2938694688308193,0.5075596567680117,0.2704251790295946,1.5843787892875552,95.09847532506697,88.14572437666185,65855.29346607653,4.504503901075514,103.12579816324309,279.6366289911173,0.22148368180342473,0.415873060933077,47368.26464140792,2.8078703703703702,0.32459401795307297,0.23050825217719276,0.15789791882782012,14.453533408082562,0.29081027834035084,0.18671627100081592,0.22602348614409437,0.19969983811569822
3,3,70.1142,8.07414,53,9.51446,0,138,126,6,128,5,1.00511,72.49209,0.0,0.0,9.21429,8.541,7.04811,0.0,0.0,132.0,67.37892,0.0,0.44,1.671,-1.0,0.001022,0.28920093685473924,0.5074613536867353,0.268026437418437,1.711719342333173,95.110319024232,88.19724126048551,65771.0963116194,4.675692570726448,102.67542246567795,279.27559414543833,0.22043523515401728,0.415873060933079,47393.00599555352,3.415991512345679,0.3233115165877843,0.22914558849687558,0.1581173858966602,14.481060828691646,0.2900276794109083,0.18701477771580743,0.21791334499598944,0.19849652762076472
4,4,70.1574,7.86409,53,9.23576,0,138,126,5,128,5,1.00205,72.56315,0.0,0.0,9.85714,8.523,6.98783,0.0,0.0,132.0,67.38948,0.0,0.44,1.636,-1.0,0.001624,0.2855239029354265,0.5074197299684731,0.2647845278850282,1.9189026216449874,95.09724273171351,88.23816950634398,65726.85513269054,4.656039970267922,103.10877111930475,279.03650242719624,0.21962384755806702,0.4158730609330819,47444.50877147818,3.1574556327160495,0.3225528982493496,0.22843435465609221,0.15760228010894475,14.482218989619502,0.28965079717174413,0.18735169528711948,0.2132258075256251,0.1987391792772757
5,5,70.188,7.71052,53,9.04336,0,138,126,6,128,5,0.99925,72.63951,0.0,0.0,9.60714,8.534,6.8117,0.0,0.0,131.0,67.40498,0.0,0.44,1.71,-1.0,0.001464,0.2830035821064198,0.5075525098715873,0.2601427052000079,1.8345770978004219,95.07493743703319,86.77309537399937,65764.3500722902,4.563103062771122,103.61094780496582,278.81792244015116,0.21756452673831064,0.41365543488985934,47542.666551139875,2.6847029320987654,0.3225999180841445,0.22600963883166497,0.1580131140904864,14.486419866114487,0.2892919326636718,0.1874519755088617,0.21107184519637745,0.19922135312433292
6,6,70.1399,8.01817,53,8.77838,0,138,126,6,128,5,0.999,72.62082,0.0,0.0,8.28571,8.54,6.67276,0.0,0.0,131.0,67.3755,0.0,0.43,1.658,-1.0,0.002498,0.2803816893214863,0.5071713420622831,0.2557767391167967,1.9361715210329815,95.0831533138731,85.48969718850108,65761.28855637783,4.467782673225601,103.15022782169868,278.5607903220059,0.21639554237068945,0.41587306093307763,47444.9638352303,2.3909143518518516,0.32272604595708904,0.22400005569504497,0.15808719090828158,14.447935504677856,0.28882926812540366,0.18788061128303743,0.20960698654460622,0.1999004441434099
7,7,70.2453,8.1927,53,9.03374,0,138,126,6,128,5,0.99932,72.72405,0.0,0.0,8.57143,8.526,6.93977,0.0,0.0,131.0,67.40455,0.0,0.42,1.62,-1.0,0.001818,0.2770032271673285,0.5072107992064591,0.2521855020052646,1.0832669763063865,95.07965812660484,86.79278256538751,65723.29681869494,4.554945229271881,102.47303243055126,278.33300028373804,0.21478702177555675,0.41587306093308024,47608.29579781599,2.55835262345679,0.32237655142426636,0.22302906989099214,0.15843241340019262,14.53646115903501,0.28838364961151797,0.18846152384646994,0.2096086975419561,0.20116004312466948
8,8,70.3207,8.41065,53,9.01457,0,138,126,6,128,5,0.99887,72.77552,0.0,0.0,9.17857,8.516,7.08912,0.0,0.0,130.0,67.38064,0.0,0.43,1.673,0.12539,0.001428,0.2732287496226487,0.5074797106897342,0.24952275685890238,1.8830173745411976,95.06625883395714,86.6694038678518,65757.17513044509,4.593510323805467,102.83401068623337,278.0478896768876,0.2136579203147131,0.4158730609330797,47833.261923327096,2.6222511574074074,0.32221423099155694,0.22235680217125814,0.159019593796721,14.50667280032311,0.2882568763686082,0.18906871483029516,0.21039032413219977,0.20221955812108683
9,9,70.3737,8.2321,53,8.98418,0,138,126,6,128,5,0.99708,72.81153,0.0,0.0,9.78571,8.509,7.27813,0.0,0.0,129.0,67.39672,0.0,0.43,1.577,-1.0,0.00111,0.2693685914132545,0.5074013487796996,0.24737720974555671,1.9646301578290417,95.07321979122395,89.80915104831725,65800.6349735191,4.668730735660257,102.56987184941649,277.7444576269605,0.21254609704407493,0.41587306093308163,47986.60115496897,2.7542438271604937,0.3219633071468605,0.221720866565366,0.15989826580331917,14.525771717966338,0.287778481564486,0.18933030207894358,0.21209278188309566,0.20361315605809577
10,10,70.4334,7.9826,53,8.897,0,138,126,6,128,5,0.99631,72.89042,0.0,0.0,9.10714,8.485,7.11953,0.0,0.0,130.0,67.4054,0.0,0.43,1.636,-1.0,0.00161,0.26677490378771634,0.5074110230895804,0.24584738068967227,1.869946013045061,95.06891620534313,89.5649636321225,65880.87623624911,4.617292473852468,103.16186643652082,277.45892977478456,0.21297982775781968,0.41587306093307935,48189.69982233618,4.060088734567901,0.3216254525458095,0.22091369592568322,0.1604167761429873,14.486887990692516,0.2868636841444786,0.18959911405641852,0.21374370892894526,0.20432875262159025
11,11,70.3902,7.92529,53,8.73478,0,138,126,6,128,5,0.99652,72.86571,0.0,0.0,5.92857,8.497,6.90277,0.0,0.0,130.0,67.41341,0.0,0.43,1.579,-1.0,0.001204,0.26384127133781693,0.516238861976163,0.24526896918915878,1.0796211153060442,95.07758250318034,87.63360253284999,65821.36511350375,4.539204154584357,102.85177350569498,277.205524194069,0.21369328462093098,0.4158730609330834,48114.711209272675,4.305652006172839,0.32157564893370555,0.22018508510630966,0.16049163707381006,14.540128731433255,0.2856584238625895,0.18987395490690037,0.2148138734420781,0.20579045476011779
12,12,70.2587,8.11442,53,8.90398,0,138,126,6,128,5,0.99463,72.77676,0.0,0.0,7.25,8.5,6.85446,0.0,0.0,130.0,67.41202,0.0,0.43,1.557,-1.0,0.001592,0.2613535593840657,0.516238861976163,0.24489050565397377,1.0372745730466544,95.0721190577332,87.43416778008762,65839.92352855341,4.519434396258948,102.77715891882796,276.9234184778652,0.21447000475283418,0.41587306093308424,47772.23143978051,3.7805748456790123,0.3214370062189817,0.21992435071530983,0.16045888379058235,14.50650062090085,0.2843904100357751,0.1898667326438502,0.2148598336256464,0.20712607078547662
13,13,70.1338,8.40705,53,9.37903,0,138,126,6,128,5,0.99215,72.69275,0.0,0.0,6.32143,8.507,7.01826,0.0,0.0,131.0,67.41094,0.0,0.44,1.744,-1.0,0.00161,0.2594445074047945,0.5160597308727413,0.24503429451188943,1.303286446255404,95.07757545171727,88.28286482466754,65857.53654655401,4.615843646694551,102.72546158835038,276.6227476494712,0.2147075699883079,0.41587306093308357,47443.57422743329,3.395929783950617,0.32125357719859,0.21993108243350293,0.16044277753308336,14.521509052794656,0.2827622928292914,0.1899248881053879,0.21390201507198692,0.20834564781833947
14,14,70.0695,8.2721,53,10.1977,0,138,126,6,128,5,0.99697,72.6352,0.0,0.0,6.64286,8.503,7.27362,0.0,0.0,131.0,67.39716,0.0,0.43,1.662,-1.0,0.002072,0.2578235272310189,0.5158609150326797,0.2453430326593616,1.7935500280097938,95.0845935307419,88.77204578960273,65843.02426164651,4.692712088590048,103.08984180129009,276.30607608588195,0.21452664270073707,0.4158730609330845,47344.34797890294,3.863136574074074,0.32128274746636915,0.22000751135129662,0.16061826570457607,14.49873728811005,0.2813649110330133,0.18976540580653983,0.2121714595948653,0.20939974201138936
15,15,70.0831,8.09458,53,9.40163,0,138,126,6,128,5,0.99718,72.67294,0.0,0.0,4.78571,8.471,7.15239,0.0,0.0,130.0,67.40713,0.0,0.44,1.685,-1.0,0.000995,0.2562131668335859,0.516234432910419,0.2458506467468767,2.019459366578833,95.08772427075739,89.29269815469699,65847.70255828535,4.684169410043322,102.57436815364669,276.02861559555436,0.2144824457510589,0.41587306093308124,47433.62391016456,5.063319830246914,0.3214190453509451,0.22021519194196532,0.16148425259024726,14.556865739233698,0.2797029450034892,0.18957860963060208,0.210959932503338,0.2102278632856874
16,16,70.2006,7.96733,53,8.83235,0,138,126,6,128,5,0.99623,72.80409,0.0,0.0,6.28571,8.472,6.99305,0.0,0.0,131.0,67.42586,0.0,0.43,1.656,0.12526,0.002264,0.25453983739568664,0.5160334025374856,0.24694666514883798,1.5236422559339409,95.06182660031308,85.97647150324461,65824.94212157729,4.592476185334017,103.01708363692754,275.76179854217577,0.21435444156664685,0.41587306093308113,47628.33221809889,5.350935570987654,0.3215965468450545,0.22059798491870145,0.16203593296413837,14.584032977068867,0.27787565168381034,0.18934115283207842,0.21075399343709972,0.21077554524857184
17,17,70.2969,8.09555,53,8.81841,0,138,126,6,128,5,0.99951,72.87952,0.0,0.0,5.57143,8.473,6.88913,0.0,0.0,130.0,67.43863,0.0,0.43,1.67,-1.0,0.000993,0.25288766852507905,0.5256109893056513,0.24847345014263317,1.4929455544932078,95.05816384628687,88.79223571016504,65895.08074838831,4.550333837609435,102.74603516474744,275.48865407412256,0.21445416520298072,0.4158730609330831,47775.44833516023,4.904176311728395,0.3219731657433585,0.22117154893390997,0.16222526145063862,14.577165580090181,0.2759390167344526,0.18911054919451042,0.21121647636044516,0.21108417851462938
18,18,70.4026,8.23451,53,9.09387,0,138,126,6,128,5,1.0034,73.00319,0.0,0.0,6.53571,8.499,6.9982,0.0,0.0,130.0,67.44262,0.0,0.43,1.605,-1.0,0.001717,0.2512643107641652,0.5304963407058818,0.2501525988784073,1.1126076103765086,95.03842359758099,87.7201803513133,65912.52812068975,4.58097054346709,102.34890383750071,275.22154638320245,0.214525629307484,0.41587306093308457,48070.85032737004,4.721788194444445,0.3222250414292119,0.22164821609754323,0.16250793213504625,14.616732750409916,0.2739173257463535,0.18897136328066352,0.21190810442037403,0.21141865247848832
19,19,70.4609,8.51361,53,9.61645,0,138,126,6,128,5,1.00107,73.04351,0.0,0.0,7.5,8.512,7.12631,0.0,0.0,130.0,67.43974,0.0,0.43,1.722,-1.0,0.003035,0.25056054335082345,0.5302017233587076,0.2518490731222523,1.4517969844476364,95.04724044501083,84.10185467456985,65965.83544144707,4.58012894788668,102.96933072884485,274.94688450986934,0.21535244263053155,0.4158730609330821,48168.381299572946,4.661168981481482,0.322457646301924,0.22200286531833163,0.16281725105675424,14.592985930266202,0.27196995531571233,0.18876096932621894,0.21224330808897818,0.21203235222810582
20,20,70.4516,8.32251,53,9.78919,0,138,126,6,128,5,1.00188,73.05569,0.0,0.0,5.64286,8.517,7.37254,0.0,0.0,131.0,67.43239,0.0,0.43,1.751,-1.0,0.002707,0.2502305995472565,0.5302626699515566,0.2532243030065673,1.8409180240265595,95.04218244532096,84.82112885077606,66008.81557925395,4.689679877222223,102.95539740511491,274.6696776218559,0.2163758117282261,0.4158730609330837,48094.967018624964,6.038773148148148,0.32271874669360606,0.22253059778804135,0.1626186410415796,14.656616964457946,0.269996271984444,0.1884872741318602,0.21240229663014934,0.2122184806666998
21,21,70.4333,7.98502,53,9.37026,0,138,126,6,128,5,1.00079,73.06736,0.0,0.0,6.57143,8.498,7.19561,0.0,0.0,130.0,67.45836,0.0,0.44,1.659,-1.0,0.001037,0.24982723167127152,0.5304963407058818,0.25469714210819727,1.5216475184023504,95.02888248035634,90.40416161905844,66045.78159702673,4.6007019741377935,102.71298381353915,274.3656018239317,0.216594125013127,0.415873060933083,48043.24699651972,6.3112461419753085,0.3228482627382096,0.22279398886790738,0.16231986812968296,14.638609332802854,0.26809677191600356,0.18813712520474501,0.21231973456789827,0.21209571528389962
22,22,70.3097,8.12157,53,9.23848,0,138,126,6,128,5,1.00059,72.97056,0.0,0.0,8.92857,8.498,6.90678,0.0,0.0,131.0,67.44848,0.0,0.44,1.705,-1.0,0.001621,0.2493872685345308,0.5307052281983847,0.256101852178995,1.4307972217746812,95.04407539310564,89.63548326646149,66019.58164198781,4.5190617617524245,102.85188345033325,274.04831302315284,0.2170035182835529,0.4158730609330865,47852.68151055241,6.213927469135802,0.3231022181575808,0.22304556265096995,0.16189911093222295,14.630496366524401,0.2662876992254891,0.18778829254836504,0.21201472020932852,0.21228572299231932
23,23,70.1185,8.3012,53,9.33676,0,138,126,6,128,5,0.99803,72.80581,0.0,0.0,7.67857,8.514,7.02209,0.0,0.0,131.0,67.43426,0.0,0.43,1.62,-1.0,0.001449,0.24894769189903995,0.5355177005397924,0.2573786397154247,1.0839528777449843,95.05963026923858,88.12002240005211,66026.90926372127,4.668373582095393,102.95158469770821,273.74441969949476,0.21708404624944783,0.4158730609330831,47440.50139314425,6.116560570987654,0.3231455480630419,0.22321354623359535,0.16063256678926643,14.639897099247683,0.264565793097399,0.1873741381197726,0.21194283569433672,0.21246583595875415
24,24,70.2034,8.42254,53,9.88429,0,138,126,6,128,5,0.99592,72.89021,0.0,0.0,7.85714,8.516,7.1821,0.0,0.0,132.0,67.46332,0.0,0.43,1.696,0.12564,0.00136,0.24845260078398962,0.5347538724736624,0.25846531249007293,1.4633810031529684,95.05488853665955,88.32959462988434,66095.92849351771,4.747273472270656,102.57071651444949,273.4797002258321,0.21734263245060087,0.41587306093308557,47566.60314063636,6.361111111111111,0.3231216213380721,0.22326498952399332,0.16013495278038173,14.687224965036652,0.2629965589870731,0.18690271836340008,0.21184829960265417,0.2126777295885262
25,25,70.2374,8.34857,53,9.60449,0,138,126,6,128,5,0.99749,72.90397,0.0,0.0,7.53571,8.502,7.28694,0.0,0.0,131.0,67.43322,0.0,0.44,1.681,-1.0,0.00164,0.24750532280721543,0.5303309503667815,0.2593301880017106,1.0002290265805627,95.04683855188884,89.8523073887391,66083.98181488525,4.774747370129615,102.73112349650474,273.20369131880443,0.21770451152565187,0.41587306093308357,47640.97915338675,7.759645061728395,0.3230591406328411,0.22330241077562277,0.1595407913373588,14.69294625741464,0.2615980435927268,0.18638632692640159,0.21164590270619232,0.21299660963356812
26,26,70.2097,8.44703,53,9.91345,0,138,126,6,128,5,0.99776,72.88825,0.0,0.0,7.32143,8.491,7.22442,0.0,0.0,131.0,67.41649,0.0,0.43,1.744,-1.0,0.00156,0.24665548045648397,0.5348251572841223,0.259845867811311,1.1928531169887706,95.06086796468625,89.84405328554219,66136.83810202705,4.743691510832946,102.2854034326134,272.9094416717194,0.21807514109387638,0.4158730609330852,47685.94093815976,8.022280092592593,0.32297133843832665,0.22317961412190646,0.15913226707136366,14.699791990680458,0.260257407278691,0.18558321340304715,0.21110825433209657,0.21323991368350415
27,27,70.318,8.47287,53,9.77723,0,138,126,6,128,5,0.99833,73.01003,0.0,0.0,8.71429,8.519,7.31218,0.0,0.0,131.0,67.41098,0.0,0.44,1.783,-1.0,0.00157,0.24635867733412067,0.5389282088027698,0.26054074027053103,1.0485805485974973,95.05535233168217,89.88681854172755,66114.15040707115,4.777604197159067,102.85121065047599,272.6002360774194,0.21831342189966782,0.4158730609330857,47886.47025513969,8.320408950617283,0.3228319705636051,0.22303546646655684,0.15903378356326353,14.685064245153356,0.2590333003688121,0.18470265815341752,0.2105403193724784,0.21317989495683692
28,28,70.3971,8.50504,53,9.77179,0,138,126,6,128,5,1.00159,73.09289,0.0,0.0,6.46429,8.513,7.33612,0.0,0.0,130.0,67.43109,0.0,0.43,1.725,-1.0,0.001701,0.2454607096049092,0.5395618298931162,0.2611067030729623,1.1688893414706243,95.04906476466888,89.67706430607622,66157.27948906535,4.783327149735754,102.23842218741812,272.289568964981,0.21851652136684094,0.4158730609330856,48009.20411724844,8.341965663580247,0.32263574369697856,0.2228309725446685,0.15916516313132922,14.702964688524789,0.2579215177740606,0.1836696807736152,0.20984698114562206,0.21298687733552701
29,29,70.3318,8.85686,53,9.99316,0,138,126,6,128,5,1.0038,73.04417,0.0,0.0,6.35714,8.508,7.36984,0.0,0.0,132.0,67.38514,0.0,0.43,1.661,-1.0,0.001446,0.24439219397519943,0.5385966793910034,0.26188000615501345,1.439649220092693,95.04970489706136,89.4708322808348,66145.19314810647,4.785589963915247,102.11930734174717,271.9742424300038,0.21860111134676408,0.41587306093308385,47883.724510846245,8.633439429012345,0.3222914652940991,0.22259385879078855,0.1591701532571691,14.698568461853782,0.25693188755949764,0.18246156857962845,0.20971927596938753,0.21280221334115526
30,30,70.2465,8.50841,53,9.86778,0,138,126,6,128,5,1.00206,72.97686,0.0,0.0,6.96429,8.47,7.67521,0.0,0.0,132.0,67.3609,0.0,0.43,1.783,-1.0,0.001583,0.2441356191553867,0.5392283817147233,0.26237348856057596,1.3040408203593947,95.05923189413272,89.35298540445211,66092.89828977408,4.848408618606032,102.61453854835926,271.6730530595568,0.21879439224694314,0.41587306093308624,47723.26873665755,9.583333333333334,0.3218833450425978,0.22224667615127244,0.15919540905154106,14.6995738465109,0.25596155550031074,0.18134675316310156,0.21044401177505068,0.21265882597148428
31,31,70.3462,8.40008,54,9.59837,0,138,126,6,128,5,0.99941,73.09731,0.0,0.0,7.10714,8.454,7.36397,0.0,0.0,131.0,67.36139,0.0,0.44,1.65,-1.0,0.000987,0.24411500633583008,0.5388960946159186,0.2630060735958912,1.2780124314768464,95.0451316047843,89.54463379664101,66171.0908793326,4.735304930299823,102.053106835155,271.38300778406403,0.2191110573493242,0.41587306093308474,47953.44504052175,9.49242862654321,0.3214922420248031,0.2219098624029456,0.15910643650926357,14.76666561173804,0.25506314407931385,0.18045266943667684,0.21193863774953178,0.21252269101986387
32,32,70.356,8.60091,54,9.96552,0,138,126,6,128,5,0.99931,73.12554,0.0,0.0,7.82143,8.465,7.27118,0.0,0.0,131.0,67.34295,0.0,0.43,1.782,0.12577,0.001853,0.24366023670240738,0.5386019286643615,0.26375250745587053,1.159371331339605,95.02750183558643,89.4910989446971,66155.56753676811,4.736322036277428,102.52010046464866,271.06948645522994,0.21950286553983928,0.4158730609330851,47931.51857256621,9.34230324074074,0.3211224161177887,0.22151879382029638,0.15914864348046034,14.701259471752026,0.2542159574128027,0.17964065740895346,0.21363727456718046,0.21243598129563698
33,33,70.3204,9.38806,54,10.5693,0,138,126,6,128,5,1.00307,73.08109,0.0,0.0,7.89286,8.487,7.44563,0.0,0.0,131.0,67.31848,0.0,0.44,1.645,-1.0,0.001253,0.24336516651373183,0.5342462016824305,0.2644935972913981,1.1082532952813686,95.03774633240327,89.45738904414387,66090.38768082955,4.822486198558589,102.20547972510722,270.77378853153647,0.21977209921933816,0.41587306093308696,47819.156774168136,9.378375771604938,0.3206901514575762,0.22111692038908187,0.15918743726215454,14.713193728600018,0.2534114609503357,0.17902110414361952,0.21489938092899033,0.2123958351990965
34,34,70.258,9.75224,54,11.372,0,138,126,6,128,5,1.00854,73.05037,0.0,0.0,9.42857,8.503,8.12838,0.0,0.0,131.0,67.31688,0.0,0.43,1.538,-1.0,0.000846,0.2428093564984623,0.5348421714725093,0.2653573896071891,1.6259428616534564,95.04206289660287,88.02765720810345,66133.11581581098,5.026322271160065,102.49570060959404,270.48124268645597,0.21979804730827252,0.4158730609330857,47704.07726642862,9.844184027777779,0.32020266776916767,0.22057633147303018,0.1592149934922201,14.76389416353202,0.2527423094380538,0.17863356575473582,0.2155483118980354,0.2124725770035162
35,35,70.2199,9.60044,54,11.6561,0,138,126,6,128,5,1.00595,73.00794,0.0,0.0,10.75,8.479,8.45057,0.0,0.0,132.0,67.27023,0.0,0.43,1.679,-1.0,0.001772,0.24206153655791302,0.5333374213241046,0.26631047000581776,1.7648723726687476,95.05861796121779,87.88522751255167,66164.55527784118,5.071001964566758,102.28585216195162,270.16922537213566,0.21997212086725,0.4158730609330874,47628.96171036956,10.613667052469136,0.3197116582050351,0.22000828324229266,0.1593157096672876,14.727666219075521,0.2521768094869556,0.17834582208969987,0.21586015036871464,0.21246248895735007
36,36,70.398,9.53758,54,11.4659,0,138,126,6,128,5,0.99934,73.17738,0.0,0.0,12.42857,8.478,8.31324,0.0,0.0,131.0,67.28272,0.0,0.43,1.64,-1.0,0.001425,0.24114915805284523,0.533700195863128,0.26711459847175323,2.2235348552093948,95.04061738086124,89.57075092385281,66187.81724330879,5.04809084002212,102.39774895538588,269.85161762091786,0.22020066186585416,0.41587306093308474,47911.75376420318,11.077208719135802,0.3193405947272882,0.21950382213202832,0.15946126777343245,14.778446715555074,0.25170707356554034,0.1780660463888246,0.2158070404131947,0.21255246857912757
37,37,70.5476,9.58721,54,11.4733,0,138,126,6,128,5,0.99513,73.34441,0.0,0.0,12.5,8.486,8.25778,0.0,0.0,132.0,67.28339,0.0,0.43,1.574,-1.0,0.00158,0.24006675029549338,0.5384198277277951,0.26776540064273013,1.8936574354254798,95.01449368138893,89.75687153177466,66161.00121144966,5.020107812187668,102.29361337321126,269.5350833653307,0.22060656313379484,0.4158730609330874,48169.41236845564,11.375530478395062,0.31894147363915115,0.2190379829631204,0.15970916090108309,14.825258608217592,0.25127096008777056,0.17782304426026663,0.21513144518252358,0.21263362417532294
38,38,70.4961,9.62107,54,11.3433,0,138,126,6,128,6,0.99529,73.33958,0.0,0.0,10.67857,8.486,8.29514,0.0,0.0,131.0,67.26765,0.0,0.43,1.594,-1.0,0.000996,0.23920869451813398,0.5384817868727394,0.2682777415437968,1.5759455745471895,95.02252217846075,89.65451782763682,66098.66724998028,4.98766057117473,102.1591594331756,269.209961037441,0.22100554080705453,0.415873060933087,48093.59733883782,11.734375,0.31855688868896037,0.21861201024277024,0.15982751510164617,14.846966402030285,0.25083006357275384,0.1774723664630064,0.21388393913225057,0.21278283953123825
39,39,70.4678,9.33617,54,11.1379,0,138,126,6,128,6,0.99601,73.31671,0.0,0.0,8.25,8.491,8.32849,0.0,0.0,130.0,67.25447,0.0,0.44,1.613,-1.0,0.002055,0.23860920977208186,0.5384198277277951,0.26854325104473886,1.3450613216031937,95.01810517976355,87.89410187689836,66059.20916931538,4.961409542810568,102.33850040679211,268.89200927894274,0.22139358297617479,0.41587306093308946,47998.59571149543,11.953559027777779,0.3181087306303911,0.2182052149810381,0.15991080239405128,14.821620046356578,0.2504092651631706,0.17710987621353178,0.21256861871965507,0.21312579858222197
40,40,70.3629,9.92592,54,11.0374,0,138,126,6,128,6,0.99679,73.26645,0.0,0.0,7.75,8.498,8.08251,0.0,0.0,131.0,67.22227,0.0,0.43,1.634,0.12539,0.001336,0.2382585741643278,0.538024420404458,0.2690337347232556,1.6002417950863674,95.02495222712761,87.96823584463733,66059.33456093656,4.8884532140943,102.61854908243807,268.5662207460174,0.22209440327134217,0.41587306093308474,47797.05046813406,12.143759645061728,0.31765379408907934,0.2178337857977491,0.15988089629339558,14.819024168414835,0.2500491967566022,0.17679605512729382,0.21133019326196842,0.21356102237744085
41,41,70.37,10.3849,54,10.94,0,138,126,6,128,6,1.00207,73.24194,0.0,0.0,7.75,8.516,8.59183,0.0,0.0,130.0,67.23986,0.0,0.44,1.584,-1.0,0.001923,0.23804554736415873,0.5384198277277951,0.26940758728426517,1.5661106058667178,95.02043029589812,87.75622127799033,66071.98036819164,5.060357977972145,102.34073219654069,268.26193262953495,0.22290512863038614,0.4158730609330877,47704.95078355749,12.171585648148149,0.3171744909113001,0.21753883797954537,0.1598598399634915,14.85971333068094,0.24972612852444082,0.17648343511342787,0.21025708313601382,0.21423279246302626
42,42,70.4336,9.93035,54,11.8783,0,138,126,6,128,5,0.99727,73.29212,0.0,0.0,7.21429,8.515,8.99448,0.0,0.0,131.0,67.22701,0.0,0.43,1.494,-1.0,0.001144,0.23781076629668346,0.5387634727843131,0.26965351479459276,2.185788773372113,95.02284033389367,88.3798755943036,66052.20818188047,5.181547479757318,102.76728213486813,267.94853105787666,0.22369000438759404,0.4158730609330887,47937.185772095945,12.292293595679013,0.3166671501320063,0.21719032851076223,0.1600288071610988,14.888675265842014,0.24938670786005301,0.17621237896888903,0.20913873164055152,0.2151317978513885
43,43,70.4792,9.6821,54,11.1337,0,138,126,6,128,6,0.99409,73.33404,0.0,0.0,7.07143,8.51,8.59924,0.0,0.0,131.0,67.21771,0.0,0.43,1.728,-1.0,0.001264,0.23773413198800064,0.5385578695947707,0.2698351069425838,1.2806426431246585,95.01689365130702,87.9228345051531,66053.43112173495,5.090640713906887,102.02138325863503,267.6436676440501,0.22435741160974187,0.41971410191214625,48068.05262923766,12.489293981481481,0.3162724207257361,0.21689475728882143,0.16015026057740983,14.879475346317998,0.24913402037413135,0.1759239847798704,0.20800136009623862,0.21596544530162093
44,44,70.3514,9.83538,54,11.142,0,138,126,6,128,5,0.99691,73.21615,0.0,0.0,6.92857,8.496,8.37995,0.0,0.0,132.0,67.2098,0.0,0.43,1.657,-1.0,0.000603,0.23799775054125258,0.5385578695947707,0.26997161265041797,1.7971323929147647,95.03173456312437,88.00784431919546,66108.22715684488,5.017263583570904,101.83176639066227,267.32978563595293,0.22506499543140635,0.41587306093309184,47817.58999096211,12.49194637345679,0.31600838420052285,0.2167384117694045,0.16020029937074381,14.89086330084153,0.24892320914081015,0.17556569945571704,0.2068676613248942,0.21656216372593154
45,45,70.394,9.56651,54,11.2488,0,138,126,6,128,6,0.99766,73.2725,0.0,0.0,7.82143,8.5,8.51052,0.0,0.0,132.0,67.20938,0.0,0.43,1.625,-1.0,0.001608,0.23825232049722525,0.5385923512310644,0.27001003332399626,1.165382083320144,95.02217198585885,89.41399320050844,66127.42818289794,5.033034471264858,102.47770530199031,267.02497920421916,0.2258793573961988,0.41971410191214603,47863.06114800989,12.763599537037036,0.3157826857154979,0.21662416646867505,0.16022022250393383,14.891154913254725,0.24871849170390115,0.17521387325117477,0.20585725970972188,0.2174719114553715
46,46,70.3536,10.605,54,11.4839,0,138,126,6,128,6,0.99673,73.25474,0.0,0.0,6.35714,8.465,8.27386,0.0,0.0,131.0,67.18846,1e-05,0.43,1.667,-1.0,0.001021,0.2382880673084286,0.5385583842460586,0.2701658996905785,1.6071212604221663,95.01679902169172,88.00451939836583,66083.50748505145,4.998454670532103,102.47372032130187,266.71743751549036,0.2266670420506255,0.41587306093308624,47763.90346559034,12.935136959876543,0.3156287926566405,0.21645672928996382,0.16029287596716285,14.893651703257618,0.248589303342483,0.1748501396837325,0.20485737524723724,0.21819801371617947
47,47,70.2645,10.6094,54,12.3582,0,138,126,6,128,6,0.99925,73.15198,0.0,0.0,6.21429,8.485,9.18516,0.0,0.0,130.0,67.16939,0.0,0.43,1.649,-1.0,0.002589,0.23825469375747815,0.5378441989911554,0.27038241334264446,1.9591068579691355,95.03037171408359,87.97964082273188,66060.25231101125,5.221064240087983,102.19567005553962,266.41526399337096,0.22734282452781307,0.4158730609330858,47631.28930922519,13.156201774691358,0.3155270860323491,0.21618655567079273,0.16024737081581103,14.91453081295814,0.24854323281891105,0.1745223247371207,0.2041105551872723,0.21805413892212483
48,48,70.3754,9.56378,54,12.3369,0,138,126,6,128,6,1.00493,73.27813,0.0,0.0,8.0,8.494,9.19057,0.0,0.0,130.0,67.1825,0.0,0.43,1.688,0.12539,0.00142,0.2384405011006198,0.538024420404458,0.2705515131097132,1.3114450993219715,95.00292479419443,89.36740058396683,66077.77454597602,5.236508482809417,102.58033799966955,266.121608786929,0.22793209478472917,0.41587306093308823,47909.05363808232,13.458863811728396,0.31555763647172275,0.2158688313315606,0.16002556079614874,14.974810188199267,0.24861520679004404,0.17431555328285683,0.20363815754044637,0.21809395905551723
49,49,70.3792,9.43943,54,11.2958,0,138,126,6,128,6,1.00647,73.28274,0.0,0.0,7.35714,8.466,8.28217,0.0,0.0,129.0,67.17934,0.0,0.43,1.636,-1.0,0.001397,0.23897614847635135,0.5383527810565162,0.27049515942815394,1.7134035886926406,95.01642104051416,87.9720809271089,66059.99757964855,5.060913642883087,102.59515700472794,265.8194796054006,0.22823374936342627,0.41587306093308635,47917.54582677224,13.606674382716049,0.3156322397622837,0.21568484502631585,0.15970407247936086,14.944150194709685,0.24878596607392617,0.17420646448537744,0.20334651686021454,0.2183702535571991
50,50,70.4432,9.74572,54,11.2233,0,138,126,6,128,6,1.00255,73.34803,0.0,0.0,8.82143,8.469,8.1685,0.0,0.0,130.0,67.18003,0.0,0.43,1.645,-1.0,0.001887,0.23954639373871053,0.5384413010780463,0.2706050908962859,1.2653635537837038,95.01731126365918,88.40886622490535,65984.39570187105,5.04219255815038,102.86614211165114,265.5341255210271,0.2284264096422385,0.41587306093308835,48139.088016904745,13.731047453703704,0.31563453574871736,0.2155243573744081,0.15939953801429807,14.940142972969713,0.24902583641883497,0.1741918390204341,0.20297457879506087,0.21885009420684573
51,51,70.3549,10.171,54,11.1197,0,138,126,6,128,6,1.00011,73.27308,0.0,0.0,8.28571,8.461,8.43586,0.0,0.0,130.0,67.17547,0.0,0.43,1.737,-1.0,0.001901,0.2400522498321343,0.5381919525290267,0.27080513512260396,1.5527045375087603,95.01499275052024,89.4070898309831,66033.72233705597,5.121994768414412,102.82146666963312,265.23966205545827,0.22869698883682052,0.4197141019121482,48019.991502885365,13.888117283950617,0.31562235059434146,0.21538453712044248,0.1590630228828386,14.974438890998746,0.24933861649279587,0.1741526012428107,0.2023202857669663,0.21942395261799452
52,52,70.318,10.5475,54,11.831,0,138,126,6,128,6,0.99784,73.21762,0.0,0.0,7.71429,8.464,8.80563,0.0,0.0,131.0,67.15149,0.0,0.43,1.695,-1.0,0.002211,0.24052214896577748,0.5382212876524408,0.2710904072983017,1.5428994059359205,95.02707091494351,87.8846576966318,65988.63606083512,5.202226373387565,102.0169209094555,264.92925846108204,0.22908594056317655,0.4158730609330874,47869.996797820175,14.071180555555555,0.3155396020413665,0.21528396539373926,0.15875091525840157,14.990028663917823,0.24967307989945825,0.17412670408249337,0.20174820119286035,0.22008953667911477
53,53,70.3211,10.6453,54,11.7746,0,138,126,6,128,6,0.99773,73.25334,0.0,0.0,9.25,8.471,9.13319,0.0,0.0,131.0,67.15931,0.0,0.43,1.561,-1.0,0.001502,0.24123747216073035,0.5379211594477489,0.271432095522858,1.1386763359072558,95.02759582047702,90.40848270124162,66063.43162195043,5.256359928852484,102.3488245726997,264.62745390661297,0.22961459674827192,0.41587306093308607,47788.27132683816,14.249807098765432,0.3154973518931292,0.2152187918355296,0.15843221745232297,15.003600697458527,0.2500790410011817,0.17411483323562976,0.20190404907145532,0.22072974174533322
54,54,70.2745,10.3944,54,12.2776,0,138,126,6,128,6,0.99995,73.22523,0.0,0.0,7.67857,8.478,9.22247,0.0,0.0,131.0,67.16747,0.0,0.44,1.612,-1.0,0.001397,0.2418946428847439,0.5382454762629753,0.2718407930579903,1.7926287088439188,95.02922195873433,88.11588687543902,66121.98844364402,5.301466074089527,102.06941478623085,264.3241252718078,0.23003812753012653,0.4158730609330898,47748.355699872256,14.464216820987655,0.3155484504321427,0.21520020902031603,0.15806846490474902,15.037335054374035,0.2505192895745508,0.17421293746998553,0.2028194863704123,0.2211409616102021
55,55,70.2709,10.1616,54,12.1022,0,138,126,6,128,6,1.00265,73.22156,0.0,0.0,8.07143,8.459,8.99816,0.0,0.0,130.0,67.14317,0.0,0.43,1.61,-1.0,0.001354,0.24228570054638662,0.5380450195863125,0.2721043625570677,1.7180569719898964,95.01935423717103,88.61162729650977,66171.39968542932,5.247927372329662,102.07154487005691,264.01035016518694,0.23031621412840841,0.4158730609330907,47689.0144092623,14.779176311728396,0.31555100777227835,0.2152810508906572,0.15768417578841798,15.030808248637634,0.2509788430427254,0.17454584667527365,0.20418425187913622,0.22130771226333668
56,56,70.361,10.4978,54,11.6684,0,138,126,6,128,6,1.00267,73.32011,0.0,0.0,8.39286,8.463,8.79652,0.0,0.0,131.0,67.16376,0.0,0.43,1.656,0.12513,0.001277,0.2422739203811351,0.5376439244106094,0.27220023635774193,1.643592678964616,95.01465385387755,89.59284189337686,66225.84491836201,5.203671710146145,102.43394787188534,263.69815408689965,0.23065234137163124,0.41587306093308957,47877.86272490661,14.891444830246913,0.3155904448094925,0.2153041680602122,0.15739933415881247,15.035838562765239,0.25141911392782346,0.17503087948771792,0.20545912624909765,0.22128021367442613
57,57,70.3533,11.1631,54,12.1598,0,138,126,6,128,6,1.00218,73.30082,0.0,0.0,7.78571,8.487,9.08771,0.0,0.0,131.0,67.1574,0.0,0.43,1.616,-1.0,0.000611,0.2420494798341243,0.5381919525290267,0.27226695693545877,1.2977092424435919,95.01707327509172,88.57483731738645,66240.3095684568,5.250691459462185,102.06884381745859,263.38801011277747,0.23072858184330125,0.41587306093309057,47863.96818813095,15.054253472222221,0.3156704409653027,0.21532055536045247,0.15729150741859357,15.066359531732253,0.2518429708128447,0.17575939940088217,0.20634289317753543,0.22125476418941287
58,58,70.2364,11.0743,54,13.0978,0,138,126,6,128,6,1.00102,73.17567,0.0,0.0,7.28571,8.491,9.66817,0.0,0.0,130.0,67.14861,0.0,0.43,1.648,-1.0,0.002204,0.24173915564483767,0.5375796771478643,0.27228790828626676,1.079748269000355,95.03493123586436,88.66386833276937,66253.99799138079,5.375485221901812,102.40015783892284,263.0709875812817,0.23075307738320483,0.4197141019121466,47673.29357757184,15.231674382716049,0.31573025157017665,0.21532499907090322,0.15730996027437905,15.059140240704572,0.2522139511281518,0.1766973401523762,0.2064867296603705,0.2211697570119068
59,59,70.3006,10.6753,54,12.3229,0,138,126,6,128,6,1.00213,73.24385,0.0,0.0,7.25,8.457,9.59201,0.0,0.0,131.0,67.15169,0.0,0.43,1.584,-1.0,0.002173,0.24149881733275405,0.5369748448935024,0.27214238925336764,0.8936612474803752,95.03687621757572,88.21674406504113,66194.03264639701,5.359019558784055,101.97513893433445,262.7521177386793,0.230655039549862,0.41587306093308657,47693.41478395522,15.416618441358025,0.3158505536586272,0.21537503525348609,0.15732761867273834,15.105576315043884,0.2524991502163049,0.17771838803461065,0.20661692488998407,0.22126561855184104
60,60,70.444,10.5316,54,12.1752,0,138,126,6,128,6,1.00188,73.38007,0.0,0.0,7.57143,8.411,9.24264,0.0,0.0,131.0,67.16273,0.0,0.43,1.664,-1.0,0.002234,0.24078899633773274,0.5378884187958459,0.27186592034243584,1.458056500878463,95.01780075011949,89.28503155338159,66203.65413591298,5.308390522033357,102.16574957064155,262.4417338733635,0.23067030987245193,0.41971410191214503,47946.05201059198,15.67920524691358,0.31595431204994906,0.21525058991905857,0.1571335797059815,15.10084307635272,0.2521134526646996,0.17861536235004016,0.20655507401024426,0.22190842825846405
61,61,70.4464,10.723,54,11.8219,0,138,126,6,128,6,0.99962,73.38949,0.0,0.0,6.67857,8.434,9.11892,0.0,0.0,131.0,67.14422,0.0,0.43,1.651,-1.0,0.002133,0.24027309524710902,0.5381919525290267,0.2716774482738737,1.682524553483736,95.00566637911687,87.84121878948011,66226.97113058016,5.258197949163031,101.97733582463712,262.12198779016757,0.2305799602664734,0.4158730609330868,48063.217474628014,15.85619212962963,0.316104514317851,0.21512497873062417,0.15687826023038273,15.096228140371817,0.25172678102500906,0.17941339510644874,0.2066175122977546,0.22264467490587286
62,62,70.6032,10.6841,54,12.2365,0,138,126,6,128,6,0.99627,73.53275,0.0,0.0,4.78571,8.424,9.28546,0.0,0.0,131.0,67.15818,0.0,0.43,1.595,-1.0,0.001583,0.2396008566855905,0.5376215574163765,0.27155265914395926,1.7806963532081943,94.99126720861234,87.87843909751342,66165.5621506529,5.27957137834533,101.51368468359588,261.80209772516093,0.23045320974285163,0.4197141019121477,48324.27410016864,15.967930169753087,0.31623474902696586,0.21502097989314498,0.15668206943869104,15.098560097776815,0.2514194601290698,0.18012954438947065,0.20640191033081146,0.2234872905180617
63,63,70.5809,10.7772,54,12.5228,0,138,126,6,128,6,0.99565,73.51214,0.0,0.0,5.71429,8.403,9.2603,0.0,0.0,130.0,67.14784,0.0,0.43,1.563,-1.0,0.001917,0.23911459376113564,0.5374883838185295,0.2714321506783827,1.5607830591353526,94.9940462815369,87.99185284084578,66168.05010567082,5.256743706109145,101.83733546486742,261.48185830499096,0.23020045368891595,0.41971410191214753,48257.69382470991,15.965133101851851,0.3164688423102302,0.2149137259113565,0.15647510583405203,15.121203387225115,0.2511416325862656,0.18082710688347095,0.20644509156775345,0.22461148647367515
64,64,70.5333,11.0751,54,12.7984,0,138,126,6,128,6,0.99412,73.45625,0.0,0.0,8.53571,8.413,9.33372,0.0,0.0,130.0,67.1326,0.0,0.43,1.562,0.125,0.001872,0.23883575665966422,0.537465669750248,0.27143374473547094,1.5643310173541591,95.0073029465851,89.22583259886014,66129.38308533811,5.274718243918469,101.93823808889707,261.1725997237326,0.22996894431024362,0.4158730609330888,48120.374796085045,16.08521412037037,0.3166872106919801,0.21476605899536497,0.15623121895616943,15.136509459695699,0.25079836771318403,0.18153233342742647,0.20650840925811315,0.22575968070513358
65,65,70.5433,10.7369,55,12.7115,0,138,126,6,128,6,0.99872,73.48425,0.0,0.0,9.03571,8.454,9.58909,0.0,0.0,130.0,67.14598,0.0,0.43,1.542,-1.0,0.000673,0.23877256856226814,0.5374930114725087,0.2717109440617555,1.2641927971715805,95.01641400088964,90.279494600998,66046.04983512555,5.329957035570625,101.37613561989963,260.85600570567993,0.2298870877395736,0.41971410191214503,48058.664825843174,16.26220100308642,0.316810478403161,0.21478661147072942,0.15587396797196484,15.1644287109375,0.2503963295854964,0.18243949925655492,0.20655618840650536,0.22681528528845363
66,66,70.5767,10.9678,55,12.4975,0,138,126,6,128,6,1.00012,73.52241,0.0,0.0,7.17857,8.445,9.30237,0.0,0.0,130.0,67.10047,0.0,0.43,1.558,-1.0,0.001402,0.23844649434189893,0.5369909110157614,0.2719543861085079,1.2609195557748722,95.00213500123225,86.48919167518304,66060.80931153048,5.267422254216773,101.7403477773708,260.53903295861096,0.22981340732378047,0.4180906869763145,48093.39649662781,16.357253086419753,0.3169917563817279,0.21479012791911167,0.15553468737920553,15.170781076690298,0.2500065752972764,0.18339396756900972,0.20671619527887902,0.22768839317311088
67,67,70.597,10.8473,55,12.8993,0,138,126,6,128,6,1.00167,73.5688,0.0,0.0,6.67857,8.45,9.49698,0.0,0.0,131.0,67.11131,0.0,0.43,1.553,-1.0,0.001505,0.23832144257606572,0.5370901484844273,0.2720661226969953,1.1716461046447957,94.9904086958867,86.52704601834832,66067.35291510458,5.3272949245096015,101.47343170330602,260.2292880062085,0.22970995141273048,0.4158730609330947,48214.486923088116,16.37037037037037,0.3171878304417618,0.21477339170319282,0.1551582766168402,15.154437783323688,0.24963964797261287,0.18420778024360696,0.2069011134158243,0.2282605499614496
68,68,70.5033,11.054,54,12.8422,0,138,126,6,128,6,0.99872,73.48524,0.0,0.0,7.60714,8.476,9.39619,0.0,0.0,130.0,67.07436,0.0,0.43,1.65,-1.0,0.001342,0.2386202869157737,0.5367417889765457,0.2721115646941851,1.4847494291217922,95.0032938591245,90.20078740088574,66096.1357229989,5.321398124819193,101.52053911701807,259.90826831860727,0.22958608464856245,0.41587306093308823,48006.395403955954,16.42554012345679,0.31731010492558587,0.21475784869794048,0.15469383460136577,15.179680718315971,0.24919681711019392,0.18477054618110134,0.2070714213663455,0.22873257264797173
69,69,70.3938,10.9167,54,13.4884,0,138,126,6,128,6,1.00006,73.36663,0.0,0.0,7.17857,8.464,9.57397,0.0,0.0,131.0,67.0648,0.0,0.43,1.66,-1.0,0.000936,0.23901637051511623,0.5370535438800456,0.27210752978838626,1.1013042594273081,95.01054002028621,89.7736330313567,66089.87516466276,5.366382743884191,101.93667469620618,259.5925892268141,0.2293685778753806,0.41587306093308807,47702.853421317166,16.494068287037038,0.31739817553581035,0.21476607657975927,0.15409099611923946,15.193152910397375,0.24886792712845757,0.1856388465204607,0.20712901218123167,0.2288822585405817
70,70,70.3672,11.7483,54,12.9789,0,138,126,6,128,6,1.00072,73.3319,0.0,0.0,7.46429,8.492,9.45604,0.0,0.0,131.0,67.05657,0.0,0.43,1.536,-1.0,0.001321,0.23942877627856093,0.5370311565490191,0.27193597086597043,0.9795574148566797,95.01576341651744,87.72967338168974,66066.77231493752,5.355815530683818,101.49526044972232,259.2724019001232,0.22890932092590266,0.41971410191214703,47619.15555344078,16.541425540123456,0.3175973574202303,0.21483622253960022,0.15357969820008818,15.1899191773968,0.24876838771915932,0.18663366839327855,0.20690774678793877,0.2288194529915857
71,71,70.3203,12.0338,54,13.6773,0,138,126,6,128,6,1.00321,73.27458,0.0,0.0,5.78571,8.492,10.18188,0.0,0.0,131.0,67.05626,0.0,0.43,1.606,-1.0,0.002573,0.23963483522752596,0.5358195092533622,0.27160685929610007,1.5273601816594942,95.02180164742406,88.303817900031,66120.22257233996,5.463847935224703,100.92302916022068,258.95189463187035,0.22843451515203153,0.41587306093308835,47646.482010055865,16.834394290123456,0.31780632325234504,0.2148105380155407,0.1531147864292267,15.23561868549865,0.2488656420121579,0.18743357329408988,0.20675195601394677,0.2288602610370388
72,72,70.3947,11.4838,54,13.3775,0,138,126,6,128,6,1.00728,73.30636,0.0,0.0,8.85714,8.482,10.43368,0.0,0.0,130.0,67.04472,0.0,0.43,1.71,0.12551,0.001191,0.23976037607271775,0.535624129159552,0.27120765032975436,1.4200741595478588,95.02716164330272,87.72027222323806,66130.22721459989,5.487135072045184,101.15643130028144,258.62907262721296,0.2280436622451338,0.4158730609330907,47707.85635673724,16.97902199074074,0.3180136704979792,0.21477417054233766,0.15264378133501744,15.199036586431811,0.24900995171119578,0.1882332248920146,0.20648283980896182,0.22913956732229732
73,73,70.4046,11.352,54,13.4508,0,138,126,6,128,6,1.0059,73.32026,0.0,0.0,6.78571,8.468,9.95286,0.0,0.0,130.0,67.05237,0.0,0.43,1.685,-1.0,0.001203,0.23993119028408655,0.5321397711034215,0.27070251143208013,1.8557913403999584,95.02458392735451,88.42187388276035,65979.50060040543,5.408861378400359,100.92723361820892,258.310037096807,0.2277061109200214,0.4158730609330877,47691.00655085882,17.098186728395063,0.31822784736892495,0.2146011534842597,0.1522080010037128,15.200149347752701,0.24941971028566343,0.18900158953495966,0.20607967863167698,0.22925720373059577
74,74,70.3454,11.3983,54,13.0602,0,138,126,6,128,6,1.00294,73.24261,0.0,0.0,6.03571,8.477,9.83919,0.0,0.0,129.0,67.0481,0.0,0.42,1.611,-1.0,0.000944,0.23995036661043584,0.5219671757139549,0.27012937883065086,1.3733976070770924,95.01534798400029,84.2054659154777,65955.44390790499,5.414353865809643,100.99675193190184,257.98442509847985,0.2273914931400129,0.4174964758689197,47616.480382077054,17.226176697530864,0.31833813494765295,0.2144718396802085,0.1516599130609687,15.19432105547116,0.2499460291471608,0.1896014838757508,0.20574180068155407,0.22923056430288602
75,75,70.3842,11.2743,54,13.0272,0,138,126,6,128,6,1.00185,73.2791,0.0,0.0,6.78571,8.48,9.87881,0.0,0.0,131.0,67.07206,0.0,0.43,1.694,-1.0,0.00145,0.23996517911090287,0.5217799134609787,0.2695789884364891,1.2430581735663513,95.01638104163476,84.2408108017637,65880.14649247269,5.41019667902285,101.03532021102802,257.653874554902,0.2270629034059997,0.415873060933085,47742.10534898791,17.351369598765434,0.3183494865961697,0.21430196108774963,0.15094012731104695,15.219883294753087,0.2506804385278136,0.19015190521510444,0.20539964002495034,0.22925877425671093
76,76,70.3628,11.8583,54,13.1412,0,138,126,6,128,6,0.99547,73.23946,0.0,0.0,8.71429,8.473,9.76254,0.0,0.0,131.0,67.06946,0.0,0.43,1.644,-1.0,0.000928,0.2399847590626021,0.5221190839400218,0.2687507941698715,1.2613740137666336,95.0232417632551,87.81178278490385,65859.34848057675,5.392521744644235,101.04643638920021,257.3308890326625,0.22684302866664388,0.41587306093308546,47734.11450616463,17.484712577160494,0.3183830905119117,0.21409403941872654,0.1502855148971056,15.225160575207369,0.25158909671357393,0.19072032669609446,0.20497231322439252,0.22935287786201103
77,77,70.2932,12.727,54,12.867,0,138,126,6,128,6,0.9947,73.13828,0.0,0.0,9.46429,8.473,10.27495,0.0,0.0,131.0,67.07891,0.0,0.43,1.713,-1.0,0.001479,0.23983106658948,0.5221280933241048,0.2677049856671828,1.2019554204663,95.02620848225887,87.7213395277668,65879.79223771636,5.458866892685479,100.96615211739633,257.00879150929484,0.2265388280235484,0.4158730609330861,47540.36376175552,17.602478780864196,0.31846474332372593,0.21360843965000953,0.14977149117084662,15.240665577076099,0.252451739280128,0.19128838874032675,0.20439666108160784,0.22937038653269454
78,78,70.1803,12.1342,54,14.4802,0,138,126,6,128,6,0.99823,73.00897,0.0,0.0,8.35714,8.5,11.02979,0.0,0.0,131.0,67.07899,0.0,0.43,1.589,-1.0,0.00133,0.23943480442640647,0.5211737140238392,0.2665583081199478,1.2599675035515885,95.05724490052938,86.52148634883045,65761.49520114258,5.582681130716055,101.31073760366895,256.69003146401053,0.226179091794187,0.41587306093308546,47252.15239077902,17.71604938271605,0.31850397196396685,0.21290850101648964,0.14917249868031524,15.254464231891395,0.253336712281048,0.19196177754135316,0.20359096521345985,0.2293398884363228
79,79,70.289,11.1275,54,14.0672,0,138,126,6,128,6,1.00273,73.11826,0.0,0.0,8.21429,8.485,10.52034,0.0,0.0,130.0,67.12031,0.0,0.42,1.591,-1.0,0.000883,0.2387259735406179,0.5082720640830434,0.2652862377286549,1.006120989621565,95.0372833278393,86.4609826797312,65814.23673656509,5.529560508408626,100.89005810981462,256.36504165976584,0.2253603703456621,0.4158730609330868,47483.36047175605,17.839216820987655,0.3185932612315631,0.212290173020101,0.1485347890082531,15.249812938548901,0.25432478555904137,0.19266101804808244,0.20275060585983698,0.22930932748074329
80,80,70.1705,11.0163,54,12.6578,0,138,126,6,128,6,1.00351,73.00748,0.0,0.0,7.32143,8.468,9.64175,0.0,0.0,130.0,67.1084,0.0,0.43,1.564,0.12526,0.000958,0.23787956570435734,0.5129724259900019,0.264106738260981,1.8587731277518151,95.04311956519187,88.3442573790428,65844.56568657512,5.389422492911348,100.43281158744996,256.04732397667397,0.2246130642899316,0.415873060933087,47325.40854750185,17.83690200617284,0.3187242946404429,0.21128954646114015,0.1480095668168425,15.230023231035398,0.2552487437216999,0.1934783474104994,0.2021097716057913,0.2293810532347372
81,81,70.1082,10.5282,54,12.6686,0,138,126,6,128,6,1.00519,72.96856,0.0,0.0,7.85714,8.457,9.54128,0.0,0.0,131.0,67.12479,0.0,0.43,1.769,-1.0,0.000719,0.23698282489117406,0.5132042137639351,0.2629206556870677,1.2531837034390167,95.04605423334735,88.34045750870989,65821.7801701332,5.381788886640796,100.62427085213506,255.72497230004856,0.22392698847881812,0.4158730609330858,47175.93822799973,17.92751736111111,0.31901179554973114,0.21039056202951356,0.1476817808419439,15.2385031617718,0.2561653886945849,0.1946514991315042,0.20181191168251206,0.22956451890082266
82,82,70.1245,11.5602,54,12.5443,0,138,126,6,128,6,1.0014,72.97892,0.0,0.0,8.53571,8.479,9.1145,0.0,0.0,131.0,67.1333,0.0,0.43,1.686,-1.0,0.001122,0.23607795635414122,0.5131943713956152,0.2618470217857477,1.2094679276173186,95.03531287415578,88.56521020235452,65871.81441776079,5.297011189934971,100.49738179454322,255.40887326009334,0.22315394706830688,0.41587306093308735,47237.55043015474,17.90528549382716,0.3193886412320336,0.20952775937008536,0.14728898646720626,15.264066531334395,0.2571483729740577,0.1960509861006097,0.20182433392374338,0.22985276378265324
83,83,70.0153,12.7958,54,13.3799,0,138,126,6,128,6,0.99438,72.82589,0.0,0.0,6.75,8.483,10.0156,0.0,0.0,131.0,67.12045,0.0,0.43,1.772,-1.0,0.001688,0.23498614374557944,0.5078136153171864,0.26079282563061296,1.177319632751212,95.05916380643097,88.35545931775808,65842.11620810283,5.431745867465108,100.35658576698205,255.10140722670815,0.222513143413273,0.41587306093308735,46988.905364194754,17.888840663580247,0.3197887172397925,0.2086394952771436,0.14699804556921953,15.294771359290607,0.25797333058247096,0.1974685056897966,0.20161833785715427,0.23009913254466907
84,84,70.0364,12.3498,54,13.9853,0,138,126,6,128,6,0.99419,72.84419,0.0,0.0,7.60714,8.488,11.09427,0.0,0.0,131.0,67.10652,0.0,0.43,1.819,-1.0,0.00172,0.23394452598192514,0.5036012798585154,0.25985947037429274,1.5499600059858856,95.06971470478109,88.32008229715576,65815.74158561941,5.586612785270825,100.96375376541266,254.79017900759874,0.22175812562649816,0.41587306093308557,46974.43397914417,17.994695216049383,0.3201204307374934,0.2077613218880534,0.1466131798385349,15.294482195818865,0.25857091738497484,0.19903671153895494,0.20097975922710581,0.2300488203620259
85,85,69.9986,11.7258,54,14.1343,0,138,126,6,128,6,0.99984,72.85246,0.0,0.0,6.92857,8.476,10.70631,0.0,0.0,130.0,67.11621,0.0,0.43,1.657,-1.0,0.00123,0.2331920244198096,0.512650088427526,0.25897848859259065,1.1964835030657313,95.06606196116383,88.30149865126262,65763.32168477189,5.5426686037297594,100.79989363394549,254.47803452705733,0.22082736607817915,0.41587306093308785,46897.7318329264,18.133391203703702,0.3207400523131061,0.20701938767470268,0.14635055400771418,15.30018370828511,0.2591277286635319,0.20066381114886686,0.2006436113375448,0.22993665317857964
86,86,69.9312,11.5666,54,13.7836,0,138,126,6,128,6,0.99958,72.79051,0.0,0.0,7.75,8.501,10.15123,0.0,0.0,130.0,67.11182,0.0,0.43,1.598,-1.0,0.002233,0.23223038955385766,0.5126577162629739,0.2581464809386046,1.5288081248909977,95.05614015464134,88.29367319862908,65827.78367751345,5.508424428072328,100.39346147885726,254.1731477934944,0.21988544175931032,0.4158730609330852,46776.55664579959,18.240547839506174,0.32152884631756473,0.2063382363155314,0.1460059742411611,15.326250806266877,0.25972548953661545,0.20235980882511892,0.20071176623253947,0.22981227321372133
87,87,69.9405,11.139,54,13.3868,0,138,126,6,128,6,0.99468,72.80676,0.0,0.0,8.46429,8.488,10.01543,0.0,0.0,130.0,67.10366,0.0,0.43,1.719,-1.0,0.00084,0.23079377404600113,0.5121131852056917,0.2570976859080882,1.547650662458225,95.07676215512667,88.29068461749095,65845.40793622247,5.4960869070518035,100.77858160842283,253.87177985183715,0.2190085074091247,0.41587306093308524,46791.04255013603,18.29272762345679,0.32232291144309355,0.20573425440902257,0.14566747288066606,15.347589940200617,0.2603472437051471,0.20411801357947604,0.20079190435166733,0.22988808102169345
88,88,70.0218,11.338,54,13.6513,0,138,126,6,128,6,0.99578,72.85851,0.0,0.0,8.57143,8.457,9.6464,0.0,0.0,130.0,67.14533,0.0,0.43,1.653,0.125,0.002243,0.22971972731311585,0.513372272202997,0.2560762040608117,1.4680695588016544,95.06926863093534,85.65480794615631,65905.40325287184,5.433975298527799,100.62086935558185,253.5706257697754,0.21809038979497028,0.41587306093308496,46940.28189116866,18.288387345679013,0.32327810285333225,0.20526071607685936,0.1452873623980445,15.376077534239968,0.2608830804413961,0.2058673477354018,0.200810836147819,0.23005845783792794
89,89,70.1581,11.3446,54,13.3515,0,138,126,6,128,6,0.99537,72.97356,0.0,0.0,8.39286,8.473,9.8178,0.0,0.0,130.0,67.13878,0.0,0.42,1.69,-1.0,0.001904,0.22869191476052658,0.5133597548512105,0.25491938988587465,1.864038320706895,95.0536457546314,85.633592206182,65928.05301934516,5.443545253599306,100.29502384306122,253.2680315017911,0.21726405762041323,0.415873060933086,47233.74401072476,18.297743055555557,0.32423192389276123,0.20484533020778822,0.14488032025294978,15.373000156732253,0.26137554102548577,0.2077072761159998,0.20051090458860496,0.23029105303115335
90,90,70.0648,11.7809,54,13.4298,0,138,126,6,128,6,1.00233,72.88902,0.0,0.0,9.03571,8.455,9.81919,0.0,0.0,131.0,67.13768,0.0,0.43,1.657,-1.0,0.000916,0.227043672409798,0.5126577162629739,0.253780192821811,1.3127092633872537,95.07260399589997,85.626056473535,65883.66127796336,5.441531383024293,100.26381392285576,252.9754618580177,0.21622757638991477,0.41587306093308546,47051.587885983914,18.338011188271604,0.3250071651033058,0.20460584930200784,0.1445421613905022,15.382345505702643,0.26184618895039524,0.20954146759730072,0.19967820637076922,0.23039323577873552
91,91,70.0187,12.6066,54,13.7486,0,138,126,6,128,6,1.00184,72.82388,0.0,0.0,7.39286,8.476,10.20379,0.0,0.0,130.0,67.12405,0.0,0.43,1.649,-1.0,0.00101,0.22532967580095037,0.5122783629803909,0.2525144203629008,2.0470700518555196,95.07650933973729,85.98529817202825,65864.68192367398,5.488507944542353,100.08441868145141,252.6858299390388,0.21512861631231422,0.4158730609330872,46958.04578402266,18.414255401234566,0.3255076722087947,0.2044681600428351,0.14425288282579096,15.414146705910012,0.2622195725677824,0.21113880313953365,0.1980738452632189,0.2305536703896751
92,92,69.9818,12.517,54,14.1014,0,138,126,6,128,6,0.99981,72.78613,0.0,0.0,7.17857,8.498,10.91888,0.0,0.0,131.0,67.13857,0.0,0.43,1.704,-1.0,0.0013,0.2236529415319454,0.5123194158308331,0.2511150465132462,2.005378150976566,95.06988939378923,85.96804745961322,65764.98738397849,5.586114089520726,99.85335640601258,252.38589366283867,0.21396859420815872,0.41587306093308735,46830.55594793889,18.48509837962963,0.32597436246112965,0.20437524161979795,0.14386578726812924,15.435165405273438,0.2623982216788478,0.21274022507791465,0.19629207201839352,0.23062013247534913
93,93,70.0202,11.8827,54,14.8725,0,138,126,6,128,6,0.99772,72.80994,0.0,0.0,8.5,8.502,10.83799,0.0,0.0,129.0,67.16564,0.0,0.43,1.696,-1.0,0.001674,0.2219310127496192,0.5125300882429822,0.2495614895369841,1.6927881884330396,95.07479744932347,90.19096496658278,65676.88178156874,5.597809482334532,99.94604759573278,252.09042714028442,0.21285488662727114,0.41587306093308557,46844.003976520944,18.601176697530864,0.3264056760062848,0.20437061117437497,0.14339785934598,15.406149970160591,0.26255840722140655,0.2144254068713189,0.19489517165429726,0.23045992040679372
94,94,69.9777,12.0869,54,13.913,0,138,126,6,128,6,1.00017,72.76538,0.0,0.0,6.64286,8.498,10.28693,0.0,0.0,130.0,67.16156,0.0,0.42,1.591,-1.0,0.001414,0.2204581369225243,0.5123666143175688,0.24784340278852038,2.0444618306121094,95.0908699277693,90.64724805401605,65689.83544285271,5.507254118844231,99.81389420583015,251.79404829564936,0.21177212529087958,0.4158730609330863,46736.56185748594,18.686631944444443,0.32682951299115426,0.20440780560087787,0.143013444419809,15.413182199737172,0.2626543248163165,0.2160487110548327,0.19382854828322446,0.23031910099740907
95,95,69.9283,11.8302,54,13.4728,0,138,126,6,128,6,1.00006,72.71329,0.0,0.0,8.71429,8.505,10.46752,0.0,0.0,131.0,67.18036,0.0,0.42,1.622,-1.0,0.00133,0.21906329089117096,0.5086880631487889,0.24584045439634847,2.1284771192573655,95.08504392268925,87.19139050107415,65717.54641508126,5.552528414282044,100.31440490621489,251.5048589513196,0.21053104325234587,0.4158730609330856,46715.98614381985,18.75168788580247,0.3272270631877275,0.2045280440782258,0.1425026149813498,15.418805911217207,0.26259423342930144,0.21751764126233453,0.19264871546565276,0.23011712405040466
96,96,69.8379,11.4554,54,13.9007,0,138,126,6,128,6,1.00078,72.64747,0.0,0.0,9.32143,8.491,10.24545,0.0,0.0,132.0,67.1754,0.0,0.42,1.723,0.12513,0.001407,0.21793336890460452,0.5130361553248751,0.2439132380980859,2.638740343648535,95.08399831436223,89.01824431901318,65779.6484228715,5.537342033553056,99.97866455542281,251.22368670657855,0.20926070501702435,0.4158730609330863,46597.33092772153,18.837432484567902,0.3274646313274831,0.204679346608276,0.14187524199191412,15.464546862943674,0.26246141731604106,0.2190969909976249,0.19172760045329473,0.2299585731839338
97,97,69.8481,11.6929,54,13.4693,0,138,126,6,128,6,1.00156,72.63783,0.0,0.0,9.03571,8.49,9.92032,0.0,0.0,131.0,67.17798,0.0,0.43,1.698,-1.0,0.001434,0.21693086949941368,0.5041152275709336,0.24213069482767646,2.1171139720330925,95.09581174714882,88.94344151328033,65810.93313993982,5.468217566673942,99.92201753647151,250.9318266610273,0.20780800083331102,0.41587306093308585,46505.43924781839,18.838011188271604,0.3276073322379905,0.20492726842050596,0.1412860306265834,15.429376107675058,0.2623717462067068,0.2206418320240533,0.19175959854443114,0.2299145840416468
98,98,69.8458,11.9579,54,13.9357,0,138,126,6,128,6,1.00028,72.61545,0.0,0.0,10.28571,8.49,10.12592,0.0,0.0,131.0,67.20037,0.0,0.43,1.588,-1.0,0.001129,0.21596673682108922,0.5039224669465584,0.24044344717410018,1.5505339925489094,95.10491008633046,88.9626348469098,65794.95345814111,5.501281080343792,99.61867800325098,250.6493181535754,0.2062671220478031,0.41587306093308624,46523.567319815884,18.903838734567902,0.32761605831720914,0.2051955780220314,0.1407338988139933,15.429784327377508,0.26236065088464755,0.2222742179639075,0.1922074321718535,0.229936616570577
99,99,69.8154,,54,14.4286,0,138,126,6,128,6,1.00337,72.56171,0.0,0.0,10.82143,8.473,10.3591,0.0,0.0,131.0,67.18662,0.0,0.42,1.834,-1.0,0.000979,0.21476246362688964,0.5033356336424433,0.23892986277870737,1.710809630639343,95.1098836634908,88.9213993333382,65820.96975261919,5.514820333678805,99.78525958579158,250.36770986183515,0.20460220114841018,0.4158730609330849,46458.475391815344,18.926890432098766,0.32741867622859905,0.20544910776235314,0.14028401210637445,15.427377959828318,0.2623803624889554,0.22373572866719427,0.1925020005724304,0.22979828206801203
