,frame_number,SITI.SI,SITI.TI,VCA. E,VCA. h,VCA. epsilon,VCA. L,VCA. avgU,VCA. energyU,VCA. avgV,VCA. energyV,AGH.Blockiness,AGH.Spatial Activity,AGH.Letterbox,AGH.Pillarbox,AGH.Blockloss,AGH.Blur,AGH.TemporalAct,AGH.Blackout,AGH.Freezing,AGH.Exposure(bri),AGH.Contrast,AGH.Interlace,AGH.Noise,AGH.Slice,AGH.Flickering,cambi,cubcol.0,cubrow.1.0,staticness,cubcol.0.6,temporal,blockiness,cubrow.0.6,blur,cubcol.0.3,saturation,cubrow.0,noise,cubcol.1.0,cubrow.0.3,uhdhdsim,tone,fft,contrast,cubcol.0.5,cubrow.0.5,movement,color_fulness
0,300,73.4873,14.394,75,0.0,0,115,121,21,131,24,1.01304,71.46965,0.0,0.0,1.14286,3.275,0.0,0.0,0.0,125.0,58.9363,0.00106,0.6,1.542,0.0,0.022087,0.08635229762572721,0.30937898942894604,487.7704697468843,0.2836677719853157,0.0,4.194618913093416,0.24106872315576872,39923.49520978965,0.3434448950856844,39.90174074526187,0.2615502835892489,1.0209124401584349,0.13468498455235806,0.23994350922106253,82.40874899236508,0.9015545098039217,76851.181959473,96.38302731639894,0.3529580104830641,0.24118188809529376,0.0,145.27777010201805
1,301,72.5954,14.6746,75,20.8718,0,115,121,21,131,24,1.01531,70.71784,0.0,0.0,0.89286,3.293,12.3871,0.0,0.0,125.0,58.8844,0.00117,0.59,1.589,-1.0,0.034159,0.08530039395742568,0.2973346696843009,483.0848621409957,0.23800431994619975,4.989602856994201,3.8804259475860006,0.23729204991822625,38498.726059368564,0.2531257166433254,39.970375343605326,0.22844749065680758,1.0291887332239609,0.1336877930468069,0.2253018590225405,82.54719718688035,0.9001811764705883,76542.45988783182,96.3730856404176,0.31327532523427754,0.23496018890713152,6.056327160493828,145.16842162001848
2,302,73.0702,14.3386,75,21.7444,0,115,121,21,131,24,1.01756,71.1854,0.0,0.0,0.92857,3.291,12.62504,0.0,0.0,125.0,58.88095,0.00123,0.6,1.801,-1.0,0.029104,0.08463714101124066,0.28985161608186905,479.0638559260991,0.2263232182833722,4.992465886856919,3.4384357004450856,0.23443745980972075,39309.807334440644,0.23056062232135982,40.22878915292246,0.23215510675625967,1.0302179370523885,0.13321008658104677,0.21988883473150075,82.43440599457406,0.8992890196078431,76598.80667633678,96.14401028327809,0.30525114383783913,0.23365095252244825,5.671826774691358,145.2366126984383
3,303,73.2469,14.7455,75,20.5501,0,115,121,21,131,24,1.01858,71.32454,0.0,0.0,0.42857,3.277,12.33837,0.0,0.0,125.0,58.96504,0.001,0.59,1.717,-1.0,0.025692,0.08466529443477433,0.28558218936620544,475.6648363217514,0.22236769737111853,4.958077238173217,3.5845148126653594,0.23455441319222084,39833.5442636984,0.2278356082900746,40.289989518530575,0.2296425171684562,1.0314063592671936,0.1331613154331568,0.21651630147813727,82.40386524698137,0.9000270588235294,76796.85108550021,95.89863931634326,0.3008562133118919,0.23362435103525114,4.8385898919753085,145.14007903412875
4,304,73.285,14.9313,75,21.3274,0,115,121,21,131,24,1.01801,71.34041,0.0,0.0,0.71429,3.273,12.68714,0.0,0.0,125.0,58.9217,0.00122,0.59,1.762,-1.0,0.024545,0.08460007433042115,0.28092607769150507,473.1164287549691,0.21729876116514818,4.9819782921234514,3.840047537588401,0.2344083713672512,40268.82233103541,0.21649608414414748,40.44101423098717,0.22982381789209555,1.0336239853104179,0.13331840053856767,0.21361137085791118,82.4711405166871,0.8996960784313726,76770.96259741599,97.89869354439332,0.29716196871629336,0.23329797322228107,4.190441743827161,145.36048191574514
5,305,73.9132,15.1292,76,21.4205,0,115,121,22,131,24,1.01024,71.91479,0.0,0.0,1.03571,3.264,12.8469,0.0,0.0,125.0,58.79856,0.00116,0.6,1.719,-1.0,0.02649,0.08451957369981618,0.28023485213101823,471.3596279576853,0.21498719458962137,5.047984273200485,3.853396968201823,0.23412636066056167,41116.611744635506,0.21286834643217953,40.38646462522907,0.23117727073032787,1.03421819641781,0.13350517411860316,0.2119357288609863,82.32997346785763,0.8992890196078431,77021.1133547114,97.99408703173417,0.2946955410820745,0.2327100537640346,4.268566743827161,145.551973485337
6,306,73.6028,15.794,76,21.153,0,115,121,22,131,24,1.01771,71.66328,0.0,0.0,1.42857,3.277,13.01059,0.0,0.0,125.0,58.74185,0.00126,0.59,1.645,-1.0,0.02798,0.08461679133788734,0.27491673322088384,469.9661604052269,0.21610821485703613,5.111429388238333,3.7570456995984958,0.23368010737885275,40559.19451835037,0.2078654596698191,40.52819843056761,0.23627040919729134,1.0336239853104143,0.13335200721555218,0.21151899080233608,82.34862947823731,0.8986780392156863,76728.40255182175,98.23152671786879,0.2905732521791702,0.23306942692548407,4.60570987654321,145.64014484979393
7,307,73.2511,15.845,75,21.736,0,115,121,22,131,24,1.01854,71.34077,0.0,0.0,0.85714,3.29,13.58324,0.0,0.0,125.0,58.63427,0.00117,0.6,1.886,-1.0,0.026853,0.08464795855469433,0.27221234912391634,468.39496501661256,0.2158812300500597,5.173168636311012,3.2384210660078345,0.23392262565534058,39967.500771223866,0.20613569475701396,40.423311209972994,0.23409173661295626,1.0314063592672016,0.13345610809384154,0.2116185989881401,82.40265659606965,0.8987078431372548,76546.22861363586,96.20315000182153,0.2862145302148232,0.2333578069278439,4.930748456790123,145.78691628116025
8,308,73.9667,15.7747,76,22.4215,0,115,121,22,131,24,1.01865,71.92902,0.0,0.0,0.75,3.294,13.62496,0.0,0.0,125.0,58.56908,0.00132,0.6,1.887,0.16461,0.034714,0.08460400506168043,0.26900011428970716,466.88830018167647,0.21472627586489393,5.201736717589157,3.4039154079459797,0.23372907775471843,40630.79225886384,0.2033191824278245,40.33587759512442,0.23706253827010595,1.0297829443313595,0.13328933504202073,0.21209496191905716,82.32059727606043,0.8995341176470588,76418.24365119677,98.15151750054423,0.28340558525054377,0.23357870002486542,4.925684799382716,146.0689062654863
9,309,73.709,15.7964,75,23.8612,0,115,121,22,131,24,1.02165,71.70504,0.0,0.0,1.75,3.283,13.56543,0.0,0.0,125.0,58.55375,0.00128,0.59,1.755,-1.0,0.037742,0.08454753515704552,0.26801512537617683,465.59571965365734,0.21278211015474308,5.143616662813355,2.5651504391810147,0.2335165269439852,40397.132353367866,0.20114921972987077,40.32071619857977,0.23935000419946556,1.0275653182881284,0.13326718990158223,0.21172535635665013,82.39848917835106,0.9005933333333334,76485.8265065451,98.11900037914137,0.28058828602559,0.23373154604575264,4.232880015432099,146.4250379772846
10,310,73.8458,15.0684,75,22.4486,0,115,121,22,131,24,1.0161,71.82841,0.0,0.0,2.46429,3.283,13.59144,0.0,0.0,125.0,58.69168,0.00113,0.59,1.759,-1.0,0.030315,0.08449224214370174,0.2664792175535906,464.45976858808154,0.21204023052618692,5.135674060111051,3.0149161276695016,0.23374805364458834,40421.77842881604,0.19594706237499432,40.22324908221209,0.23954181833369387,1.0170713991793798,0.13320865666725357,0.21196809469319042,82.40070690754007,0.9041603921568627,76541.98011861129,98.45081889183957,0.27826242959605146,0.2340761190895024,5.5390625,146.78215771228892
11,311,74.3424,14.8745,76,21.3757,0,115,121,22,131,24,1.02759,72.28709,0.0,0.0,0.96429,3.275,12.97049,0.0,0.0,125.0,58.7535,0.00115,0.6,1.922,-1.0,0.028455,0.0845011306746836,0.2650888476288679,463.3162363551335,0.21200802013065848,5.060261374422189,2.766612383525902,0.2338538354533996,40515.14313286212,0.19447904821620166,40.259527135778356,0.24535444738409248,1.0186948141152044,0.13323211088788028,0.21199528547053972,82.26480136668809,0.9048317647058823,76112.20588950044,96.3012691090376,0.27637989311383754,0.23432617293146624,5.518663194444445,146.61853320820677
12,312,74.0456,14.9099,76,20.9246,0,115,121,21,131,24,1.02832,72.03213,0.0,0.0,0.82143,3.272,12.80698,0.0,0.0,125.0,58.80588,0.00147,0.6,1.852,-1.0,0.032748,0.0844945843575577,0.2643198680021173,462.15150605810624,0.2109237860415748,5.058636786156845,2.6330309473609916,0.233960329425114,40076.20500254249,0.1925668336103099,40.298718676155,0.24829598919823284,1.024753481137494,0.13308323796366786,0.21207841577516354,82.26307987248254,0.9048317647058823,76456.12208546553,97.80717937458637,0.27452002258735564,0.23447906144279623,4.606770833333333,146.57828007921069
13,313,73.5542,15.4767,75,21.0864,0,115,121,21,131,24,1.02086,71.59399,0.0,0.0,1.07143,3.27,12.83608,0.0,0.0,125.0,58.78869,0.00129,0.6,1.886,-1.0,0.032633,0.08453679755147446,0.26367556430658384,460.9442227073145,0.20890393829557896,5.0646460833749956,2.7892446518305367,0.23406742820470264,39313.22087415625,0.19021702519726905,40.32820204746576,0.24753128453128673,1.0263768960733328,0.13287979199556227,0.21251992022805943,82.35433617871925,0.9033576470588236,76559.39221858402,98.37067600883952,0.2730116138439473,0.23458578171422578,4.168258101851852,146.44981737766335
14,314,73.6401,15.434,75,22.127,0,115,121,21,131,24,1.03733,71.71138,0.0,0.0,1.35714,3.26,13.31377,0.0,0.0,125.0,58.60783,0.0013,0.59,1.99,-1.0,0.030071,0.08469387587124626,0.26244536637143573,459.78362388301105,0.20705282752508175,5.106743523127848,2.204463922805515,0.23401746332979662,38935.97367166486,0.18854487828866084,40.1104736328125,0.24934527927896344,1.0261593997128107,0.13276292842485882,0.21280518255497108,82.23195850837928,0.9009556862745098,76379.97125963974,98.01103347891005,0.27206023495462084,0.23470318337037896,3.720148533950617,146.4968590731841
15,315,73.0473,15.5921,75,21.8522,0,115,121,21,131,24,1.02779,71.12849,0.0,0.0,1.39286,3.262,13.27561,0.0,0.0,125.0,58.63296,0.00132,0.6,1.928,-1.0,0.034424,0.08468677156436398,0.26230825460717144,458.6176355833394,0.20546604716841663,5.121830248444261,2.3682232361903073,0.2341397073526401,38372.8630191857,0.18688570645587868,40.2233379976249,0.251816195258841,1.0253476922448954,0.13272865155975375,0.21263086071908435,82.36476176363851,0.8990212156862746,76347.05567469478,96.30911271127214,0.27092072447033483,0.23481526049286958,4.365499614197531,146.5660212392997
16,316,72.8723,15.6146,75,21.2461,0,115,121,21,131,24,1.019,70.97101,0.0,0.0,1.10714,3.262,13.4129,0.0,0.0,125.0,58.68371,0.0014,0.59,1.816,0.1677,0.029244,0.0846604317350201,0.26229019825958527,457.4658729742352,0.2038862949472551,5.091789509489823,2.4769973041244584,0.2341049574505538,38198.471600054094,0.1846415341534523,40.11820908534674,0.2527261384000098,1.029782944331357,0.1326306259143553,0.21242764513043813,82.36926667583924,0.9009556862745098,76332.04640658863,98.06238531074371,0.26947313766221603,0.23489515381175272,4.628713348765432,146.84322768767152
17,317,73.288,15.8075,75,20.5583,0,115,121,21,131,24,1.01853,71.37587,0.0,0.0,1.0,3.247,13.43709,0.0,0.0,125.0,58.51497,0.0013,0.59,1.771,-1.0,0.022786,0.0846311203833286,0.2630519462452996,456.4314888386837,0.20243511450191687,5.04226701608737,3.0818304265156864,0.23414658455529588,39226.601907144264,0.1829177115493013,40.27644574200666,0.2513199295132011,1.0336239853104114,0.1327059020732827,0.21242836180395494,82.33891832746505,0.8989984313725491,76527.61651492777,96.5434092887592,0.26856384376338627,0.2349512045676776,4.458670910493828,146.7252778813323
18,318,73.979,17.9882,76,22.955,0,115,121,21,131,24,1.01532,72.03714,0.0,0.0,1.0,3.246,13.59399,0.0,0.0,125.0,58.41682,0.0014,0.6,1.95,-1.0,0.027645,0.08461086263966788,0.2647088984672817,455.46896752332725,0.20150217626714173,5.036437702633706,2.789955168871416,0.23424236830475678,41488.1408563555,0.18156176943523505,40.25067082157842,0.25017872699086413,1.0374650262894802,0.13271056830623057,0.2127635616517752,82.30364966679126,0.8973054901960784,76880.2072626264,96.59212799494094,0.26798310202958003,0.2351376055376976,4.470968364197531,146.66239976538682
19,319,75.0928,19.102,77,22.7544,0,115,121,22,131,24,1.01605,73.08207,0.0,0.0,0.67857,3.275,15.46391,0.0,0.0,125.0,58.47506,0.00123,0.6,1.833,-1.0,0.034757,0.08461972791230207,0.2647221092785655,454.53075261102504,0.20065987613023942,5.082814782041452,2.0693867999057822,0.2341690392911613,44189.288974220835,0.18050669853359538,40.186843495310086,0.24949749103616753,1.0457413193549991,0.13270994517592177,0.2130857268516597,82.18984538480575,0.8979007843137256,77083.60672207469,96.82885824496,0.2690781943706779,0.23539482174685267,4.690779320987654,146.7081223008298
20,320,74.4973,17.5604,77,24.326,0,114,121,21,131,24,1.02677,72.52688,0.0,0.0,0.78571,3.267,16.42427,0.0,0.0,125.0,58.26478,0.0013,0.6,1.844,-1.0,0.030427,0.08454712856901352,0.2655348910455246,453.58362299485196,0.19965514028718392,5.159460669558415,1.8759063888774892,0.23421771188889262,42975.377994786824,0.17927936168585784,40.19760207187982,0.24858557063483377,1.0435236933117773,0.13265254369636928,0.21350027757354298,82.20062437567995,0.8942286274509804,77333.3348238536,95.98284103452342,0.26960308727090376,0.2353384016506677,5.441020447530864,146.723868296521
21,321,74.38,16.5322,76,24.6089,0,114,121,22,131,24,1.02081,72.3974,0.0,0.0,0.96429,3.258,15.10009,0.0,0.0,125.0,58.18963,0.00119,0.6,1.838,-1.0,0.028374,0.08454479015845368,0.2654933944307216,452.66255007497006,0.19907385660115215,5.188183088795159,2.18034297342511,0.23431832363010613,43155.308833696734,0.1777861836973597,40.373979733314044,0.2482448804766299,1.0430887005907374,0.13266591196202462,0.21397266934275713,82.22603752028888,0.8923956862745098,78341.17157558646,95.80090240634658,0.2695552967492415,0.2354151432482945,5.548755787037037,146.8466669194269
22,322,74.396,15.8625,76,22.9375,0,114,121,22,131,24,1.01273,72.4197,0.0,0.0,1.71429,3.241,14.2161,0.0,0.0,125.0,58.20683,0.00136,0.59,1.656,-1.0,0.026207,0.08456352656985719,0.26575925278878076,451.7320167292194,0.19877829866732147,5.165469420224625,2.3038302180869303,0.23438529917454992,43247.63375311858,0.17702486193089698,40.522709222487464,0.24778662300167123,1.0457413193550014,0.13276564943295513,0.21446567740940153,82.21620793411914,0.8928823529411765,78118.72327322394,97.47796828586735,0.2702917921206005,0.23535318465600102,5.436824845679013,147.03904419884717
23,323,74.3999,15.6812,77,23.5348,0,114,121,22,131,24,1.02112,72.48247,0.0,0.0,1.46429,3.287,13.64208,0.0,0.0,125.0,58.219,0.00136,0.59,1.643,-1.0,0.027144,0.08457056835149887,0.2660991182577713,450.8349738910564,0.19872938888649702,5.129727287561502,3.089374402510192,0.23438667911525318,43714.699001620385,0.17659172989812916,40.538618864836515,0.24678382059760853,1.0479589453982363,0.13278586412379573,0.21502940656749822,82.20737388711491,0.8934513725490196,78294.9459655174,97.40319246668814,0.27059963554866373,0.2350033555708017,5.359037422839506,147.1175060175204
24,324,74.242,15.4443,76,23.6552,0,114,121,22,131,24,1.01635,72.38233,0.0,0.0,1.71429,3.272,13.49047,0.0,0.0,125.0,58.21379,0.00136,0.6,1.636,0.15702,0.028046,0.08454747166221328,0.2665627465543372,450.0347259310547,0.19916516321152672,5.091176481349764,2.6773366508455085,0.23446140923102965,43556.27116970393,0.17606247841620487,40.630113954897276,0.24571594916246248,1.0479589453982414,0.13281560622367672,0.21555481722432265,82.27619222722313,0.8928823529411765,78184.83880069066,97.20887797245499,0.2711140784240678,0.2349424804037307,5.504677854938271,147.14967963733164
25,325,74.0732,14.8813,76,22.3356,0,114,121,22,131,24,1.02488,72.23737,0.0,0.0,1.64286,3.256,13.28791,0.0,0.0,125.0,58.18652,0.00139,0.59,1.701,-1.0,0.022583,0.08455803674767795,0.2673391206406342,449.32372414481983,0.19981307783569305,5.070654139661252,2.740732192627362,0.234452683971514,43769.77229545985,0.17587278790451877,40.72652746129919,0.24541174670206864,1.0507707825488675,0.132900342083685,0.2160423380766401,82.26753053317634,0.8923274509803922,78106.16364998414,97.22487942018653,0.27180715509111497,0.2350383472319889,5.839409722222222,147.3020530716875
26,326,73.9151,14.5805,76,20.9618,0,114,121,22,131,24,1.03152,72.08475,0.0,0.0,0.75,3.249,12.80472,0.0,0.0,125.0,58.17271,0.00106,0.59,1.687,-1.0,0.029156,0.08452496804255426,0.2682517203496172,448.65819774220734,0.20055246725157808,5.022230304222643,3.2738815721638086,0.23445595711853545,43911.91860194829,0.17532170321247373,40.734154595269096,0.24548619470724492,1.0501765714414717,0.1329210733645456,0.21635537267757632,82.27038893355325,0.8922819607843138,78069.81358436777,97.2935635686166,0.2728514031159986,0.23506206905667926,5.721450617283951,147.30474329465113
27,327,74.5277,14.4212,77,20.6239,0,114,121,22,131,24,1.03732,72.65303,0.0,0.0,2.42857,3.242,12.55257,0.0,0.0,125.0,58.1702,0.00142,0.6,1.722,-1.0,0.031845,0.08446959056391766,0.2684573839069762,448.0510741971569,0.20043500279164672,5.00217378158259,2.6567448680930164,0.23426911447643833,44937.94364834724,0.17431737295149163,40.54976550443673,0.24563759856967177,1.0451471082476134,0.13289503265256056,0.21678228349642395,82.20375275198954,0.8935345098039216,78367.70412318883,97.48899590592796,0.27401689740685914,0.2350648076703092,5.474151234567901,147.60002460133543
28,328,74.7406,14.2161,77,19.5531,0,114,121,22,131,24,1.01963,72.86884,0.0,0.0,1.78571,3.254,12.41681,0.0,0.0,125.0,58.1455,0.00117,0.6,1.827,-1.0,0.036373,0.0844773825259441,0.26866444767833353,447.5205901687329,0.20083609242359102,4.96287373814212,2.592196186945057,0.23444888159112348,45328.76192926932,0.17440641121415096,40.59385116012008,0.24517694930853307,1.0479589453982385,0.13283909128427104,0.21702877692506423,82.16656632201827,0.8937717647058824,78205.498616997,97.30831141673283,0.27485568380526576,0.23521280097582492,5.237509645061729,147.8283410480159
29,329,74.7392,14.1317,77,19.6974,0,114,121,22,131,24,1.0225,72.92113,0.0,0.0,1.64286,3.263,12.23755,0.0,0.0,125.0,58.12889,0.00124,0.6,1.892,-1.0,0.031749,0.08444282275782809,0.26888831267471086,447.0331233118789,0.20185628319546964,4.958721325207735,2.827533568399769,0.23455722194950362,45390.68063160943,0.17435349344968382,40.51914450563031,0.2446893194356688,1.0495823603340753,0.13281948856691148,0.21735404284219345,82.18321712340958,0.8933831372549019,78022.39416798424,97.97125914995628,0.27518982946558046,0.23532751067890467,5.3304880401234565,147.75601350605453
30,330,74.7608,13.9904,78,18.9155,0,114,121,22,131,24,1.0209,73.01483,0.0,0.0,0.60714,3.239,12.16577,0.0,0.0,125.0,58.11013,0.00123,0.59,1.942,-1.0,0.031187,0.08440321663488089,0.26923083181340474,446.56356635849073,0.20274127059692998,4.9450615381666525,2.8959450841468852,0.2346207567181519,45336.39622067796,0.17498538721170287,40.28963348011912,0.24401680724953392,1.0546118235279265,0.13283815546448177,0.21767527697786168,82.16306911731951,0.8927501960784314,78232.59080334356,95.78255363307578,0.2745932816762384,0.23541599542206662,5.540991512345679,147.8667891610832
31,331,74.6816,13.7358,78,18.7051,0,114,121,22,131,25,1.02801,73.01297,0.0,0.0,1.92857,3.257,12.04313,0.0,0.0,125.0,58.10701,0.00131,0.6,1.892,-1.0,0.03036,0.08438730443666981,0.2697179614560661,446.119700174458,0.20243454452967488,4.914070544189573,3.331206543065873,0.23478462860698793,44922.34522939989,0.17457853902149156,40.28939216519579,0.24392461753275568,1.0602937758033448,0.1328789463763308,0.21783970407322192,82.15743859673762,0.8926705882352941,77749.23049359316,95.88035013775739,0.27507740636906447,0.23557552625816722,5.535783179012346,148.04069085846362
32,332,74.6423,13.6248,78,18.9241,0,115,121,22,131,25,1.03253,73.03705,0.0,0.0,1.03571,3.227,11.82835,0.0,0.0,125.0,58.10767,0.00128,0.61,1.837,0.15882,0.028416,0.08439971599059139,0.2703699398244711,445.7161086260474,0.2026481595575962,4.870177887074452,2.8530690475527725,0.23504935404389407,44905.80402924461,0.17420447043767043,40.28028417516637,0.24476515198070165,1.062888116593456,0.1329180573052233,0.21766812060478025,82.15229660534077,0.8926145098039215,77809.08427717071,97.79000710577218,0.2757751667950552,0.2357080186830969,5.518325617283951,148.2368089581878
33,333,74.6158,13.39,78,18.3108,0,115,121,22,131,25,1.02361,73.04585,0.0,0.0,1.25,3.26,11.72937,0.0,0.0,125.0,58.10758,0.0013,0.6,2.038,-1.0,0.025857,0.08439743846472131,0.27098835912269253,445.3297003816303,0.20346442416326152,4.81777530400566,3.189300947733486,0.23537029308337595,44681.326358117294,0.17375546721342397,40.21120123215663,0.2445493089055845,1.062293905486055,0.13292906470899382,0.21770054234817096,82.2030210448558,0.8924333333333334,77661.32980226773,97.7975591658647,0.276156910962659,0.2357224535330663,5.509837962962963,148.21838941037225
34,334,75.1586,13.1047,79,17.999,0,115,121,22,131,25,1.01953,73.56149,0.0,0.0,1.10714,3.257,11.52984,0.0,0.0,125.0,58.13075,0.00127,0.6,1.958,-1.0,0.031603,0.08438037670942836,0.2718201641085362,444.9614412949986,0.20392345885863278,4.774987846870105,3.8392618675213877,0.2355624057054489,45569.02576110089,0.17358217203463008,40.24851857880015,0.24472729805692273,1.0661349464651162,0.13293609822143088,0.2177143972447936,82.15017083435662,0.8922066666666667,77782.440097308,97.9036321253028,0.27690566309951914,0.23576064353682774,5.476658950617284,148.3978895061189
35,335,75.6577,12.4204,79,16.6759,0,115,121,23,131,25,1.02383,74.01446,0.0,0.0,1.60714,3.245,11.28527,0.0,0.0,125.0,58.15479,0.0017,0.61,1.969,-1.0,0.031909,0.08436926126008397,0.2732341855112659,444.62318943452124,0.2042882719814899,4.710065080167532,3.3131155296794526,0.23556741049256213,46674.85797709374,0.17358934972731138,40.2913771264347,0.2450028420904047,1.0683525725083491,0.1329490131640854,0.21770666439532935,82.11462517343617,0.8924482352941177,77799.8683985993,97.6627920170305,0.27768700212521547,0.23575358352431697,5.505835262345679,148.50576008548762
36,336,76.4321,11.6711,80,15.916,0,115,121,23,131,25,1.02182,74.74346,0.0,0.0,1.07143,3.232,10.70123,0.0,0.0,125.0,58.17997,0.00123,0.61,2.052,-1.0,0.028396,0.08436050343375634,0.2748486499138249,444.2945880253903,0.20494678882463138,4.613996510495896,2.641883106402499,0.23574523840881992,48314.50810231967,0.1733895027943016,40.24794684516059,0.24539066937591156,1.0705701985515768,0.13290901936252603,0.2178621104960361,82.01410029729678,0.8926145098039215,78193.90816862439,97.89744241567548,0.2788821690431734,0.23574821354309364,5.481867283950617,148.4145526389378
37,337,76.5461,12.116,80,13.9661,0,115,121,23,131,25,1.0275,74.86261,0.0,0.0,0.85714,3.233,10.06053,0.0,0.0,125.0,58.18341,0.0012,0.6,1.915,-1.0,0.027878,0.08435563822459766,0.27681369133111505,443.9923504745079,0.20561688488491006,4.468748075483772,2.850627819656612,0.23582340880881505,48529.0550965798,0.17325629003454937,40.23754656756366,0.24576936639998195,1.0705701985515808,0.13294218611228342,0.21801453988296343,81.97992516367988,0.8917619607843137,78250.27661160736,97.91838311031846,0.28054952430796704,0.23573019053216257,5.300636574074074,148.7025493103862
38,338,76.2095,12.7424,80,16.5041,0,115,121,23,131,25,1.02739,74.56338,0.0,0.0,1.42857,3.253,10.44205,0.0,0.0,125.0,58.16663,0.00135,0.6,1.988,-1.0,0.034406,0.08435238073392312,0.2784759699300572,443.704995549811,0.20647167297258476,4.552870249382915,2.7088411548715636,0.23592453285914095,47571.1063695782,0.17334454107616548,40.04358870894821,0.24594300933284485,1.0738170284232476,0.13300246422539086,0.21825804339517788,82.00937690103476,0.8921156862745099,78060.73026144407,97.94615839503491,0.2815057722141493,0.23573545507364202,5.0843942901234565,148.63801688394773
39,339,75.895,13.0797,79,16.6737,0,115,121,22,131,25,1.02787,74.27323,0.0,0.0,0.82143,3.232,10.9721,0.0,0.0,125.0,58.17213,0.00154,0.6,2.048,-1.0,0.029196,0.08434387748048201,0.27932877869002976,443.45228547219,0.20720394084086488,4.658066887353338,2.8988986981077924,0.2360927109107642,47005.120542912446,0.17315226307108533,40.12817834924768,0.2454308630598827,1.0766288655738732,0.133032462425709,0.2184709508617098,82.05227700272695,0.8910101960784311,78126.74037851977,96.34429186593049,0.2818980347247401,0.23554445146277414,5.047405478395062,148.73774051374355
40,340,75.4351,13.4002,79,17.3197,0,115,121,22,131,24,1.02755,73.84177,0.0,0.0,1.25,3.237,11.25907,0.0,0.0,125.0,58.17474,0.00128,0.61,1.891,0.15831,0.032577,0.08438391053810755,0.27994482238430235,443.2065542430608,0.20807518769603936,4.7501644200750475,2.381299873428643,0.23613049891062782,45981.98971359073,0.1728795627535592,40.0448267430435,0.24570914902354662,1.0766288655738754,0.13299382052619615,0.21870556715865952,82.06346995261757,0.8909329411764706,77924.98339582005,97.39378739745659,0.2823656798619745,0.23536937478516767,5.198591820987654,148.70564719280137
41,341,74.8682,13.5296,78,17.6714,0,115,121,22,131,24,1.02932,73.30309,0.0,0.0,1.53571,3.229,11.53202,0.0,0.0,125.0,58.17012,0.00138,0.6,1.843,-1.0,0.024274,0.08437665498362536,0.28065175850786955,442.9722336503596,0.20866966979897672,4.8213670083246,2.3600628429285955,0.2362588004884363,45023.4683516932,0.1729174797018851,40.108096464180655,0.24490306303700338,1.0750054506380375,0.13300663398219253,0.2190605906162887,82.11010587155602,0.8901556862745098,77882.59483354038,95.86992665543782,0.2830157006458597,0.23523682477221203,5.37818287037037,148.84863042430868
42,342,74.9828,13.5424,78,18.3053,0,115,121,22,131,24,1.02433,73.3633,0.0,0.0,2.03571,3.23,11.64481,0.0,0.0,125.0,58.17808,0.00137,0.6,1.895,-1.0,0.023942,0.08438968335518711,0.2812483726200659,442.7254997812203,0.20859344055358217,4.861354888067382,2.661935221030703,0.23638971612548387,45080.30477775848,0.17343096174575387,40.04046442479263,0.2441719090432967,1.0750054506380393,0.13295408143196175,0.21924799417340468,82.08140781294821,0.8899866666666667,77865.46250643537,96.01160113223595,0.28365845733175293,0.23511175688329206,5.544367283950617,148.7773875241978
43,343,75.0733,13.7578,78,18.4572,0,115,121,22,131,24,1.02978,73.39433,0.0,0.0,0.96429,3.219,11.65817,0.0,0.0,125.0,58.15741,0.00123,0.6,1.907,-1.0,0.024676,0.08439650357660332,0.28186623845676134,442.4774430524711,0.2087487676322968,4.891427719625106,2.754988945174517,0.23651260653558806,45279.41655352647,0.17360545948064568,40.00090931080006,0.2440798704520153,1.0721936134874042,0.1329420404117832,0.21956644129858216,82.07752030647154,0.8895490196078432,77849.71554433186,96.13607137099733,0.28384145088298995,0.2350265090204861,5.715856481481482,148.73806431560075
44,344,75.1375,13.9191,78,18.4385,0,115,121,22,130,24,1.0344,73.43338,0.0,0.0,1.0,3.216,11.839,0.0,0.0,125.0,58.12118,0.00135,0.6,1.824,-1.0,0.025795,0.0843893924450374,0.28233001674323255,442.22764800894333,0.20921933384879807,4.927208582961583,2.6626249740114263,0.23653818439167826,45521.10850600995,0.1737953081290579,39.845953858928915,0.24442363899006306,1.072193613487413,0.13291739648856113,0.21980294466949807,82.03931211686465,0.8889125490196078,78261.65438036024,97.88513490839681,0.2832936473191346,0.23497841673620434,5.896122685185185,148.8225265553292
45,345,75.1796,13.98,78,19.7348,0,115,121,22,130,23,1.02538,73.40827,0.0,0.0,0.46429,3.206,11.97621,0.0,0.0,125.0,58.09467,0.00134,0.6,2.027,-1.0,0.025774,0.08438053727759942,0.2826467460394695,441.96543018796956,0.2096025681489235,4.955572456010461,2.2133562856839912,0.23662543343339865,45554.040566586635,0.17424638266526835,40.035698973102335,0.2452851532650156,1.0689467836157482,0.1329247956573704,0.21991575690442325,82.0577586535733,0.8889109803921569,78323.55484227909,97.79218756458603,0.28360945607174953,0.23485455230167232,6.056327160493828,148.75592866125888
46,346,75.2091,14.1387,78,18.411,0,115,121,22,130,23,1.01926,73.39792,0.0,0.0,0.25,3.172,12.02693,0.0,0.0,125.0,58.07502,0.00135,0.6,1.774,-1.0,0.025682,0.08437743696519144,0.2829142851151856,441.67818227267026,0.20948165141703806,4.982735303622608,2.408560554285763,0.2367288559775068,45286.859803206426,0.1749880267892009,40.07276916503906,0.24598285246353294,1.065381516971356,0.1328842642459552,0.22010305201369382,82.0329038103081,0.8886054901960785,78246.11839219226,97.73247556440003,0.2839852066022628,0.23475975220300865,6.276331018518518,148.50458945385213
47,347,75.0818,14.3362,77,19.8152,0,115,121,21,130,23,1.01755,73.27669,0.0,0.0,0.35714,3.165,12.16318,0.0,0.0,125.0,58.05172,0.00124,0.6,1.766,-1.0,0.028873,0.08438673089726684,0.28346372757083316,441.36938282900434,0.20931086674811028,5.040284156431263,2.943603677897411,0.2367846933218761,44458.62861265217,0.17525642168923036,39.8805818910952,0.2468245480228979,1.069975987444171,0.1328226687685133,0.22010191331093112,82.0763482973633,0.8868659803921568,78006.60362522637,97.67079996245198,0.28417837536129115,0.2347919253881561,6.633005401234568,148.50819411575276
48,348,75.1812,14.7163,77,20.1219,0,115,121,21,130,23,1.02719,73.36052,0.0,0.0,0.42857,3.155,12.33453,0.0,0.0,125.0,58.03612,0.00133,0.6,2.034,0.15985,0.026526,0.08441035152066208,0.2841794518782271,441.06705897975706,0.20925112784735422,5.086554111469716,2.489459605861418,0.2368136258938149,44435.916018968266,0.17549416151486347,40.033946096161266,0.24723249408203807,1.0661349464651193,0.1328784870507413,0.22029653272046645,81.99070450038835,0.8857062745098039,78293.4579727386,97.9510040322314,0.28441980214332085,0.2347867537776738,6.888744212962963,148.45558755989668
49,349,75.2852,15.0488,78,20.4758,0,115,121,21,131,23,1.02556,73.47322,0.0,0.0,0.67857,3.157,12.66355,0.0,0.0,125.0,58.03834,0.00131,0.6,1.852,-1.0,0.023655,0.08440450071304374,0.2845999602120272,440.7466848122726,0.20925433855295753,5.113074473821566,2.5515337964831764,0.23687781671421604,44545.932285104216,0.17629482470473695,39.91530015733507,0.24711384700619596,1.0677583614009534,0.13286149671565756,0.22049755992198242,82.02563583867921,0.885883137254902,78476.00025898662,97.94172397655649,0.2845392880620999,0.23485612797429237,7.176842206790123,148.35590309827177
50,350,75.3453,15.226,77,21.5762,0,115,121,21,130,22,1.02606,73.5053,0.0,0.0,0.67857,3.17,12.94748,0.0,0.0,125.0,58.00923,0.00125,0.6,1.905,-1.0,0.026138,0.08439381288998518,0.28479915966577096,440.4070247451793,0.2090767037136612,5.149427304322297,2.627841972299094,0.23687454434246724,44257.91735140118,0.17647550650768712,39.904435711142455,0.24741106052979372,1.0661349464651173,0.13282280470269117,0.2205162491307809,82.01448383226949,0.8861737254901961,78429.39224724963,96.38075564615752,0.2847280427729891,0.23489470268859763,7.297019675925926,148.2852049909687
51,351,75.3482,15.5652,77,23.1873,0,115,121,21,130,22,1.02209,73.47808,0.0,0.0,0.39286,3.141,13.0981,0.0,0.0,125.0,57.96156,0.00111,0.6,1.947,-1.0,0.025087,0.08439610253080777,0.2849599945157584,440.05907467008456,0.20874324371803626,5.16444494682597,2.582874848861252,0.2368416812944642,43825.56457935479,0.1769943367555258,39.663121729721254,0.24678829493047832,1.0639173204218846,0.1328107287378794,0.22055138159053875,81.99985864131222,0.8859329411764706,78079.58152053237,96.50525236887401,0.28510118854611405,0.23489960523125428,7.265094521604938,148.48357234120024
52,352,74.8251,16.1317,77,22.7233,0,115,121,21,130,22,1.02348,72.97944,0.0,0.0,0.21429,3.127,13.38537,0.0,0.0,125.0,57.89554,0.00126,0.6,1.949,-1.0,0.023328,0.08438419722646863,0.2851686610787211,439.7417583847888,0.20840730652610026,5.20425358732975,2.53625537678942,0.23687854242659864,42826.46348605641,0.17686803497150905,39.71585327901958,0.24650714720185926,1.0594820683354265,0.13280600018058467,0.22052327420232354,82.05993193430115,0.8845490196078432,77793.02996161142,97.91105186608968,0.2854534178105298,0.23487064245179204,7.149402006172839,148.4507312837133
53,353,74.7343,17.1673,77,22.2404,0,116,121,21,130,22,1.02703,72.89609,0.0,0.0,0.35714,3.132,13.87237,0.0,0.0,125.0,57.84207,0.0013,0.6,1.892,-1.0,0.027414,0.08440062700789065,0.2854701344355521,439.4455375428656,0.20819681307036234,5.254945327235338,2.746337037575836,0.2369197863175596,42497.792690412774,0.1768044094098962,39.561776055230034,0.24682035319803175,1.0584528645069906,0.13275010935327744,0.2205725668461449,82.07669091376695,0.8841270588235295,77742.39489682761,97.27410666476527,0.2850077965898828,0.23487868903483122,7.260609567901234,148.50003496071236
54,354,75.4362,17.9945,77,23.1851,0,116,121,21,130,22,1.01987,73.55059,0.0,0.0,0.42857,3.135,14.76582,0.0,0.0,125.0,57.8795,0.00104,0.6,1.853,-1.0,0.024064,0.08440452244439489,0.28594521248803295,439.15405129411437,0.20819852373727218,5.26511257519977,2.8938139328176073,0.23693232745026446,43430.54186598937,0.17718122368424843,39.239257058979554,0.24698623984283968,1.062293905486053,0.1327946359546262,0.22056427006654983,82.01238172120077,0.8853823529411765,77554.77129051369,96.55316281423835,0.2849535327805326,0.23489398839450662,7.138551311728395,148.56143732780188
55,355,75.2645,16.6213,77,22.4363,0,116,121,21,130,22,1.02963,73.35456,0.0,0.0,0.25,3.127,15.47539,0.0,0.0,125.0,57.9477,0.00117,0.6,1.901,-1.0,0.024224,0.08441108344005029,0.28650942837584126,438.88798419752675,0.20815085782260384,5.212807954408768,2.560333239421783,0.23689741604201653,42918.13706584552,0.17787860114399776,39.08713371371045,0.24674996668164306,1.0556410273563697,0.13280212842470077,0.22046826894923519,81.99648185834792,0.8859601764705882,77209.37199849334,96.75787835261296,0.28443985268043326,0.2347996233629798,6.900221836419753,148.84944461281214
56,356,74.1745,14.8394,76,21.2328,0,116,121,20,130,22,1.03046,72.3398,0.0,0.0,0.39286,3.125,14.28822,0.0,0.0,125.0,57.89438,0.00124,0.59,1.992,0.15535,0.027716,0.08442851281688736,0.2865842183172057,438.6415777815499,0.2078532443887145,5.133757682852284,2.7347261288983464,0.23682012535403646,40468.667628344105,0.1778341973391329,39.228499801070605,0.24611061412045487,1.0546118235279287,0.1327551677419624,0.22038802218139233,82.1017802433874,0.886461215686273,76838.06976891062,97.31032156245475,0.2840227089197765,0.23477182989635795,6.636766975308642,148.86798071780788
57,357,73.476,15.1398,75,19.8359,0,116,121,20,130,21,1.02608,71.68083,0.0,0.0,0.35714,3.141,12.75907,0.0,0.0,125.0,58.01008,0.00112,0.6,1.778,-1.0,0.023433,0.08442281824592517,0.2865618236058922,438.3841737031025,0.2079677204575974,5.078848519998864,2.869868818717579,0.23673491931883536,38934.329557508776,0.17774849448578395,39.231512940960165,0.2450880510235407,1.0556410273563703,0.1327570783116133,0.22024948613757553,82.21991440801187,0.8892164705882353,76853.81103969448,96.60200593795608,0.283566089385611,0.2348010750739512,6.934895833333333,149.14696448566232
58,358,73.3038,14.795,75,20.7603,0,116,121,20,130,21,1.03062,71.47827,0.0,0.0,0.35714,3.113,13.02264,0.0,0.0,125.0,58.09288,0.00117,0.59,1.715,-1.0,0.02761,0.0844088684615472,0.28637147826650655,438.12895237819504,0.20840254694278515,5.078127251503141,3.0976909422757806,0.23670658502816827,38326.11976083011,0.17724673261731147,39.06433350362896,0.24447733592843687,1.0457413193550078,0.13275064621025398,0.22012639359913663,82.21344632171412,0.8906152941176471,76638.21709754731,96.76406767791791,0.28296284187638504,0.23481096848831298,7.228636188271605,149.2452219920627
59,359,73.2637,15.0171,75,21.5643,0,116,121,20,130,21,1.0207,71.43697,0.0,0.0,0.71429,3.127,12.7235,0.0,0.0,125.0,57.99016,0.00144,0.6,1.772,-1.0,0.03069,0.08441255829454852,0.28630135999080425,437.89999846634623,0.20830913910076446,5.111877175631752,3.378548926901882,0.2366638492958518,37890.99699208644,0.1766562022190463,38.91019543306327,0.2439245428575068,1.043523693311781,0.1327270335315102,0.2199928256884331,82.21862318365811,0.8895490196078432,76221.99228103978,96.9380591943102,0.2823709835519992,0.23474377596664028,7.485580632716049,149.2856841509896
60,360,73.6853,14.5503,75,22.1846,0,116,121,20,130,21,1.02304,71.79055,0.0,0.0,0.96429,3.135,12.91098,0.0,0.0,125.0,58.03427,0.0012,0.6,1.957,-1.0,0.027631,0.08443409341365377,0.2866143576344839,437.69594477091715,0.20806137713623274,5.182252524047224,3.046341952571719,0.23669851686575905,38290.825113630846,0.17619386158223538,38.98196241590712,0.244737026810411,1.0396826523327132,0.13273222461942621,0.219964667214514,82.14445301634771,0.893216862745098,76442.70969103147,97.93178380974638,0.2813022606002323,0.23464201115429612,7.587239583333333,149.39375357081357
61,361,74.2914,14.0806,75,21.0163,0,117,121,20,130,21,1.02503,72.29211,0.0,0.0,0.78571,3.111,12.51403,0.0,0.0,125.0,58.12734,0.00122,0.6,1.961,-1.0,0.029658,0.08442610407951658,0.28678079943730583,437.53596114898306,0.2082579759687379,5.193297494190827,3.036999806075972,0.23669074593779915,39291.36312953942,0.17594774186750362,39.09780243296682,0.2455022027385358,1.039088441225316,0.1327373700278228,0.22004139516305574,82.08107590972652,0.8945490196078432,76607.656139594,98.34570687229983,0.280666628554263,0.23453770762230033,7.405140817901234,149.6256433145573
62,362,74.8279,14.0895,76,20.037,0,117,121,20,130,21,1.02003,72.82424,0.0,0.0,0.46429,3.116,12.11701,0.0,0.0,125.0,58.02739,0.00117,0.59,1.881,-1.0,0.027395,0.08446711153459267,0.28687604235435943,437.42838441297135,0.20885144028240668,5.1810272163901345,3.348500848246986,0.2368387707810505,40276.7935350185,0.176102011532605,38.78313738034095,0.24614831597582837,1.0402768634401154,0.13275063425834285,0.22018641457116062,81.99523932480595,0.8967667843137254,76648.91961303684,98.36830954637807,0.27974983444202034,0.23453230730524235,7.377700617283951,149.75809150608353
63,363,74.7702,14.4559,76,19.8675,0,117,121,20,130,21,1.02859,72.78221,0.0,0.0,0.57143,3.115,12.12022,0.0,0.0,125.0,58.02697,0.00124,0.6,1.887,-1.0,0.03072,0.08447335237256612,0.28712569564198054,437.39419517887563,0.20967370369895916,5.141887028938325,3.921368070139476,0.2369219530484174,40098.98149618127,0.1753487909349619,38.93532590512876,0.24586096777951752,1.0402768634401076,0.1327770220808313,0.2202515632185788,82.03668156116224,0.8968556862745098,76513.8157440423,98.39384773108699,0.2790792731679063,0.23442438547978003,7.291087962962963,149.94969727947245
64,364,74.497,14.6738,76,20.8129,0,117,121,20,130,22,1.03249,72.5566,0.0,0.0,0.5,3.13,12.43285,0.0,0.0,125.0,58.01017,0.00121,0.6,1.845,0.15947,0.026817,0.08445652891019195,0.28761253991735847,437.41924600119177,0.21061986476107483,5.155604445809055,4.272221628730582,0.23701691297693137,40551.27415722999,0.17616504031279195,39.08079039020303,0.24556825354128364,1.048988149226672,0.1327374867728041,0.2203744262102062,82.08301465616948,0.8951180392156863,76524.94322893118,97.19418438854457,0.2782977752201611,0.23434945180622724,7.045138888888889,150.1708470883125
65,365,74.1769,14.4916,76,20.8622,0,117,121,20,130,22,1.02199,72.29145,0.0,0.0,0.75,3.132,12.61943,0.0,0.0,125.0,57.95479,0.00119,0.61,1.763,-1.0,0.027795,0.08446914917044783,0.2878222232489574,437.47466628178773,0.21184391254954618,5.161927819181743,3.468513415623913,0.2370874919239354,39906.76203331897,0.1764479558963206,39.28268112370997,0.245328077224052,1.0506115641625067,0.13275518086898017,0.2204553561090666,82.13717645428653,0.8918827450980392,76497.6466226407,96.90836035763269,0.2775506524820008,0.23435794443642893,7.068528163580247,149.81296523260104
66,366,73.8232,14.7256,76,21.2572,0,116,121,20,130,22,1.02625,72.00585,0.0,0.0,0.32143,3.142,12.46283,0.0,0.0,125.0,58.00415,0.0012,0.6,1.697,-1.0,0.026295,0.08447220889783674,0.2883034700895104,437.53300281568767,0.211775046845303,5.187138386672339,4.034390580049942,0.23722141860909796,39353.529095068036,0.17569456451406784,39.22976157105999,0.24499135641289488,1.056235238463765,0.1327644009130151,0.2206149244497498,82.19413537698719,0.8905627450980392,76288.93528808781,97.94814553883108,0.27708294560747815,0.2341434034746385,6.799141589506172,149.73150472862483
67,367,73.1718,14.4768,76,21.1679,0,116,121,20,130,22,1.02755,71.41986,0.0,0.0,0.21429,3.152,12.66036,0.0,0.0,125.0,57.91665,0.00117,0.59,1.762,-1.0,0.025573,0.08446615205923705,0.2889439584665245,437.61259191719944,0.21199463433267232,5.2565058650652166,2.5578427999907105,0.23721711219354227,38597.371292040596,0.17519821666499497,39.39989857614776,0.24455982405656002,1.0600762794428242,0.13271193874817333,0.22074560192399806,82.24134951439592,0.8887007843137256,76241.27999533809,97.55146355195293,0.2768768408101113,0.2338674476924551,6.349488811728395,149.45812544196474
68,368,73.203,14.2492,75,21.0872,0,116,121,20,130,21,1.02741,71.3991,0.0,0.0,0.64286,3.147,12.44719,0.0,0.0,125.0,57.81556,0.0013,0.59,1.695,-1.0,0.02931,0.08447624008735699,0.2898381097172759,437.68963285699033,0.21235243771027237,5.265934705176968,3.4648796750952475,0.23723848250632118,38818.55235884607,0.1747628215095503,39.38690279736931,0.24462413710481323,1.0534234013131323,0.13273436250008597,0.22090369465098825,82.20080827350492,0.8847294117647059,76297.53594350611,98.04823452014047,0.2765805987233681,0.23347659068605417,5.7837094907407405,149.46933622274346
69,369,73.1438,14.1689,75,20.2163,0,116,121,20,131,21,1.03569,71.2911,0.0,0.0,0.42857,3.133,12.25525,0.0,0.0,125.0,57.82118,0.00115,0.59,1.891,-1.0,0.021204,0.08446243323914546,0.29092681000270787,437.71398359858006,0.21250752510303308,5.237359120354031,2.8079965226518326,0.23722572533181324,38906.70238151526,0.1744373003468385,39.31768101821711,0.24440127545426704,1.0540176124205363,0.1327370618434598,0.22099298732208472,82.20873856735194,0.8848168627450981,76503.39729464173,97.49181602628941,0.27630932576225226,0.2330409768574447,5.689187885802469,149.22167835199764
70,370,73.1818,13.4955,75,20.851,0,116,121,19,130,21,1.02803,71.30578,0.0,0.0,0.46429,3.114,12.19087,0.0,0.0,125.0,57.91469,0.00118,0.6,1.804,-1.0,0.025353,0.08446865190361828,0.291498600081233,437.68681865536047,0.21297323306442947,5.17507792095071,2.9309131250396794,0.23722871511967997,38828.854534451624,0.174571539779791,39.27463748131269,0.24415544020380878,1.0540176124205314,0.13274342399808078,0.22097015117399424,82.16499164259965,0.8848317647058823,76428.29689093491,96.65462732341561,0.2761426053838357,0.23262624192133674,5.712094907407407,149.20734635033227
71,371,73.2883,13.5071,76,19.1926,0,116,121,19,130,21,1.0309,71.42351,0.0,0.0,0.67857,3.107,11.60847,0.0,0.0,125.0,57.87757,0.0011,0.59,1.817,-1.0,0.023613,0.08445758924414652,0.29256295242904795,437.66401354651236,0.21380866185132222,5.09390837379081,2.6142691334572974,0.23724959942530804,38661.1294487309,0.17507075738630035,39.217683203426404,0.24311571125062295,1.060076279442822,0.13273165614514482,0.22096837472575034,82.14694600331426,0.8837156862745098,76619.06212706426,97.98299477836848,0.27597783037890744,0.23231303758573982,5.769241898148148,149.1103461455189
72,372,73.0622,13.3252,75,19.6688,0,116,121,19,130,21,1.03445,71.24337,0.0,0.0,0.46429,3.121,11.62118,0.0,0.0,125.0,57.80794,0.00124,0.6,1.754,0.16268,0.024367,0.08445491624525178,0.2932085514136646,437.6679851662553,0.2143429437094954,5.087812471445735,2.631321422404678,0.23726185127504112,38252.135991407325,0.17507592238819045,39.18355305989583,0.24281842190607367,1.0616996943786574,0.13277988048354455,0.22119493165863818,82.1873235606526,0.8833,76514.0955883491,97.5742930780115,0.27572209306390427,0.23208306592563632,5.557677469135802,149.2209359033225
73,373,73.0641,12.9257,75,18.3968,0,117,121,19,130,21,1.03637,71.20331,0.0,0.0,0.64286,3.141,11.46254,0.0,0.0,125.0,57.88803,0.00098,0.6,1.843,-1.0,0.021047,0.08444618267078702,0.29400647408203334,437.6619184201995,0.2150139028318445,5.059007997749785,2.725949687938029,0.23727890426009063,38281.8633846445,0.17513966388797922,39.08637736756125,0.2430014037499442,1.0552060346353296,0.13282901853847448,0.22125507833057678,82.2079128758578,0.8851521568627451,76420.72457807022,97.67429340307724,0.2753475322839596,0.23184078752091128,5.174768518518518,149.14373859359847
74,374,72.9127,13.3489,75,17.9283,0,117,121,19,130,21,1.03137,71.02528,0.0,0.0,0.35714,3.145,11.12132,0.0,0.0,125.0,57.87418,0.00114,0.6,1.976,-1.0,0.020628,0.08441303147199361,0.29472766692904523,437.64666093859336,0.21529984858893092,5.007707360199998,2.3411123378827337,0.23735243639488482,38145.174119914875,0.1751479391306938,38.866192664629146,0.24293795187509593,1.049582360334078,0.1328655434271324,0.2212648883397276,82.26513351544946,0.8844362156862745,76319.07738576623,97.74642383969471,0.2750837822194851,0.23162620395047587,5.01880787037037,149.41460492461212
75,375,73.0502,14.2666,75,17.5066,0,117,121,19,130,21,1.03666,71.11042,0.0,0.0,0.57143,3.135,11.48342,0.0,0.0,125.0,57.77538,0.0011,0.59,1.81,-1.0,0.023337,0.0844145162621946,0.2958516623744562,437.6333524320382,0.2158091921673149,5.062583399328283,2.2895451453816666,0.23736008951485513,38439.81577526243,0.17561378166800642,38.77235695167824,0.24278061479687446,1.0479589453982354,0.13291199506858448,0.22137431923172893,82.26682475570468,0.8845490196078432,76332.16694227915,97.54481609562033,0.2747955756445355,0.231513236760281,5.527874228395062,149.76832779725734
76,376,73.1919,14.7351,75,19.3288,0,117,121,19,130,21,1.02426,71.19462,0.0,0.0,0.28571,3.14,12.27568,0.0,0.0,125.0,57.8222,0.00106,0.59,1.718,-1.0,0.024749,0.08442944433746094,0.29672842268737526,437.6127729335134,0.21659318624830082,5.090516548641786,2.027563302367321,0.23732820959671183,38854.89371123608,0.17621230951870484,38.88023414140866,0.242410692727295,1.0374650262894791,0.13291927152937924,0.22131429334738006,82.28739475979708,0.8853823529411765,76680.82301884558,98.30415668785331,0.2745614432572714,0.231344497230795,5.727719907407407,149.8961462736196
77,377,73.0604,14.7088,75,18.7702,0,117,121,19,130,21,1.03057,71.05185,0.0,0.0,0.39286,3.152,12.67719,0.0,0.0,125.0,57.87514,0.00123,0.6,1.766,-1.0,0.022304,0.08443114222845147,0.29816857068525143,437.58231535275485,0.2167475723045554,5.122826749897465,2.4049483832406953,0.2373184264764931,39033.73099286689,0.1766455523251702,38.896374737774885,0.2426260294185428,1.0390884412253147,0.13293014360664254,0.22120046710748711,82.31164587624944,0.8873274509803922,76916.72250530252,97.09510024828744,0.2743941041797435,0.2312416945955619,5.802806712962963,149.94967365868453
78,378,73.0736,14.8373,75,17.8656,0,116,121,19,130,21,1.02698,71.06626,0.0,0.0,0.82143,3.152,12.65423,0.0,0.0,125.0,57.97224,0.00109,0.6,1.731,-1.0,0.02527,0.08444719449415773,0.2989692450098443,437.54293583091544,0.21700854726193625,5.1507732012265155,2.5879581167858086,0.23730327712889882,38882.29166936248,0.17761908797854611,38.860242867175444,0.2432199548578923,1.0374650262894933,0.1329453382792299,0.22110899904772552,82.3361818445258,0.8917619607843137,76277.71606476298,96.78460477561042,0.27430177667486344,0.23108217825620014,5.82764274691358,149.8342716883688
79,379,73.2636,14.7496,75,18.8425,0,116,121,19,130,21,1.02812,71.26572,0.0,0.0,0.32143,3.172,12.76261,0.0,0.0,125.0,58.03279,0.0011,0.59,1.745,-1.0,0.032955,0.08444326681164277,0.29974875507694726,437.5074286025393,0.2171893147246569,5.138937374646142,2.388899028494495,0.2373533939816888,39136.33960056107,0.1781658343596691,38.98320007324219,0.24331044057023904,1.0429294822043718,0.13295705421331647,0.22097655724964055,82.32633198639158,0.8939380392156863,76585.40456792196,96.63234634208939,0.2736595773384554,0.2308969900893388,5.983844521604938,149.91520214353625
80,380,73.4196,14.591,75,18.9167,0,116,121,19,130,21,1.03068,71.42668,0.0,0.0,0.71429,3.183,12.68888,0.0,0.0,125.0,58.12758,0.00126,0.6,1.833,0.16242,0.030074,0.08446180282562023,0.30058563101692265,437.4705672749364,0.21748503837228697,5.093229005899197,2.303993305367702,0.23728921679057427,39659.98339207766,0.17814615350864274,39.015569051106766,0.24433037223341697,1.0457413193550071,0.13297267208490854,0.22091720351384483,82.34193948708017,0.8959329411764706,76501.10364492195,96.53571729596965,0.273347606080135,0.23088554117885607,6.032937885802469,149.78644469025502
81,381,73.5059,14.4578,75,18.5171,0,116,121,19,130,21,1.03514,71.50126,0.0,0.0,0.35714,3.191,12.55843,0.0,0.0,125.0,58.16589,0.00129,0.59,1.857,-1.0,0.027581,0.08444905474694579,0.3015818911500742,437.43329054571984,0.2176895247460675,5.0483836364261165,2.5236819254543708,0.2372774273920695,40084.013941319325,0.1788754982497326,39.18837483723958,0.24494682477782867,1.0435236933117764,0.1329460288967037,0.2209261665711914,82.36773456299287,0.8961666666666667,76682.05557979543,96.50073382307664,0.27259895787293575,0.23086655410137477,6.137104552469136,149.95180853754053
82,382,74.1046,14.3761,75,18.5062,0,116,121,20,130,21,1.03575,72.05039,0.0,0.0,0.35714,3.188,12.44377,0.0,0.0,125.0,58.16686,0.00121,0.6,1.573,-1.0,0.035263,0.08444025259719076,0.3024932838003514,437.39874368912234,0.2181954499676206,5.007417658841961,2.487059750303141,0.23725041765612295,41475.21499374572,0.1802355647757632,39.22686447331935,0.24551675480858942,1.045147108247607,0.13289572829404286,0.22086197296849097,82.31283865014288,0.8963172549019608,76855.74192118025,98.20439286376396,0.2715683446310122,0.23094823388188046,6.003858024691358,149.9273332630731
83,383,74.0606,14.1688,75,17.9896,0,116,121,20,130,21,1.02513,71.98099,0.0,0.0,0.5,3.202,12.37096,0.0,0.0,125.0,58.17239,0.0012,0.59,1.885,-1.0,0.024178,0.08441042412355189,0.303295156084328,437.3654074966187,0.21857279309509325,4.980446833597789,2.329142402285444,0.2372328951482234,41669.853245170096,0.1810016590694723,39.287624217845774,0.24621509310707088,1.0374650262894842,0.13290704845540677,0.2207179606859357,82.3731480203056,0.8973729411764706,77192.24027542576,98.19721615500896,0.27063237862160655,0.23107555438304428,5.995081018518518,149.94351068550532
84,384,74.0678,13.9031,75,17.334,0,116,121,20,130,21,1.03373,71.9368,0.0,0.0,0.64286,3.23,12.18863,0.0,0.0,125.0,58.17049,0.00133,0.59,1.765,-1.0,0.032566,0.0844134654024664,0.3040673412429071,437.339481106357,0.21914078129722994,4.970432929916917,2.8128412194280625,0.2371702714240643,42042.13646474049,0.18223589435351287,39.32074313693577,0.24581808272351088,1.034653189138855,0.13291696941629355,0.22047823076568115,82.37754791261891,0.8983,77385.82216808278,98.35569965745078,0.2699637947866026,0.23103398256588747,5.966628086419753,150.0666546507243
85,385,74.3538,13.9692,76,16.7021,0,116,121,20,130,21,1.02464,72.21857,0.0,0.0,0.57143,3.236,11.96024,0.0,0.0,125.0,58.18635,0.00125,0.59,1.881,-1.0,0.029339,0.0843982928594668,0.304774506931188,437.3204619412503,0.21960435069625261,4.966661698486412,2.5814037369557794,0.23707777168835575,42848.09329021628,0.1825148202039471,39.32601024486401,0.24538853024691967,1.039088441225313,0.13289426207805907,0.22001763511542544,82.37887095083502,0.8987156862745098,77515.96317783996,98.36219759648594,0.26955062494801285,0.23098192714529492,5.973813657407407,150.09323841778064
86,386,74.4703,13.868,76,16.878,0,116,121,20,130,21,1.03323,72.36853,0.0,0.0,0.53571,3.266,12.02051,0.0,0.0,125.0,58.21049,0.00122,0.6,1.975,-1.0,0.030745,0.08440910983888301,0.3054125962643899,437.30186805960096,0.2200732639506916,4.930206429997311,2.257098533087452,0.2370176660614927,43488.264906737895,0.18334368999072925,39.20682930652006,0.24587145153274834,1.037465026289482,0.1329282389152177,0.21962008318290654,82.40293071631561,0.8992662745098039,77727.86346520777,98.36136035296127,0.26918391179356443,0.23089320846618874,6.017264660493828,149.99761804995833
87,387,74.5762,13.6147,76,17.5597,0,116,121,20,130,21,1.03752,72.50737,0.0,0.0,0.42857,3.258,11.93229,0.0,0.0,125.0,58.26497,0.00121,0.6,1.903,-1.0,0.033527,0.08441542941822085,0.30641271160435307,437.2990451917602,0.2208960027711736,4.88757403536066,2.8903426418181795,0.23709407499166296,43918.03495848988,0.18401029801464813,39.350039258415315,0.2459071388216695,1.0396826523327136,0.1329409727500248,0.2193011980111989,82.46013440615064,0.8995490196078432,77980.85905604511,98.37766341553065,0.2685700457145771,0.23075152142545388,6.081645447530864,150.15970775903506
88,388,74.868,13.3144,77,16.6914,0,116,121,20,130,22,1.03418,72.78834,0.0,0.0,1.03571,3.286,11.71722,0.0,0.0,125.0,58.31058,0.00132,0.6,1.734,0.15676,0.030325,0.08441928641384612,0.30748121060825057,437.30565361382065,0.22117814413210565,4.811315340401619,3.110192083729612,0.23702792848492266,44776.01433092796,0.18434319136200644,39.39774520308883,0.246540280291232,1.039088441225316,0.1329717549353885,0.2190797523556259,82.39737947709978,0.8996050980392157,77975.5910241762,96.83028761810769,0.2680368662300581,0.23056941855524615,6.063319830246914,150.2056682593382
89,389,75.0846,12.8096,77,15.7255,0,116,121,20,130,22,1.0308,73.02215,0.0,0.0,1.03571,3.286,11.46487,0.0,0.0,125.0,58.3783,0.00109,0.6,1.831,-1.0,0.031715,0.08442392667145718,0.3086594459492999,437.3171640991292,0.22127770061090932,4.733472284709521,2.7267053508496453,0.23705563744451338,45207.35681828861,0.18442373096616155,39.39587609561873,0.24684164935447125,1.0447121155265622,0.1329712470251709,0.21901240002207112,82.41108091171878,0.9002992156862746,78266.55905873881,96.71189250069811,0.26755087544580963,0.23038834498904956,6.137393904320987,150.21116670787958
90,390,75.6914,12.2063,78,16.4058,0,116,121,20,130,22,1.02876,73.61545,0.0,0.0,0.82143,3.288,11.03541,0.0,0.0,125.0,58.42651,0.00122,0.59,1.871,-1.0,0.021884,0.08444431578275265,0.3097043425558289,437.3290083376205,0.22193007549391938,4.649828978502434,3.1255878505957693,0.23701602084936055,46133.5922759173,0.1841349957908379,39.50006687493972,0.24792152626917413,1.045147108247604,0.1329650719691095,0.21877060294789108,82.36904848402821,0.9003823529411765,78249.55447011837,96.50825855931947,0.2675337874620995,0.23022461125887878,6.152199074074074,149.99114738640196
91,391,76.2658,11.2355,79,15.405,0,116,121,21,130,22,1.03298,74.13684,0.0,0.0,0.60714,3.294,10.51103,0.0,0.0,125.0,58.48636,0.00131,0.59,1.801,-1.0,0.021189,0.0844279505545032,0.31078648237596584,437.34599271444745,0.22307460185226777,4.561586367032764,2.24184383464435,0.23693812387875215,47148.32680885073,0.18425515702386616,39.6651421064212,0.2479675380284808,1.0435236933117762,0.13293889113571677,0.21865107051655425,82.29961415688604,0.9008725490196079,78462.68722445525,98.08629025228518,0.2671437449720704,0.2301018841374859,6.196614583333333,150.18051344885112
92,392,76.3947,11.4086,79,13.842,0,116,121,21,130,22,1.02922,74.25592,0.0,0.0,0.5,3.293,9.67834,0.0,0.0,125.0,58.51009,0.00123,0.59,1.893,-1.0,0.025278,0.08442622700747966,0.31187103761779467,437.3628457860234,0.2244785955540687,4.398630279373267,2.460430512637106,0.23685121447680632,47351.79635079918,0.18487092203682653,39.56937813464506,0.247851084857524,1.0473647342908403,0.13294289398129777,0.21866695858563187,82.26714522072713,0.900838431372549,78410.58825876725,98.23836847096263,0.2668852753677753,0.22992636181916448,6.171199845679013,150.1670249211579
93,393,75.9575,12.1287,79,13.8037,0,116,121,20,130,22,1.03251,73.84728,0.0,0.0,0.75,3.291,9.82979,0.0,0.0,125.0,58.51239,0.00126,0.6,1.895,-1.0,0.031238,0.0844259402110912,0.3128662922324491,437.387483048923,0.22549333148301046,4.420958417378443,2.939060973369158,0.23671737709901436,46601.51706613042,0.18543323345880755,39.585438669463734,0.2484705336110058,1.0457413193550082,0.13291402962235702,0.21860378212248258,82.34088044916567,0.9003823529411765,78194.77671938915,96.32353840277804,0.26698854791496723,0.22977933155004224,6.10570987654321,150.05521340680687
94,394,75.0963,12.7403,78,15.9858,0,116,121,20,130,22,1.03625,73.01726,0.0,0.0,0.92857,3.311,10.4503,0.0,0.0,125.0,58.489,0.0013,0.59,2.099,-1.0,0.021586,0.08442581289357332,0.3136845369699308,437.4188906424111,0.22625832576484847,4.527977887676353,2.6569658497806223,0.2366485552606165,45291.468344489265,0.18579580347974917,39.64098047327112,0.2487258860975101,1.0441179044191713,0.1329495006036384,0.21857751030919115,82.44326382467592,0.8997713725490196,78047.86543864105,98.22470864260816,0.2667861196149981,0.2295905453032284,5.983506944444445,150.28744625832087
95,395,74.4065,13.1231,77,16.1083,0,116,121,20,130,22,1.03424,72.30697,0.0,0.0,0.64286,3.328,10.96703,0.0,0.0,125.0,58.45269,0.00122,0.59,1.806,-1.0,0.02685,0.08443320013792299,0.31414808799811345,437.4468033636973,0.22647335456640025,4.619455127657409,2.3412463839258213,0.23669064813350807,44402.28915501355,0.18610498911496284,39.600018348222896,0.24862739004958992,1.0374650262894836,0.13295588615195952,0.2185340729532786,82.51816321012453,0.8996050980392157,78013.37626910562,98.17934922424605,0.2662356884789342,0.22948896342762112,5.863425925925926,150.04357790472034
96,396,73.8059,13.4302,76,15.536,0,116,121,20,130,22,1.02931,71.68503,0.0,0.0,0.28571,3.345,11.29141,0.0,0.0,125.0,58.40823,0.00119,0.59,1.937,0.15754,0.029836,0.08443275810462936,0.3140838776350224,437.4756213206912,0.22671031486353369,4.715044926885792,2.8456046852813497,0.23660144614048098,43472.633853014886,0.1862392868944247,39.65226029761044,0.24837258521928915,1.0314063592671918,0.13298769869583957,0.2183596040133679,82.57619899133118,0.8990772549019608,77933.6070196244,98.1098478555259,0.2648107140195146,0.22931553450006392,5.751736111111111,150.00595704890006
97,397,73.3083,13.5927,75,16.3562,0,116,121,19,130,21,1.02929,71.18935,0.0,0.0,0.71429,3.334,11.55631,0.0,0.0,125.0,58.36094,0.00113,0.6,1.885,-1.0,0.032626,0.08444365323997358,0.31408014328956385,437.49918725000714,0.22718483512840074,4.7743445284604595,2.5227240425679267,0.23648289672235961,42626.33985261863,0.1858859110944366,39.759261896580824,0.24820615924417946,1.0291887332239582,0.1329973751107549,0.21818474688931153,82.66180418913646,0.8987123333333333,77762.53001728198,96.74483751359757,0.2636584336356104,0.22917568145756917,5.703221450617284,149.98729232297381
98,398,73.1099,13.6938,75,16.8733,0,116,121,19,130,21,1.02927,70.95471,0.0,0.0,0.42857,3.322,11.6924,0.0,0.0,125.0,58.35558,0.00105,0.59,2.028,-1.0,0.03071,0.08444451123348642,0.31397388721337927,437.52569491614963,0.22717352792966364,4.8119794224346135,2.529182211155505,0.23640672069840554,42128.14076961726,0.18588029372912826,39.79818480691792,0.24819121224090623,1.0237242773090618,0.13295151899901334,0.21790671643214438,82.66594624997339,0.8982035294117647,77593.48186137267,96.59250125415835,0.26304572663989995,0.22910564200901068,5.674913194444445,150.04543214827385
99,399,72.7726,,74,17.5931,0,115,121,19,130,21,1.03365,70.59181,0.0,0.0,0.53571,3.334,11.77839,0.0,0.0,125.0,58.36026,0.00119,0.59,2.031,-1.0,0.034724,0.08444706885060846,0.31418596440223856,437.54766307078955,0.2272789809599706,4.8363086175552,2.7302517518158265,0.23632902339049455,41511.17543709897,0.18589479944277654,39.77604449236834,0.24900656408259222,1.0253476922448912,0.13289123853361587,0.21761497652927503,82.69274796245787,0.8977011764705882,77225.12208752747,96.16605946044723,0.26224259206699274,0.2291486783531019,5.612509645061729,150.002777707705
