,frame_number,SITI.SI,SITI.TI,VCA. E,VCA. h,VCA. epsilon,VCA. L,VCA. avgU,VCA. energyU,VCA. avgV,VCA. energyV,AGH.Blockiness,AGH.Spatial Activity,AGH.Letterbox,AGH.Pillarbox,AGH.Blockloss,AGH.Blur,AGH.TemporalAct,AGH.Blackout,AGH.Freezing,AGH.Exposure(bri),AGH.Contrast,AGH.Interlace,AGH.Noise,AGH.Slice,AGH.Flickering,cambi,color_fulness,saturation,tone,cubrow.0,staticness,cubcol.0,cubrow.0.3,movement,temporal,blur,cubcol.0.6,fft,blockiness,cubrow.0.6,cubcol.1.0,cubrow.0.5,cubrow.1.0,cubcol.0.5,contrast,cubcol.0.3,noise,uhdhdsim
0,100,71.2525,17.0641,93,0.0,0,116,121,40,131,32,1.03071,75.01651,0.0,0.0,0.32143,3.205,0.0,0.0,0.0,132.0,58.175,0.00883,2.97,1.626,0.0,0.0,145.40595487386992,40.071535463686345,0.8923028823529413,0.33666107686327196,504.3408505040413,0.10442820598185254,0.2529342348245721,0.0,0.0,41221.15856041163,0.28433008178456376,76591.09064137578,2.719423897195321,0.2663790965294469,0.1469295551922353,0.25438409233788856,0.33089207547027283,0.32507286316134926,93.3343036645661,0.26979319390573264,2.868265764654501,81.59309105117609
1,101,71.0874,16.2308,93,20.7618,0,116,121,40,131,32,1.02702,74.84743,0.0,0.0,0.5,3.221,14.94114,0.0,0.0,132.0,58.29475,0.00897,2.98,1.562,-1.0,0.0,145.15575657074254,40.267377688560956,0.8926408235294119,0.2645438615451625,498.8811571120698,0.09644620655715008,0.23809114901953815,6.66478587962963,6.619577911649281,41315.23582713105,0.24961424320415082,77447.311890697,3.020891786589424,0.25648257441819317,0.14508215458042928,0.24362450672226335,0.32193767513969623,0.3017263588680359,89.86734435333717,0.20462817331865563,2.867671553547106,81.61673131780191
2,102,71.0921,15.6564,93,20.3484,0,116,121,41,131,33,1.02251,74.85749,0.0,0.0,0.75,3.218,14.23061,0.0,0.0,131.0,58.38451,0.00878,2.95,1.535,-1.0,0.0,145.17466548683288,40.30025849518953,0.8940290196078432,0.25032209543469175,495.20429246597786,0.09542339470169048,0.23434950638723656,5.692418981481482,6.587018559003487,41621.29890450909,0.2400661988309309,77703.33313356646,3.086513889695388,0.2543797469371622,0.1433729274495192,0.2403239126064598,0.31741269819291923,0.3001970060425801,91.17185250028652,0.1885742038474404,2.87075916503241,81.60684336094063
3,103,71.4456,15.428,93,21.3098,0,116,121,41,131,33,1.02253,75.20424,0.0,0.0,0.71429,3.219,13.72671,0.0,0.0,131.0,58.43057,0.00902,2.97,1.571,-1.0,0.0,145.2259297971718,40.48245389961902,0.895097,0.24403212774434482,492.6272077363435,0.09467642158700358,0.23270875321959253,4.884982638888889,6.555707806808585,42517.12138704393,0.23751293661761436,77677.20261590942,2.758405040180735,0.2530059322082475,0.1423353844094792,0.23818013465235677,0.3155027486400749,0.29722741449009304,92.19106575783842,0.18040468162188195,2.8719475872472073,81.59434416560606
4,104,71.3332,15.2229,93,20.2472,0,116,121,41,131,33,1.01831,75.10982,0.0,0.0,1.07143,3.237,13.51834,0.0,0.0,130.0,58.43622,0.00954,2.95,1.596,-1.0,0.0,145.54619326465044,40.528882627133974,0.8945219607843138,0.2410959081092102,490.63894321796016,0.09400059950099075,0.2316614978094873,4.152970679012346,6.541044573609045,42772.169041641486,0.2367941174227224,77680.10493302913,2.9630804340289254,0.25176223378586043,0.14168483623682018,0.2378405981791539,0.315982906379925,0.29729366996853995,92.39103242707994,0.17574725024388277,2.8719475872472024,81.65719180433712
5,105,70.8879,14.8163,93,19.1367,0,116,121,41,131,33,1.02768,74.71807,0.0,0.0,0.28571,3.252,13.33557,0.0,0.0,131.0,58.4174,0.00892,2.97,1.484,-1.0,0.0,145.62547439060054,40.46268472553771,0.8940701960784315,0.23891211648463018,488.9241606562883,0.0938283839175874,0.23120165907107387,3.668161651234568,6.5104759380018,42626.380691036524,0.23594198377185452,77853.9486192441,3.4268814431977255,0.25122553098926176,0.14202696971736392,0.23689228625465594,0.31782871103595095,0.29552691897964306,93.66505764668624,0.17243326899102962,2.860859457031049,81.66409144266426
6,106,70.7023,14.718,93,18.3013,0,116,121,41,131,33,1.02809,74.53065,0.0,0.0,0.35714,3.268,12.98581,0.0,0.0,131.0,58.40492,0.0091,2.98,1.456,-1.0,0.0,145.6905944722571,40.516746803566264,0.8943188235294117,0.23591817387808883,487.46949454881496,0.09319342558194327,0.22947713733501537,3.255449459876543,6.485640460460012,42393.63463202013,0.23514974050597545,77705.01439551929,1.969197607094725,0.2504675998196627,0.14192687939053358,0.23582232937999556,0.31899858074667525,0.2954583407911037,93.86389293186431,0.1686752136097741,2.86470049801012,81.73276482465272
7,107,70.8458,14.6799,93,19.0196,0,116,121,41,131,33,1.02845,74.64884,0.0,0.0,0.25,3.289,12.90186,0.0,0.0,131.0,58.39149,0.00863,2.96,1.453,-1.0,0.0,145.59432144256488,40.41821402090567,0.895623137254902,0.23652830755667803,486.11008466001323,0.0931404943414503,0.22742908141375856,2.897617669753086,6.4821742602642285,43092.87371767115,0.23293914318499598,77966.54886744844,2.447683980158532,0.25009937863922455,0.14161375139260043,0.23501673589268093,0.318272861656982,0.29577725745790073,93.7229978591476,0.16377075115849907,2.853177375072932,81.71852699757923
8,108,70.9995,14.5945,93,17.7866,0,116,121,41,131,33,1.03621,74.8087,0.0,0.0,0.42857,3.297,12.86615,0.0,0.0,130.0,58.37239,0.00897,2.97,1.477,0.125,0.0,145.85960488488365,40.41931114667728,0.8949462745098039,0.2376194419447052,485.0043115856127,0.09288399297960159,0.2265121512192318,2.6200327932098766,6.466768113027936,43502.0826970486,0.23360202426819296,77874.88467938389,2.710756459633383,0.250305307377445,0.14137133185375333,0.2341832941527627,0.31767498102502395,0.29634575785175493,91.03407721237352,0.1601156087673854,2.859830253202619,81.69710681456255
9,109,71.0883,14.5007,93,18.2383,0,116,121,41,131,33,1.02857,74.9601,0.0,0.0,0.28571,3.302,12.78921,0.0,0.0,131.0,58.36036,0.00885,2.97,1.451,-1.0,0.0,145.80007744260942,40.28748330952209,0.8945271764705882,0.240735686448249,484.0119970987877,0.09289347571685476,0.22674190552190754,2.5789930555555554,6.452892321730126,43707.68088921512,0.23505043469432157,77548.21427323774,2.460393104109312,0.2504250279884029,0.14148733207345887,0.23390850662289736,0.31735798072198373,0.29340344815677355,93.88116473862925,0.1558492424290929,2.872541798354602,81.7182565041911
10,110,71.2436,14.2609,93,17.2011,0,116,121,41,131,33,1.03475,75.16314,0.0,0.0,0.71429,3.302,12.699,0.0,0.0,130.0,58.36955,0.00906,2.96,1.432,-1.0,0.0,145.8818792644482,40.23889273184317,0.8941632156862745,0.24409711648833646,483.1356912790754,0.09273690943277271,0.22645167499749502,3.8619791666666665,6.4351000985248845,43933.28225111755,0.2357184281676749,77501.83016154004,2.066941369551005,0.25064105828335403,0.14161148372143187,0.23379199600030634,0.31741555387919035,0.29281982756493297,92.8977545653776,0.1559951640049531,2.861453668138451,81.68675242335917
11,111,71.4778,14.1114,94,16.1395,0,116,121,41,131,34,1.0303,75.44554,0.0,0.0,0.67857,3.305,12.49078,0.0,0.0,130.0,58.38727,0.00865,2.97,1.472,-1.0,0.0,146.09378691377123,40.12879887333622,0.8941490196078431,0.24547491986325465,482.36020296918446,0.09254100024043255,0.2263505011057609,4.036554783950617,6.40909284007219,44103.89951191475,0.23576249797129736,77504.7098236594,2.2335978851501164,0.2509677092106774,0.14149269406874512,0.2337658235076264,0.31772398654472706,0.29404596143892053,92.7997325498642,0.15730306331173455,2.881847295248562,81.67492653728928
12,112,71.432,13.9017,94,16.0834,0,116,121,41,131,34,1.02851,75.44151,0.0,0.0,0.46429,3.302,12.35242,0.0,0.0,130.0,58.37402,0.00892,2.97,1.668,-1.0,0.0,146.00191890066316,40.09720564477238,0.8937796078431374,0.2473976179443247,481.62837789295736,0.09244523134279092,0.22630240490444542,3.5247395833333335,6.381600751939141,43982.06126539994,0.236909992654033,77512.40499955126,2.4684713661563173,0.25116960851598613,0.1414711764732031,0.23406872703052736,0.31833025319465846,0.2950212296859583,93.68389044099413,0.15840935724051183,2.8681065462681468,81.67730616545073
13,113,71.5649,13.5419,94,15.6983,0,116,121,41,131,34,1.02842,75.58381,0.0,0.0,0.78571,3.318,12.17375,0.0,0.0,130.0,58.36551,0.00874,2.94,1.54,-1.0,0.0,146.02040276900397,39.88344583393615,0.8933513725490196,0.24794643364058702,480.9333052783047,0.0922943832508122,0.22671656509457003,2.879726080246914,6.356792894842635,44227.90210447101,0.2385561738831445,77594.73788567656,2.7068694749225792,0.2513610149464058,0.14094333155365166,0.23416257104460309,0.3185034018340487,0.29542402375820487,93.46055744969001,0.15728410193431017,2.8774120431621015,81.67658156985576
14,114,72.2155,13.2221,95,15.6579,0,116,121,41,131,34,1.02743,76.23265,0.0,0.0,0.64286,3.319,11.86659,0.0,0.0,130.0,58.37878,0.00891,2.96,1.466,-1.0,0.0,146.0586097421695,39.89138322995033,0.8933016078431374,0.24700569796089297,480.3360822709888,0.09229459103528827,0.22725838376282298,2.543788580246914,6.331867621982043,45430.399916019356,0.23843027379086668,77757.50410375063,3.2996858798218365,0.2517573839750013,0.14078004149509935,0.2342288987411926,0.31905360831267343,0.2963678979377665,93.42150564363604,0.15920387476755515,2.8784412469905405,81.62985922580503
15,115,72.5745,12.4788,95,15.5766,0,116,121,41,131,34,1.02606,76.56102,0.0,0.0,0.17857,3.326,11.57889,0.0,0.0,130.0,58.37941,0.00909,2.96,1.55,-1.0,0.0,146.0354386902373,39.955521195023145,0.893206274509804,0.24683656530026715,479.81965001760244,0.09224622240611567,0.22725556828412072,3.0636574074074074,6.303912256296268,46455.097999167425,0.23848303974253512,77675.20080093248,3.452988964408313,0.2519101238082315,0.14083375417872546,0.23428173563393095,0.3206247477929288,0.2974060665542818,93.44323004512555,0.1595244538007529,2.8846591323991917,81.62669960034174
16,116,72.7746,11.9153,96,14.8482,0,116,121,41,131,34,1.02591,76.79455,0.0,0.0,0.57143,3.315,10.92579,0.0,0.0,130.0,58.37469,0.00951,2.99,1.462,0.125,0.0,146.15386024374286,40.01866959936825,0.893206274509804,0.24808470980980732,479.3687556638248,0.0922338664763989,0.22701990301544248,3.023389274691358,6.243842761826532,47138.69675020808,0.23821593231397362,77882.34660778135,3.2913668687445266,0.25183465264712224,0.14102827593325878,0.23415761176233593,0.32243353808139114,0.29926032443728284,93.4442377220273,0.15896949982664235,2.8814123025275276,81.60565225360915
17,117,72.6438,12.6645,96,12.931,0,116,121,41,131,34,1.02586,76.65849,0.0,0.0,0.57143,3.336,10.42549,0.0,0.0,130.0,58.31888,0.00884,2.95,1.498,-1.0,0.0,146.14529999078138,39.78697468322,0.8923956862745099,0.24956438838937994,478.9648582786282,0.09209229354188833,0.22704046138454045,2.6370081018518516,6.147284563958958,47087.890874521785,0.238900265546194,77975.90053440086,3.1976502665050837,0.2518916711529362,0.1410576336409938,0.23414099830836616,0.32446636267488116,0.3017537548003155,93.24849494719695,0.16012574234578134,2.8880651806572164,81.63951450619206
18,118,72.1902,13.1898,95,14.4278,0,116,121,41,131,34,1.02379,76.20617,0.0,0.0,0.21429,3.323,11.09408,0.0,0.0,130.0,58.28192,0.00864,2.97,1.511,-1.0,0.0,146.06898343235648,39.8421645929784,0.891886274509804,0.2495189395173011,478.6331399358274,0.09209885576328845,0.22700176449212622,2.5081983024691357,6.244024689949881,45932.65144351009,0.2395923027132899,77559.73639347212,3.3521225352429886,0.2517869934099096,0.14095898878318427,0.23426241906363582,0.3253987087066959,0.30181934238376473,93.24124373718595,0.1596789076228955,2.8825211155491446,81.66857347672696
19,119,71.8123,13.4228,95,15.3369,0,116,121,41,131,34,1.02856,75.80778,0.0,0.0,0.60714,3.335,11.54597,0.0,0.0,131.0,58.24771,0.00852,2.97,1.473,-1.0,0.0,146.40245661166617,39.828138374987944,0.8913576470588236,0.24857469996478,478.31781592511766,0.0920904006543973,0.22690911377522116,2.5947145061728394,6.289162054620618,45220.51249999487,0.23946415428435666,77673.46520570626,3.132021568868793,0.251722123839546,0.14103070318972408,0.23412502560971318,0.32507031252775564,0.30096148625178,93.24891018078876,0.1597829511203815,2.8751944171188746,81.68566399821589
20,120,71.1543,13.6697,94,15.3138,0,116,121,41,131,34,1.02485,75.15558,0.0,0.0,0.53571,3.336,11.74078,0.0,0.0,131.0,58.22505,0.0089,2.95,1.491,-1.0,0.0,146.3208348923485,39.85571873040847,0.8912368627450981,0.24848910796857743,478.00527967517235,0.09204179629488599,0.22723303534659905,3.189139660493827,6.318899816274767,44074.72864538268,0.24044383157295693,77385.95562429736,2.344123233853999,0.251649385522584,0.141002680617251,0.2341333573894485,0.32496050603026416,0.300258678386537,91.97385394991163,0.15941258249672519,2.86870075737554,81.71577469750392
21,121,70.7632,13.7801,93,15.2958,0,116,121,41,131,33,1.02991,74.7512,0.0,0.0,0.35714,3.354,11.95693,0.0,0.0,130.0,58.21202,0.00902,2.68,1.603,-1.0,0.0,146.25284738798894,39.80567348150559,0.8914958627450981,0.24745373477049068,477.64602873749357,0.0920609395994479,0.22737530741656553,3.353684413580247,6.333916236272571,43578.7650184618,0.24030774588046674,77380.23044642585,2.5665621572865445,0.2515925537286905,0.14110349898966515,0.23440570802496297,0.3249309632258711,0.2998530281158777,91.92056175458204,0.15866708271432375,2.873730220569394,81.76955335260111
22,122,70.6917,13.7989,93,16.4687,0,116,121,41,131,33,1.03622,74.6159,0.0,0.0,0.39286,3.319,12.06055,0.0,0.0,130.0,58.21605,0.00896,2.98,1.47,-1.0,0.0,146.05598520648235,39.728165237991895,0.8917533333333334,0.24687191584810864,477.2562591103419,0.09190791003792785,0.2273702062171709,3.396122685185185,6.345986753189481,43700.074479032046,0.2393033341452433,77430.24080350899,3.1643073889534588,0.25158358823127674,0.14105762289439105,0.23448328613347105,0.3249612601986383,0.2995897318315806,93.15894455342324,0.15845529308466375,2.8707591650324176,81.73242593554099
23,123,70.5319,13.9267,93,15.9566,0,116,121,41,131,33,1.02952,74.39319,0.0,0.0,0.28571,3.326,12.08041,0.0,0.0,131.0,58.21719,0.00892,2.94,1.408,-1.0,0.0,146.05067267057387,39.83665824230806,0.8917543725490197,0.247188283275371,476.86759960010323,0.09196184534195494,0.22725972284972448,3.374855324074074,6.359472966530877,43727.139743731175,0.2387950802311159,77762.54283018557,2.987694914392331,0.2516359203928765,0.14110909540586108,0.2346935564199386,0.3245751462688705,0.2987689559819656,91.8992370963354,0.16040552514465434,2.8703241723113764,81.78615258274304
24,124,70.609,14.0257,93,16.2986,0,116,121,40,131,33,1.03018,74.37405,0.0,0.0,0.35714,3.321,12.19967,0.0,0.0,131.0,58.19025,0.00928,2.95,1.464,0.125,0.0,146.08328853459574,39.81746664164979,0.891886274509804,0.24790100924338485,476.4601663984097,0.09197696509182166,0.22720846593741462,3.410300925925926,6.366775286304386,44140.502317397986,0.2383382415267818,77718.42998663415,2.9872772562862835,0.251684152406921,0.14125403096551478,0.23487127370147015,0.32413663169428025,0.29761304643575043,93.13176637691744,0.16151842614130815,2.862047879245845,81.75085916635541
25,125,70.3778,14.0536,92,17.2601,0,116,121,40,131,33,1.0279,74.06816,0.0,0.0,0.25,3.318,12.29866,0.0,0.0,131.0,58.18979,0.00942,2.96,1.425,-1.0,0.0,146.1346340953637,39.76228502061632,0.8921400000000002,0.24829430141562828,476.0148904323989,0.09199970822680426,0.22760330682801427,3.662326388888889,6.3835411142971275,43863.120420938816,0.23719401677807378,77896.77401328126,2.979843942018644,0.2517340455948908,0.14116584775164384,0.23496196371281355,0.323616287084795,0.29722045227124483,93.20826310385576,0.1612247172526762,2.857453408773035,81.79295817100507
26,126,70.2504,14.1309,92,16.5556,0,116,121,40,131,33,1.02625,73.91599,0.0,0.0,0.64286,3.313,12.32378,0.0,0.0,131.0,58.18673,0.00918,2.98,1.454,-1.0,0.0,146.0401946976655,39.85439856258439,0.8921250980392157,0.2487545619477137,475.5452930983413,0.09198237908645442,0.22786837132393367,3.8079185956790123,6.383912967671676,43639.158612951316,0.23597038598520592,77860.09389532194,2.6934689079771226,0.25173992122283995,0.14123099288460578,0.23516063389869551,0.3232936123969669,0.2970296777642298,92.40523243800675,0.1611170180332196,2.85820683826679,81.8221871225039
27,127,70.0176,14.2755,92,17.1187,0,116,121,40,131,33,1.0292,73.67283,0.0,0.0,0.25,3.312,12.40357,0.0,0.0,131.0,58.19451,0.00909,2.66,1.403,-1.0,0.0,145.93310103126333,39.7275279480734,0.8902929411764706,0.24948567551131712,475.0174280646985,0.09197566205198197,0.22804986725146978,3.939959490740741,6.397737418645134,42919.295998501904,0.2350455362931459,77563.6701269193,2.7876555665308667,0.25177756484486996,0.14116808681550586,0.2355818501655815,0.3235283546644849,0.2967504005020122,91.01022942618658,0.16218276984638436,2.8586418309878225,81.82214324407968
28,128,70.1056,14.7817,92,16.2859,0,116,121,40,131,33,1.02458,73.74723,0.0,0.0,0.5,3.304,12.52299,0.0,0.0,131.0,58.20635,0.0091,2.94,1.498,-1.0,0.0,145.8973097616493,39.75364854600694,0.8898843137254902,0.24994780444926598,474.4707399645852,0.09193224518463813,0.22838954833307992,4.161217206790123,6.412172774001179,43065.19530166072,0.2343506185037852,77973.67791064414,2.636475984018787,0.25174001329395557,0.14112940513405073,0.23592307223236367,0.3237080075934105,0.29636446735288574,93.2674118490416,0.1634687673925157,2.8596710348162593,81.8183946761363
29,129,70.0221,15.0874,92,17.9145,0,116,121,40,131,33,1.03124,73.6336,0.0,0.0,0.67857,3.319,12.961,0.0,0.0,131.0,58.21327,0.00876,2.67,1.493,-1.0,0.0,146.0094125056131,39.66338866433979,0.889487843137255,0.24948687977031947,473.8950566030723,0.09191514858506313,0.22861402654636082,4.455246913580247,6.4281974993210795,42673.78390460197,0.23321673473158566,77839.30568453828,2.5179360495244083,0.25166631680524326,0.14096986747290174,0.2363507558909755,0.32348737404375516,0.2962249789768004,93.19619612354283,0.16344224592167125,2.8592360420952154,81.84655086661904
30,130,69.8002,15.3576,91,19.4081,0,116,121,40,131,33,1.02558,73.39254,0.0,0.0,0.39286,3.314,13.22657,0.0,0.0,131.0,58.20885,0.00856,2.68,1.402,-1.0,0.0,146.01376656253632,39.563905127254536,0.8897898039215687,0.2507328837543099,473.26979475570926,0.09191910797943428,0.22864556588117257,4.609230324074074,6.4366541006024605,42137.04395617456,0.2319605165728634,77746.1466659303,2.7074635812004235,0.25169102859711096,0.14086814158252386,0.2366439104395282,0.32306423559592845,0.296344102916227,90.99904101621738,0.16421727342661274,2.854365797287723,81.85303466470103
31,131,68.7322,16.1193,90,22.8989,0,116,121,39,131,32,1.02871,72.34545,0.0,0.0,0.46429,3.308,13.47659,0.0,0.0,132.0,58.12298,0.00893,2.68,1.487,-1.0,0.0,146.0654438984239,39.32933402355807,0.8889976862745098,0.25027624300479623,472.6082930258518,0.09187929082884685,0.22892140982307274,4.433690200617284,6.453391304078784,39818.1365581517,0.2305359089289775,77116.9512671891,2.6341517720486207,0.25163302308861135,0.14082173384266108,0.2368765108249421,0.3226378167025373,0.29573638924686046,91.96906660736705,0.1642097102685349,2.848147911879071,81.9638173403761
32,132,68.0852,16.7645,89,21.7005,0,116,121,39,131,32,1.02534,71.70783,0.0,0.0,0.21429,3.334,14.13003,0.0,0.0,132.0,58.08809,0.00909,2.67,1.453,0.125,0.0,145.83345085443156,39.23796288761092,0.8873921568627452,0.24965471187947674,471.93002614599845,0.09188144847639595,0.2289430064209088,4.5101755401234565,6.488552657289587,38380.46197280675,0.22939457983012274,76765.00903010112,2.9188680134983307,0.25150545361549975,0.1408186856162278,0.23706014060115266,0.3222715739814395,0.29503017000678733,91.03150008108638,0.16288574873734196,2.8333779590702135,82.03827921006082
33,133,68.3922,17.909,89,21.1739,0,117,121,39,131,32,1.03167,71.91834,0.0,0.0,0.25,3.328,14.70461,0.0,0.0,131.0,58.07524,0.00964,2.68,1.392,-1.0,0.0,146.06202463101403,38.935255074206694,0.8875121568627451,0.25017883757982423,471.23592987718774,0.09182094814799106,0.228820578121478,3.937307098765432,6.50663735984343,38648.52141647213,0.22838066608595223,76661.46363581133,2.2885902408063226,0.2515918436972635,0.14088477318419387,0.2372126481455617,0.32204632545020273,0.2943127011076166,91.68787317821318,0.16216368330179165,2.83440716289865,82.00726140911434
34,134,69.1467,17.85,90,21.6049,0,117,121,39,131,32,1.024,72.5922,0.0,0.0,0.28571,3.322,15.68636,0.0,0.0,131.0,58.15754,0.00941,2.66,1.529,-1.0,0.0,146.2099294078461,38.750200436439044,0.8882105882352942,0.25029068759065365,470.52040580192653,0.09180308644048218,0.22874845724876547,5.357156635802469,6.498857652269745,39809.030232696,0.22769089889305,76253.40769497704,2.3084188692081278,0.2515929532361468,0.14088529807169367,0.23748899095142936,0.32204866388935344,0.29368212328151816,89.99994549513633,0.1620223165999819,2.8317545441343857,81.9591362944645
35,135,69.0198,16.1342,90,20.4713,0,117,121,39,131,32,1.02861,72.44917,0.0,0.0,0.57143,3.307,15.65403,0.0,0.0,131.0,58.14715,0.00924,2.68,1.398,-1.0,0.0,146.5308979935316,38.68758608971113,0.8884129411764707,0.2500160045473663,469.82844089380404,0.09180455672185414,0.22882301366996705,5.672550154320987,6.458134505103485,39013.654411000396,0.22702467210758254,76150.22683928214,2.961397528505156,0.2515856829209327,0.1409218959176917,0.23779009434123594,0.32203615346724546,0.2929948273608102,91.0199179519825,0.16144604283806863,2.83884241498512,81.96118349206182
36,136,68.4197,15.2042,90,19.6501,0,117,121,39,131,32,1.02591,71.83071,0.0,0.0,0.67857,3.29,14.14572,0.0,0.0,130.0,58.11424,0.00921,2.68,1.501,-1.0,0.0,146.42917120590536,38.60142875012056,0.888790980392157,0.24987711227811962,469.1497833706258,0.0918354313076168,0.22896885106788475,5.792534722222222,6.416434466998796,37337.89559459876,0.22616289295016131,76020.26081523111,2.1720321121845663,0.25160762532556236,0.1408905746932743,0.23784485822887852,0.32144484140479546,0.2925466785838148,90.06920496412744,0.1609289953724113,2.836624788941877,81.96598025596924
37,137,67.5385,15.3922,89,18.8135,0,117,121,38,131,31,1.02029,71.00162,0.0,0.0,0.28571,3.304,13.30916,0.0,0.0,130.0,58.29127,0.00906,2.69,1.527,-1.0,0.0,146.70812636963723,38.47431154604311,0.8912909803921569,0.2501757474876827,468.45584609666116,0.09182041959768261,0.22916180470614475,6.572434413580247,6.391838841903338,35682.91223476963,0.22521528203885896,75617.04204716434,2.5479844449150764,0.25157338021720616,0.14082955811877965,0.2379420561284153,0.32102842010456684,0.29190833799731575,91.0883594814853,0.16087947298249478,2.8251016660046897,82.03347192528598
38,138,67.0909,15.1808,89,20.3786,0,117,121,38,131,31,1.02445,70.56559,0.0,0.0,0.67857,3.288,13.4649,0.0,0.0,130.0,58.32402,0.00934,2.67,1.448,-1.0,0.0,146.8681296001473,38.42852632499035,0.8899670000000001,0.2500274483308967,467.76237712423875,0.09175332021909159,0.22936528875140005,7.538387345679013,6.408654860771143,34759.624774536525,0.22443020631783708,75401.25245332425,3.0709919414730633,0.25148458918046895,0.14078402392735695,0.23799670757298508,0.32007123319578273,0.2915344400313549,90.2631714378627,0.16127351144102897,2.8200722028108345,82.10156520887898
39,139,67.2651,15.351,89,20.8418,0,118,121,38,131,31,1.02723,70.6959,0.0,0.0,0.28571,3.299,13.23894,0.0,0.0,130.0,58.2677,0.00929,2.67,1.472,-1.0,0.0,146.79040064386453,38.35113148630401,0.8898580392156864,0.25007270802080184,467.1081550908662,0.09174023135198213,0.22937688157851835,8.434992283950617,6.425744965898471,34667.391947195276,0.2235788762476624,75082.11088803447,2.6397009262736644,0.25142698516708345,0.1408099014093551,0.23833652146821133,0.3194219464196502,0.2908969108978738,92.72747150632259,0.161080225498134,2.817260365660197,82.06399540508943
40,140,67.4958,14.6006,89,19.6493,0,118,121,38,131,31,1.02004,70.84352,0.0,0.0,0.71429,3.311,13.34616,0.0,0.0,130.0,58.42185,0.00952,2.68,1.464,0.125,0.0,146.83036548025945,38.24752769941165,0.8930984313725492,0.250028751101543,466.4651336417578,0.09174730959180082,0.22940066205895102,9.042390046296296,6.454452849041824,35194.25404506644,0.22267197082730839,75149.47636228529,2.898487374881157,0.2513431077913117,0.14079556246637853,0.23853905110307924,0.3190867666260183,0.29016443591929025,91.69014581842893,0.1611918519736715,2.809143290981037,82.0706749927626
41,141,67.7951,14.2512,89,19.2978,0,118,121,38,131,31,1.02487,71.08525,0.0,0.0,0.67857,3.296,12.71329,0.0,0.0,130.0,58.5209,0.01008,2.66,1.432,-1.0,0.0,147.05332892221637,38.35063246738763,0.8942392156862745,0.24986843094461597,465.8918180323661,0.0917038587271642,0.22938950723193172,8.873697916666666,6.42828014748721,35900.838552138164,0.2220588646638942,75335.05447902612,2.6701830673315756,0.2513737533900041,0.14079190128081867,0.2387358066288775,0.31873431636428934,0.28997516981111865,91.07653944197136,0.16118337496172325,2.8200722028108314,82.07282950829003
42,142,68.3605,14.3431,89,18.9816,0,118,121,38,131,31,1.02761,71.60878,0.0,0.0,0.35714,3.281,12.41446,0.0,0.0,130.0,58.5135,0.00982,2.69,1.421,-1.0,0.0,147.30842944746286,38.20648720823689,0.8957360784313727,0.2505770071058135,465.42254403982145,0.09172049504116564,0.22946688396348955,8.431809413580247,6.405485664028777,36811.33992754893,0.22164399999950077,75324.48373162003,2.924407881714192,0.2514218842420875,0.14078079569418436,0.23897267040185072,0.31817647662791576,0.2893215482478903,92.5777527684695,0.16112365358134986,2.8134193246811368,81.98296016772309
43,143,68.0678,14.9077,89,20.1194,0,118,121,38,131,31,1.02579,71.35323,0.0,0.0,0.25,3.292,12.49077,0.0,0.0,130.0,58.5642,0.00965,2.67,1.404,-1.0,0.0,147.44850283805752,38.183296109423225,0.8951556862745099,0.25096539634995474,465.0705496178063,0.09174957223001098,0.229383657090294,8.182388117283951,6.411584148834226,36409.269215402586,0.22134692707188802,75231.5155050369,2.937653037172959,0.2514482821227129,0.14077286875056347,0.23916531477809416,0.3177167702804964,0.28909754524070835,90.33969052225218,0.16051980893746245,2.823319032682489,82.02535639727613
44,144,67.6792,14.9823,89,19.8663,0,118,121,38,131,31,1.02988,71.06957,0.0,0.0,0.46429,3.328,12.98394,0.0,0.0,130.0,58.57839,0.00963,2.68,1.423,-1.0,0.0,147.38187468936042,38.31860897864824,0.8930713725490197,0.2514178744584689,464.791882343089,0.09168637095335838,0.2290786438990798,7.786072530864198,6.426132800831287,36266.48387177749,0.22113057301320355,75055.23015463866,2.673226395687741,0.25153802653011587,0.14078408576765275,0.23935687084642493,0.31743362160724226,0.2883425336244116,92.61237075524531,0.16009847368610416,2.812390120852705,82.08641893599393
45,145,67.3552,14.8442,89,20.8654,0,118,121,38,131,31,1.02583,70.73335,0.0,0.0,0.53571,3.318,13.05219,0.0,0.0,131.0,58.57633,0.00933,2.65,1.467,-1.0,0.0,147.155031045097,38.380684746636284,0.8906721960784313,0.2514844812938477,464.5426441612007,0.09167352513118117,0.22891267617016997,7.455295138888889,6.425613251545428,35556.94750860761,0.22086935387198456,74924.44988761708,3.1121968487210343,0.25152928539395697,0.14078086677622728,0.23957975339311027,0.31678948400013396,0.28787255299894887,92.35913118805104,0.1609507755035307,2.82126062502563,82.0953035609345
46,146,67.0013,15.0388,88,19.9788,0,118,121,38,131,31,1.02967,70.46305,0.0,0.0,0.21429,3.347,12.89296,0.0,0.0,131.0,58.62091,0.00941,2.68,1.523,-1.0,0.0,146.90509464754135,38.44229578088831,0.8887674509803922,0.25147547278485066,464.3474012353965,0.0917090909122139,0.22875599681528708,6.916184413580247,6.468717918053285,35145.28549163126,0.22057015876345798,74779.42335021686,3.2498937181242513,0.251432285314595,0.14079569245133022,0.2399093888758051,0.31642795441483,0.2875417479111329,91.10724158882061,0.16135118448687477,2.822289828854064,82.15266851453907
47,147,66.7237,14.5275,88,19.6886,0,118,121,38,131,31,1.02722,70.21463,0.0,0.0,0.42857,3.335,13.06079,0.0,0.0,131.0,58.55606,0.00928,2.67,1.39,-1.0,0.0,146.72629548266025,38.355253808292346,0.8863372549019609,0.2517606966513026,464.14846037907245,0.0916964289253501,0.2285427732825065,6.345775462962963,6.468990584679404,34898.878018661606,0.22031029477800504,74843.05050504146,3.019342885937727,0.2513189458150898,0.14084185853795028,0.24012394990318708,0.31607439187687325,0.28779312974508214,91.43619581130642,0.16184590987311973,2.8376539927703077,82.16314316348209
48,148,66.8125,14.1245,89,18.5147,0,118,121,38,131,32,1.02146,70.30927,0.0,0.0,0.28571,3.333,12.64086,0.0,0.0,130.0,58.49781,0.00924,2.67,1.403,0.125,0.0,146.56756801199757,38.217920185607156,0.8838654901960785,0.2525093085822163,463.93347137612545,0.09168877106382142,0.22839534694758118,5.833767361111111,6.441619713885867,35338.84858999916,0.21979094981140673,75029.1300986786,3.5086921140545697,0.25125478377007626,0.1408560299635336,0.24027290233944007,0.3158456093549951,0.28810273691216354,92.1227397339027,0.16212632460419552,2.8350013740060422,82.12134225959133
49,149,66.6956,14.0005,89,18.9957,0,118,121,38,131,31,1.02779,70.15812,0.0,0.0,0.53571,3.318,12.29702,0.0,0.0,130.0,58.5728,0.00891,2.67,1.374,-1.0,0.0,146.3959719394074,38.216795556339214,0.8844660000000001,0.25275375941604344,463.652828502473,0.09168255593929384,0.2284351215230385,5.893373842592593,6.410975510473018,35219.561567348166,0.21915538767295745,74893.95524205171,3.3249185132803225,0.25116733375120603,0.14081758402172515,0.2404198645591128,0.31595342683592376,0.2884836532738915,90.46066917267132,0.16227103497334444,2.8392774077061467,82.11247476219854
50,150,66.5538,13.4107,88,19.1828,0,118,121,38,131,31,1.02584,69.9936,0.0,0.0,0.21429,3.332,12.20478,0.0,0.0,130.0,58.67579,0.00934,2.68,1.368,-1.0,0.0,146.32059825713708,38.13978011519821,0.8851968627450981,0.2535592115140193,463.3121285840419,0.09169941470325668,0.22832490539881764,6.069540895061729,6.394220601352868,34955.28155401658,0.21857338122051415,75076.44377959208,3.5438990832075343,0.25114438661591115,0.14082928269907172,0.24049318212930149,0.3157457230411699,0.28865364179642505,91.27719026706733,0.1619828436358828,2.832189536855408,82.10935164303437
51,151,66.3365,13.6219,88,18.4722,0,118,121,37,131,31,1.03048,69.77507,0.0,0.0,0.17857,3.309,11.68791,0.0,0.0,130.0,58.59176,0.00941,2.66,1.401,-1.0,0.0,146.41420605767632,37.88662512508439,0.883790980392157,0.25464414340081865,462.99036176292697,0.09174412788815041,0.22817468005329283,6.162663966049383,6.370297186642235,34479.66025582898,0.21817027256010138,74749.507783332,2.4716603327427547,0.2510257775076416,0.14083631777658273,0.24056967054079367,0.31584591048245586,0.28859300442743646,91.08337322614116,0.16181945361381087,2.8256958771120826,82.12016203835267
52,152,66.3102,13.2723,88,19.3014,0,118,121,37,131,31,1.02615,69.7359,0.0,0.0,0.21429,3.315,11.86682,0.0,0.0,130.0,58.60073,0.00892,2.66,1.414,-1.0,0.0,146.46254672807675,37.87445595823688,0.8842499215686241,0.2549471475551799,462.6824709284494,0.09169044113106765,0.22815395992271154,6.074266975308642,6.366663409563836,34204.496057691365,0.21740396641450482,74829.51613383427,3.139841734918692,0.250959953459513,0.14090027238240843,0.24072298351886082,0.3158197391074653,0.28885038970708876,91.83357772458706,0.16150434784335235,2.817419584046562,82.13648629960596
53,153,66.5448,12.9485,88,18.4826,0,118,121,37,131,31,1.02392,69.85202,0.0,0.0,0.21429,3.316,11.56704,0.0,0.0,130.0,58.72545,0.00917,2.67,1.451,-1.0,0.0,146.47347311473936,37.702778192214026,0.8855031764705881,0.25468124087195354,462.3579940147608,0.09170792906466481,0.22804663644566367,5.999662422839506,6.343560466162523,34618.37383842179,0.21657979243347206,74904.96374963546,3.142429972992082,0.25084576292646393,0.1408497972074071,0.2408553102714828,0.31583092112019173,0.2893096331154153,90.93058355032487,0.16170937107117184,2.8123901208527067,82.12865164734588
54,154,66.7679,13.5475,88,18.0797,0,118,121,37,131,31,1.02329,70.01165,0.0,0.0,0.5,3.301,11.29503,0.0,0.0,130.0,58.76281,0.00917,2.68,1.47,-1.0,0.0,146.93426692509053,37.633116357120464,0.8862454901960785,0.25446101409494865,462.0303445053018,0.09170980180341391,0.2279420334418508,6.033130787037037,6.341775929952938,34853.70245375796,0.2158241459732159,74941.51562174018,3.6881208037423536,0.2508337021849273,0.1408392168218295,0.2409104944695729,0.3161597908873899,0.2901028475049845,90.56857156472536,0.16201878804978131,2.8112016986378987,82.1236274331252
55,155,66.4063,14.5206,87,18.7907,0,119,121,37,131,31,1.0225,69.68196,0.0,0.0,0.32143,3.311,11.82927,0.0,0.0,130.0,58.72325,0.00939,2.66,1.355,-1.0,0.0,147.1788405527883,37.33298143928433,0.88606,0.25393804086777605,461.6761606503664,0.09169375744557397,0.22773130475374584,6.256799768518518,6.367282254432669,34203.10758067961,0.21519645099971813,74583.97425304983,3.339353633761961,0.25078430858228806,0.14084502169469273,0.24108480129598917,0.3163629035176458,0.2908562087492666,91.54877524077081,0.16176286848293597,2.8073606576588404,82.21007486797694
56,156,66.2538,14.6465,87,19.1628,0,119,121,37,130,31,1.02345,69.55337,0.0,0.0,0.32143,3.348,12.68268,0.0,0.0,130.0,58.84846,0.00914,2.67,1.327,0.125,0.0,147.36258413042293,37.32237017596209,0.8866313725490196,0.25383744485702187,461.33069131470774,0.09172080524102572,0.22758528827251473,6.323398919753086,6.388770945469312,34255.68438279319,0.21462794499428753,74806.46850482459,3.3509880434969275,0.2507320067220349,0.14082967691768472,0.24120551726582337,0.3168111861569087,0.29111646091521454,91.56674228581875,0.161651672636217,2.7980551607648834,82.2371757948161
57,157,66.4897,14.5604,87,18.3805,0,118,121,37,130,31,1.02682,69.75324,0.0,0.0,0.42857,3.314,12.77937,0.0,0.0,130.0,59.00023,0.00956,2.68,1.363,-1.0,0.0,147.40566148030183,37.49556364836516,0.8891709803921568,0.2542194841957466,460.9904731121989,0.09171102692501322,0.22749265771460878,6.289834104938271,6.39028016755572,35050.94089132278,0.21436147722465426,74910.27126338828,3.3264495003184646,0.2506978819494374,0.1407968331362647,0.24132148248909183,0.3175250331460571,0.29148062581795103,89.74269641096522,0.16180340764026666,2.804708038894569,82.21325394312859
58,158,66.5935,14.6026,88,18.2537,0,118,121,38,130,31,1.02477,69.88009,0.0,0.0,0.46429,3.338,12.71744,0.0,0.0,131.0,59.14968,0.00887,2.65,1.36,-1.0,0.0,147.4325821529557,37.59258882499035,0.891918568627451,0.25458409592987064,460.6540813898802,0.09169216374905591,0.22737112453136332,6.336226851851852,6.394465108809163,34943.30490359489,0.21403146005923557,74793.76116084337,3.4464070829001447,0.2507013579500259,0.14074817200376538,0.2414595868062708,0.31819372470848134,0.2918597755308049,90.97476076151587,0.1619016111304918,2.796431745829055,82.23277238220221
59,159,66.5773,14.5391,88,17.4356,0,118,121,38,130,31,1.02672,69.90397,0.0,0.0,0.82143,3.333,12.76862,0.0,0.0,131.0,59.25606,0.00951,2.66,1.402,-1.0,0.0,147.57093192635534,37.585290225935566,0.8937980392156863,0.254500716864418,460.3344713442948,0.09167701275346878,0.2273117272350833,6.653935185185185,6.390309222152909,34972.60253497322,0.21377629310906865,74917.9677836706,2.8092429522644533,0.2506641183627937,0.1408100322598632,0.24151401101422246,0.31868667429252256,0.29212748645268377,91.87029033085923,0.16229411786988934,2.8013019906365493,82.25011116131657
60,160,66.3759,14.4397,87,18.5529,0,118,121,38,130,31,1.03374,69.72607,0.0,0.0,0.53571,3.348,12.7206,0.0,0.0,132.0,59.35578,0.00888,2.66,1.4,-1.0,0.0,147.55844514008632,37.65368369773582,0.8945454901960784,0.2549130974640374,460.0175195913026,0.09165484127782576,0.22724210647969262,6.943913966049383,6.380505255751525,34561.879536323,0.21321140314193812,74661.40837894118,2.8369438478164746,0.250689995828588,0.14077956187263946,0.2417929652238439,0.3190305818031109,0.2923079709909402,92.02500147556762,0.16182328205916846,2.8007077795291493,82.2745561715671
61,161,66.8576,14.1318,88,17.5451,0,118,121,38,130,31,1.02752,70.16041,0.0,0.0,0.5,3.351,12.63545,0.0,0.0,131.0,59.48212,0.00927,2.68,1.489,-1.0,0.0,147.6039626615348,37.684183379750195,0.8955929411764706,0.25609036933991436,459.6964571152525,0.09172235540131278,0.22719215006640853,7.044994212962963,6.379016186809222,35738.44072240076,0.21299228646749893,75138.15030110088,3.593342184532419,0.2507184309213475,0.14072010146174815,0.2420264781514052,0.31952258749734264,0.2920472504317175,90.76321880710199,0.1619102981080955,2.8013019906365457,82.24865964337465
62,162,67.4318,13.8755,88,17.8711,0,118,121,38,130,31,1.02316,70.72556,0.0,0.0,0.39286,3.361,12.38419,0.0,0.0,132.0,59.58701,0.00944,2.7,1.383,-1.0,0.0,147.69416652650278,37.753528171115455,0.8965090196078432,0.25702238029828156,459.3915037031391,0.09167997583363864,0.22712800619437573,6.866657021604938,6.360606911321419,37179.047231652155,0.21294003907129055,75195.73012586554,3.442102471011838,0.2507351634179222,0.14075170210702884,0.2424110367557097,0.31997350764593485,0.2916552545838404,90.37458184183907,0.1621152131379883,2.7996785757007276,82.23332076138956
63,163,67.5779,13.745,89,17.893,0,118,121,38,130,31,1.02775,70.8727,0.0,0.0,0.53571,3.369,12.16719,0.0,0.0,132.0,59.65668,0.0099,2.68,1.386,-1.0,0.0,147.59268538439335,37.73736421561536,0.8976933333333333,0.25773766142050836,459.0956572230632,0.09170738147583149,0.22699275531347762,6.750964506172839,6.340962766230877,37636.33930907576,0.21291658577506092,75590.01653624473,3.3119099606734603,0.250758646899081,0.14072040706097544,0.24271767308356196,0.3204450602431681,0.29102171345901434,91.7593118938685,0.16240499533449657,2.7914022826351954,82.23861149043879
64,164,67.5687,13.5416,88,17.0651,0,118,121,38,130,31,1.02636,70.86989,0.0,0.0,0.57143,3.39,12.06115,0.0,0.0,132.0,59.72443,0.00899,2.67,1.319,0.125,0.0,147.43853090804367,37.83505757649739,0.898910980392157,0.258833938334228,458.8082819168667,0.09169572300214826,0.22675827825524397,6.5676601080246915,6.3203911836615125,37840.39619032705,0.21322769539953473,75563.4131017772,3.036032490616258,0.25074507237768984,0.14080011591439087,0.24301024827834983,0.32079824529507905,0.2909278166556591,91.79251519262039,0.16270422042623053,2.78550283399926,82.24742801212442
65,165,67.862,13.6067,89,17.4099,0,118,121,38,130,32,1.02393,71.17343,0.0,0.0,0.71429,3.407,11.87312,0.0,0.0,132.0,59.76654,0.00944,2.66,1.33,-1.0,0.0,147.60869901570922,37.81264448754582,0.8993250980392158,0.2601493594579931,458.5338062804863,0.09165730332799166,0.22659816699607244,6.469955632716049,6.3129927893051585,38726.008925498674,0.21343082263770555,76192.6212490591,2.6609958657785158,0.2507406659724286,0.14073555815130734,0.24335253917978864,0.32101777541250337,0.29065295282793185,90.6353313260644,0.16289342096623724,2.7996785757007174,82.25536830190313
66,166,67.9593,13.4774,89,16.6664,0,118,121,38,130,32,1.02989,71.34734,0.0,0.0,0.35714,3.425,11.92467,0.0,0.0,132.0,59.81032,0.00886,2.65,1.388,-1.0,0.0,147.5477934741969,37.934458791473766,0.8998250980392157,0.2607101705429186,458.2800953948099,0.09169147414597922,0.22652737079873966,6.365499614197531,6.307989146859979,39118.551792315004,0.21366812163433072,76038.47055614633,3.224075742079837,0.2507827556627899,0.14076826195776823,0.2437418994577129,0.3213561793059617,0.2905955370401029,89.94042996299085,0.16317666730727018,2.794214119785824,82.28870941555317
67,167,68.4217,13.159,89,17.0156,0,118,121,38,130,32,1.02924,71.82009,0.0,0.0,0.71429,3.424,11.81887,0.0,0.0,131.0,59.89099,0.00915,2.67,1.337,-1.0,0.0,147.6432522883812,37.928943586938175,0.9004909803921569,0.2607599813584757,458.035797816884,0.09170129706423598,0.2266951603960406,6.257233796296297,6.292935305115764,40166.92365117855,0.214191545056263,76468.59573540335,3.1370203689531313,0.2507810363025903,0.1407063638696423,0.24412029928291182,0.3217560011318657,0.2902835332078414,90.89949995269764,0.16345475688466513,2.7952433236142524,82.23753399616301
68,168,68.8002,12.9151,90,16.1848,0,118,121,38,130,32,1.02473,72.21558,0.0,0.0,0.42857,3.425,11.5508,0.0,0.0,131.0,59.96158,0.00907,2.68,1.346,-1.0,0.0,147.6303406900431,37.95601644633729,0.9013058823529413,0.26038779104609605,457.8105775595192,0.09167725797203637,0.22672151345983713,6.100260416666667,6.261546304792261,40943.65800102876,0.21399220144195702,76435.48272516717,3.563739831550002,0.2507047856396194,0.14072048936307832,0.2444902518258844,0.3225092292587727,0.28989383481826964,90.90754802078288,0.16356244022539396,2.7881554527635344,82.23034562889977
69,169,69.2706,12.3746,90,15.1232,0,118,121,39,131,32,1.02838,72.70169,0.0,0.0,0.39286,3.421,11.32495,0.0,0.0,131.0,60.02377,0.00888,2.67,1.355,-1.0,0.0,147.68421443340753,38.00444124951775,0.9020298039215686,0.25951398849394847,457.6022697709105,0.09166747867316154,0.22662051502960878,5.998505015432099,6.236790258324986,41490.17710148573,0.21402300960296028,76623.3127522174,3.2531493834007303,0.2506940521538897,0.14062052579899528,0.24487117908789013,0.3231372246122854,0.2898919054497435,90.94575865471697,0.16416088063552936,2.796431745829049,82.22533654712088
70,170,70.0247,11.7612,91,15.5077,0,118,121,39,131,33,1.03139,73.45502,0.0,0.0,0.75,3.442,10.83807,0.0,0.0,131.0,60.05837,0.00906,2.67,1.424,-1.0,0.0,147.73669742498356,38.06656919879678,0.9021321568627451,0.25868067057710276,457.40076182074836,0.09164265984845447,0.22661065732409164,5.832465277777778,6.197047493262001,42691.2394428145,0.2144321591580939,76648.21515945486,2.944648542969681,0.25060049810544627,0.1406143889908737,0.24525769655154914,0.3237102479342865,0.28984751705741296,90.96526845780566,0.16483658220816327,2.796431745829061,82.1914646009891
71,171,70.4495,11.2251,91,14.7269,0,118,121,39,130,33,1.03665,73.88808,0.0,0.0,0.5,3.43,10.29312,0.0,0.0,131.0,60.0708,0.00924,2.69,1.42,-1.0,0.0,147.72615702963188,38.123814712336035,0.9025811764705883,0.2584723843563594,457.2114355146743,0.09166137245084177,0.22668586998770968,5.685908564814815,6.153678569312309,43307.829030803696,0.21542915294251405,76700.74987201406,2.8734023944660705,0.25047186020057716,0.14062655689474188,0.24562187765056168,0.32440356266322923,0.28953323618813964,91.00943651254656,0.1650000276721183,2.807360657658857,82.14613412455462
72,172,70.3848,11.77,91,12.5659,0,118,121,39,131,33,1.03474,73.84653,0.0,0.0,0.46429,3.433,9.80295,0.0,0.0,131.0,60.06322,0.00924,2.67,1.36,0.125,0.0,147.6655745211914,38.27050366813754,0.902595294117647,0.2580011051356816,457.044577272971,0.09167826807511291,0.22662665778157962,5.486062885802469,6.053443104400162,43272.711807211395,0.21635378134810326,76693.09311052755,3.188856681560064,0.2504112273457507,0.14061280081583213,0.2458206196840588,0.3251119847909033,0.28931233752314817,91.08607382966004,0.16477471484693362,2.8039546094008263,82.17631709998057
73,173,70.1776,12.4931,91,14.146,0,118,121,39,131,33,1.03619,73.6428,0.0,0.0,0.39286,3.461,10.29863,0.0,0.0,131.0,60.06053,0.00904,2.67,1.442,-1.0,0.0,147.64485076567846,38.30746233904803,0.9026854901960784,0.2571277379131468,456.88968705184055,0.09168918903464734,0.22658375123693494,5.298032407407407,6.15392983894891,43105.850744865296,0.2167603457346339,76553.7105361474,3.052388618673162,0.2504122631325329,0.14069629539741832,0.24613981426437692,0.3258043023460646,0.28901034033447803,92.03811688611768,0.16514738259239417,2.8051430316156183,82.22426035600617
74,174,69.3106,13.0652,90,15.6691,0,118,121,39,131,32,1.03448,72.81136,0.0,0.0,0.28571,3.456,10.95273,0.0,0.0,131.0,60.02631,0.00914,2.68,1.391,-1.0,0.0,147.76531876322616,38.259163373782314,0.9024149019607843,0.25652177978994944,456.7424415222327,0.09167577924700784,0.2264032282818227,5.101900077160494,6.21436070722368,41735.094521025945,0.21677460328421483,76435.65808844421,2.7916396198886892,0.25024795538891664,0.14076175949721148,0.24637450391351146,0.3263479787870672,0.2885242824701599,89.52256129945951,0.16481196341757096,2.795243323614257,82.27742315133159
75,175,68.941,13.2533,90,15.4984,0,118,121,39,131,32,1.03121,72.4339,0.0,0.0,0.53571,3.445,11.45275,0.0,0.0,131.0,60.00807,0.00921,2.67,1.434,-1.0,0.0,147.80937818066235,38.23672372323495,0.9023250980392113,0.25576728813119354,456.6049104732737,0.09166800122425788,0.22613306910688893,4.922743055555555,6.2588492522341,41097.06432393097,0.21641385243298675,76410.64263254958,3.1825821147917037,0.25016401710148245,0.14071218440733557,0.24670247164919587,0.3264395522014363,0.287782658190243,91.8545508325283,0.1648251846754541,2.795243323614257,82.29316859276857
76,176,68.7193,13.3939,90,16.0515,0,118,121,39,131,32,1.02842,72.18419,0.0,0.0,0.46429,3.447,11.61508,0.0,0.0,131.0,59.97419,0.00931,2.67,1.352,-1.0,0.0,147.68517256852,38.2725766028887,0.9020298039215686,0.25473751428074903,456.4795536517729,0.0916732406425096,0.22613931994856618,4.8540219907407405,6.289130257891004,40855.801501682115,0.2163217090451708,76387.04412146789,3.1622947394947793,0.2501287374246498,0.1406779429158008,0.24709340492050158,0.32621759928637695,0.28662423746553356,91.07002172466973,0.16489517548314578,2.7952433236142533,82.31381732408852
77,177,68.4359,13.6743,90,16.6635,0,118,121,38,131,32,1.02358,71.87127,0.0,0.0,0.60714,3.444,11.73674,0.0,0.0,131.0,59.95304,0.00865,2.66,1.383,-1.0,0.0,147.6890427340805,38.45235735104408,0.9018792156862745,0.25377879660717934,456.35748368220914,0.0917073754483991,0.22604826642759512,4.792824074074074,6.310809360348688,40298.955941760665,0.21628256365098614,76285.62880426853,3.408189384187022,0.25002965089927853,0.1407079206900516,0.24751802658739,0.32603210567154484,0.28599856427643766,90.93308350383205,0.16501448847357691,2.7908080715277923,82.33737256165135
78,178,67.9429,13.7322,89,17.1794,0,118,121,38,131,32,1.02347,71.29361,0.0,0.0,0.53571,3.471,11.97874,0.0,0.0,132.0,59.90892,0.00933,2.69,1.425,-1.0,0.0,147.6573421916565,38.51035544313031,0.9013670588235294,0.25302572678854096,456.2349067006002,0.09169888214537153,0.2259734851588301,4.747395833333333,6.336949643212182,39314.72938371338,0.2162577298557792,76249.27742103423,3.714762212165491,0.24998400564360734,0.14069600098532242,0.2478346441619043,0.32611205178628333,0.2856276979061736,92.1606917314003,0.16512520960232363,2.7897788676993667,82.34831327662923
79,179,67.6428,13.9575,88,17.7763,0,117,121,38,131,31,1.02887,70.92693,0.0,0.0,0.57143,3.437,12.03354,0.0,0.0,132.0,59.88378,0.00904,2.67,1.369,-1.0,0.0,147.55197287406202,38.56793231728636,0.901144705882353,0.2525421497897805,456.12057110626887,0.09168396898513338,0.225834894002094,4.807581018518518,6.365243987351822,38882.70664382591,0.21642900819363947,75810.99763806057,3.66198127293486,0.24991412334698895,0.14067288298583927,0.2481793334956213,0.32640397876485716,0.28518888811586457,91.49043653207292,0.16495650789260502,2.785343615612901,82.35272876843412
80,180,67.1116,14.2534,88,17.0807,0,117,121,38,131,31,1.03027,70.41439,0.0,0.0,0.67857,3.422,12.22831,0.0,0.0,132.0,59.83006,0.00862,2.67,1.392,0.125,0.0,147.48037728917853,38.43506198459201,0.9010764705882353,0.25167985318895864,456.0012391454193,0.09167512083214537,0.22564836692310625,4.955150462962963,6.390162488797171,37719.90562422952,0.2162782917999876,75454.88876091827,3.731934498726233,0.24979302613245594,0.14070863360006464,0.24849354833637322,0.3266375865373954,0.2844360698224979,90.4952018533913,0.16519328303867872,2.7815025746338367,82.42040409569968
81,181,66.9897,14.481,88,17.346,0,117,121,38,131,31,1.0263,70.27867,0.0,0.0,0.71429,3.424,12.48063,0.0,0.0,132.0,59.79152,0.00925,2.66,1.349,-1.0,0.0,147.44569157020402,38.46942647298177,0.9015290196078433,0.2510542702101804,455.88835290837693,0.09170910279613369,0.22540711199856714,5.15210262345679,6.425969061721481,37523.764738968144,0.2163179564260209,74892.8192051501,3.9533345555972317,0.24974090742330665,0.14068241607912454,0.2487632722500649,0.3269339907459092,0.28361716372408774,89.89139956390792,0.16556253113631858,2.775443907611546,82.42919728583546
82,182,66.5883,14.7343,88,17.5646,0,117,121,38,131,31,1.02689,69.88746,0.0,0.0,0.64286,3.413,12.66845,0.0,0.0,131.0,59.73217,0.00926,2.67,1.307,-1.0,0.0,147.34371540944414,38.384401109483505,0.9011019607843138,0.25047804254123407,455.76719169061,0.09173983915764429,0.22544550114639375,5.290846836419753,6.454924540959043,36789.17523070775,0.21650894905712137,75064.49452826336,3.70681489845634,0.2496811850854532,0.14065436812763266,0.24907303565775046,0.3272881875083916,0.2827844714320651,91.94548094284603,0.1655580100491386,2.7780965263758,82.43971684787603
83,183,65.7532,14.8331,87,19.175,0,117,121,38,131,31,1.02425,69.15963,0.0,0.0,0.5,3.424,12.8804,0.0,0.0,131.0,59.68686,0.00917,2.68,1.372,-1.0,0.0,147.3193541784745,38.608123779296875,0.9012874509803922,0.24997572256993478,455.6653289893767,0.09171965702162556,0.22536953042374366,5.285108024691358,6.46848584727358,34982.05392240364,0.21636448529450447,74594.18945144211,3.86403606713113,0.24957678717626958,0.14058153026663223,0.24929816047764677,0.3278256131601593,0.2823530456161102,91.168071458154,0.16570269192622816,2.7825317784622676,82.5345681802142
84,184,65.8595,14.7577,87,20.0297,0,117,121,38,131,31,1.02725,69.25443,0.0,0.0,0.39286,3.428,12.97085,0.0,0.0,132.0,59.62492,0.00954,2.66,1.393,-1.0,0.0,147.16079730260265,38.55781253767602,0.9016105882352942,0.24881040679670077,455.55964279002205,0.09170355209338016,0.22527157424649405,5.219184027777778,6.463912116576388,35408.12229539458,0.21619177694161187,74643.82043400357,4.117221703173752,0.249427292364691,0.14052319852743522,0.24957738878600064,0.328342156974887,0.28225009228811854,92.16873385035453,0.16490155872563958,2.7798791596980124,82.49465177467359
85,185,65.9847,14.472,87,19.0507,0,117,121,38,131,31,1.02773,69.33667,0.0,0.0,0.35714,3.42,12.89932,0.0,0.0,131.0,59.55513,0.00917,2.68,1.449,-1.0,0.0,147.12807783614542,38.50014053156347,0.9007780392156862,0.24784633602357614,455.4574599727583,0.09165968461573334,0.22515170386458144,5.1535976080246915,6.45622627167288,35773.00068376814,0.21655797318564607,74685.9500876567,4.067253192022741,0.2493702713670908,0.1405858389963518,0.249810549349318,0.3289444912967225,0.2819039564117044,91.10311725167486,0.1650138857280056,2.781502574633835,82.47529782765893
86,186,65.8247,14.5959,87,18.991,0,117,121,38,131,31,1.02473,69.17043,0.0,0.0,0.64286,3.421,12.6378,0.0,0.0,130.0,59.46186,0.00863,2.67,1.404,-1.0,0.0,147.05472075324187,38.54915665991513,0.8991227450980392,0.24706542069519713,455.3569398753305,0.09165000320384545,0.2251115130388193,5.124662422839506,6.451961337876465,35920.65293225949,0.21696113455283086,75075.70187002764,4.491004523269865,0.24931457691141606,0.14053862000471998,0.2501051614406962,0.3296051610150537,0.28150347462516895,91.0777447276248,0.16543150659349906,2.7742554853967523,82.47110486932287
87,187,65.4295,14.5203,87,19.2791,0,117,121,38,131,31,1.02572,68.7898,0.0,0.0,0.64286,3.422,12.73317,0.0,0.0,130.0,59.33563,0.00882,2.67,1.404,-1.0,0.0,147.05016459515417,38.524558738425924,0.8973631764705883,0.24593091877342613,455.260099016719,0.09169087758898803,0.22506071757053064,5.2914255401234565,6.455366453133291,35191.51580099705,0.21700852759600134,74901.7837533498,3.926970569114052,0.24923527873564336,0.14054229739955135,0.25011844774449815,0.32995853837643413,0.28128127023852767,92.0245254384254,0.16497535014210482,2.7752846892251823,82.51184047430462
88,188,65.2744,13.8991,87,18.9176,0,117,121,37,131,31,1.0256,68.62047,0.0,0.0,0.57143,3.453,12.67364,0.0,0.0,130.0,59.28208,0.00924,2.65,1.459,0.125,0.0,146.89868681866693,38.47469565309124,0.8971181372549021,0.2450677862599629,455.1588427532212,0.09168948433387006,0.22485684770891393,5.250916280864198,6.447789892848155,35004.33964553486,0.217032104930576,74440.42683057745,3.8790951239122937,0.24925579633731168,0.14057697001927305,0.25024270750598754,0.3301658378200239,0.28123135537544275,92.1330177560579,0.16423935875872095,2.7780965263758097,82.54831675451199
89,189,65.2612,13.0926,87,18.5316,0,117,121,37,131,31,1.03032,68.60091,0.0,0.0,0.32143,3.449,12.12001,0.0,0.0,130.0,59.29671,0.00905,2.66,1.394,-1.0,0.0,146.73267589438746,38.66096195173852,0.897400745098039,0.24439369797457558,455.07472567615775,0.09170026053027694,0.22469133908942052,5.048996913580247,6.441934988442442,35351.34789756668,0.21698441017365322,74701.43060266376,3.8015543819683444,0.2492366935478201,0.14066571907117287,0.2503122385718816,0.3304852069077905,0.281063938208326,89.69404751137247,0.163383047821379,2.7853436156129017,82.50805561017103
90,190,65.1734,13.2887,87,17.2224,0,117,121,37,131,31,1.02973,68.52405,0.0,0.0,0.46429,3.474,11.40647,0.0,0.0,130.0,59.3674,0.00902,2.66,1.41,-1.0,0.0,146.26107153110036,38.922035876615546,0.8975207843137256,0.24307525921797493,454.98515811942144,0.09172010119063762,0.22458438031335043,5.041087962962963,6.404688432583359,35510.710006815105,0.21714587360612508,74955.3053163547,3.6711138920878312,0.24921487563857844,0.14070170392376966,0.2503136440893026,0.3305677820229815,0.28092618401332947,92.1833372816683,0.16287759691967663,2.7859378267203034,82.50075869574907
91,191,64.439,13.459,86,18.4626,0,117,121,37,131,31,1.0316,67.91184,0.0,0.0,0.85714,3.503,11.57071,0.0,0.0,130.0,59.30376,0.00963,2.67,1.503,-1.0,0.0,146.24157900145286,39.03314303174431,0.8968196078431374,0.2419480104326482,454.89652292922176,0.09173907788886063,0.22442988120396049,5.222752700617284,6.402350828337606,33933.194247242485,0.21740783405652084,74449.5234287942,3.2852137589888977,0.24915685564569862,0.14072404957647613,0.2503905059053796,0.33067373496805946,0.2810899419933067,90.6629234404036,0.16266079952525483,2.7952433236142524,82.60930659557278
92,192,64.6597,13.0989,87,20.9538,0,117,121,37,131,31,1.02131,68.10836,0.0,0.0,0.71429,3.509,11.7115,0.0,0.0,130.0,59.28262,0.00899,2.66,1.501,-1.0,0.0,146.19689023740546,39.20437358338156,0.8970797450980392,0.24138182859864984,454.8158621178072,0.0917154759924321,0.22442340770900693,5.561535493827161,6.417002155731808,34877.49405257696,0.21786968197976855,74701.74310609889,3.525227781802025,0.24909993232018982,0.1407215036305409,0.25050175398952657,0.33065325789664846,0.2817237336622644,92.29480248852454,0.1633241503431216,2.7940549013994627,82.5645722308043
93,193,64.9586,13.4372,87,18.89,0,116,121,38,131,31,1.02162,68.36183,0.0,0.0,0.39286,3.485,11.41038,0.0,0.0,130.0,59.37336,0.009,2.67,1.633,-1.0,0.0,146.05113140282688,39.36704112865307,0.8983235294117649,0.24087913207158027,454.71560890845706,0.091762872413487,0.2243277998927753,5.604890046296297,6.406010358862199,35784.12704725991,0.21861265996990648,75003.0592660003,3.4126220461129844,0.24894329822370304,0.1406634652194634,0.2507177414023847,0.33058942873256936,0.2821015733767767,91.57678968301971,0.16350795837521984,2.7958375347216493,82.5254222277297
94,194,64.6134,14.1569,87,19.8776,0,116,121,38,131,31,1.02622,68.09237,0.0,0.0,0.35714,3.488,11.7039,0.0,0.0,130.0,59.29418,0.00931,2.66,1.541,-1.0,0.0,146.19098825017483,39.29733257529177,0.8981501960784314,0.24055221814375935,454.6437438960517,0.09177232601077082,0.22439890469985654,5.6015625,6.414585601285089,35197.48677090099,0.21894277638483367,74960.47589955908,3.1140960072961477,0.24886688804634935,0.14065384912808396,0.2508561855151711,0.3306466887715379,0.2827967117867859,91.27183723823697,0.16318745452177058,2.793025697571028,82.58179524837557
95,195,64.3429,14.399,87,20.6407,0,117,121,38,131,31,1.02772,67.88122,0.0,0.0,0.85714,3.542,12.31603,0.0,0.0,130.0,59.14672,0.0093,2.67,1.66,-1.0,0.0,146.30002917725966,39.31587803216628,0.8977686274509804,0.23987759790332566,454.6159952406698,0.09176798415729831,0.22437249723801622,5.5687692901234565,6.456140233969443,34436.587006532645,0.21958954684888826,74812.26865279632,2.7044284929770717,0.2487678487902035,0.1405880711063525,0.2508573182904479,0.3305080492029224,0.2834109367085689,92.39862782222646,0.16307933023481513,2.7974609496574843,82.67380875617576
96,196,64.7936,14.9816,87,19.9442,0,116,121,38,131,31,1.02574,68.32313,0.0,0.0,0.57143,3.527,12.52547,0.0,0.0,130.0,59.15235,0.00933,2.69,1.688,0.125,0.0,146.15368306013568,39.5483113983531,0.8993792156862745,0.23944560103903734,454.60484977227856,0.09171864680228664,0.22427757613136137,5.883921682098766,6.480445829130132,35412.635500622004,0.2207604005409903,75013.44748065884,3.0235646663978493,0.24858187951175253,0.14055932794397114,0.25109572374965006,0.3299495916501969,0.28354739259399253,92.67481960819067,0.1629877160310492,2.793025697571025,82.61841916398797
97,197,64.9165,15.0096,87,20.223,0,116,121,38,131,31,1.02708,68.42897,0.0,0.0,0.21429,3.541,13.0148,0.0,0.0,130.0,59.09842,0.00912,2.68,1.805,-1.0,0.0,146.39123501410126,39.6839028817636,0.9000356862745098,0.23888607238315082,454.61210522610014,0.09174782349540352,0.22412929071128326,6.1351755401234565,6.507172685629045,35233.05528047036,0.22202454494500826,74937.78569857473,3.4784637948197297,0.24842805444427263,0.14054532619669816,0.2511918210155795,0.3296835324538453,0.28381334656516005,92.89154896015074,0.16287486365375706,2.7875612416561353,82.62994354495365
98,198,65.2996,15.0505,88,20.1436,0,116,121,38,131,31,1.02604,68.71536,0.0,0.0,0.25,3.548,13.02298,0.0,0.0,130.0,59.03416,0.0095,2.66,1.615,-1.0,0.0,146.41610861683196,39.55237909010899,0.90082,0.2386312215722942,454.6183394007691,0.09180774329338967,0.22403980598791504,6.30444637345679,6.520922252184343,35752.61958950402,0.22289576626618238,74933.1436396879,2.956378614999545,0.24834088065044035,0.14052351505648117,0.2513414978987837,0.32939363564040663,0.284108109901541,90.42318980101871,0.16212488264290287,2.790648853141441,82.62416549039443
99,199,65.307,,88,20.2397,0,116,121,38,131,31,1.02482,68.74677,0.0,0.0,0.21429,3.536,13.09534,0.0,0.0,130.0,59.03914,0.00948,2.67,1.715,-1.0,0.0,146.5508111097579,39.387144300672745,0.9025207843137255,0.23787768714964316,454.62771934875985,0.09176197173225195,0.22401141361317548,6.408661265432099,6.491171703840114,35641.128788865186,0.22374315175587406,74882.26000973748,3.1461898175789327,0.24824599540605263,0.14041702871309567,0.2512695470382941,0.3296082459869429,0.2841013324754422,90.78232171574949,0.16228324268848918,2.791916884549408,82.64625731397012
