,frame_number,SITI.SI,SITI.TI,VCA. E,VCA. h,VCA. epsilon,VCA. L,VCA. avgU,VCA. energyU,VCA. avgV,VCA. energyV,AGH.Blockiness,AGH.Spatial Activity,AGH.Letterbox,AGH.Pillarbox,AGH.Blockloss,AGH.Blur,AGH.TemporalAct,AGH.Blackout,AGH.Freezing,AGH.Exposure(bri),AGH.Contrast,AGH.Interlace,AGH.Noise,AGH.Slice,AGH.Flickering,cambi,cubcol.0.5,noise,blur,cubrow.0.5,temporal,color_fulness,saturation,fft,blockiness,staticness,cubrow.0.6,cubcol.0,cubrow.0.3,cubcol.1.0,cubrow.0,cubcol.0.6,cubcol.0.3,cubrow.1.0,contrast,movement,tone,uhdhdsim
0,300,47.4726,2.90107,23,0.0,0,115,133,6,125,5,1.0024,42.79738,0.0,0.0,3.0,5.085,0.0,0.0,0.0,128.0,53.85211,0.00021,0.0,0.972,0.0,9.583158,0.16383761525276586,0.19966023740101443,20561.576218781203,0.25198376741175615,0.0,161.7253906527221,33.77456024546682,65749.14874266385,2.202279001275041,609.7607171779603,0.11527512206094111,0.008953217562595595,0.22100972268810334,0.009448691925599783,0.10349178441143927,0.12568319785966994,0.020630201149556,0.164237969489591,88.53231225392385,0.0,0.7646909803921569,92.87728479095315
1,301,46.7334,2.86751,23,4.55035,0,115,133,6,125,5,1.00231,42.16726,0.0,0.0,3.67857,5.228,2.4556,0.0,0.0,128.0,53.89523,0.00026,0.0,0.932,-1.0,9.48233,0.15537199178929315,0.19744261135778804,19278.507213850058,0.24796419314559315,2.0263082495441758,161.5661684790404,33.83965894911024,65336.05418458634,2.3431270205394217,610.1169355443654,0.11314620167732427,0.007255690987864948,0.21388267111663198,0.007374725350669778,0.1010513124165955,0.12357333711218982,0.019487356180695616,0.15660962481283686,87.96875044785307,0.24209104938271606,0.7636494117647059,93.11861495236336
2,302,46.038,2.91088,22,4.17682,0,115,133,6,125,5,0.99942,41.56799,0.0,0.0,3.17857,5.299,2.42009,0.0,0.0,128.0,53.88088,0.00022,0.0,0.982,-1.0,9.59448,0.14668894298572266,0.19744261135778926,18285.23988331405,0.24611285251670487,2.0180716859109116,161.69323834911754,33.79682074652778,65246.088721431486,2.313085678221793,609.7189898064764,0.1137901366537759,0.006758629704899838,0.21095727324903235,0.007134756315305256,0.09929915399150442,0.12782334486600663,0.019058146576416246,0.15472599664784592,90.40290524778068,0.24609375,0.7627337254901961,93.28952497993691
3,303,46.6395,2.84114,22,4.18118,0,115,133,6,125,5,1.00265,42.06814,0.0,0.0,3.67857,5.238,2.46107,0.0,0.0,128.0,53.95169,0.00023,0.0,0.972,-1.0,9.604255,0.14206695169863556,0.19360157037872527,19366.600536215366,0.24572049106841073,2.0235140756241288,161.78845336693902,33.83298068576389,65526.80632470036,2.2265873199629516,610.0074191939433,0.1144098938378248,0.006512341016192292,0.2100490059847534,0.006577757672571234,0.0984460026579985,0.13185116631830662,0.01868893996858699,0.1553738367212175,88.37867337090044,0.24377893518518517,0.7633368627450982,93.15811570560675
4,304,47.5457,2.72114,23,4.66185,0,115,133,6,125,5,0.97928,42.85402,0.0,0.0,3.53571,5.039,2.39979,0.0,0.0,128.0,53.98773,0.00025,0.0,0.96,-1.0,9.653944,0.14203494274214581,0.19360157037872625,20705.98831782831,0.24639217111626746,2.0421076148926307,161.33105150299434,33.87213040575569,65810.06338018815,2.0027447974301906,609.8350933322067,0.11541022490060902,0.006390263345699871,0.21083894947829493,0.006372367559133612,0.09925464440505667,0.13602232379165144,0.01813878047327034,0.15735745635622372,89.94139783714236,0.23596643518518517,0.7641254901960784,92.88333394364308
5,305,46.8798,2.61977,23,4.54406,0,115,133,6,125,5,0.97337,42.2855,0.0,0.0,3.0,5.171,2.30163,0.0,0.0,128.0,54.0118,0.00022,0.0,0.954,-1.0,9.51241,0.1450510094887535,0.19360157037872747,19482.950136395342,0.24650526092002364,2.029954952785777,161.45692260624153,33.81997228551794,65365.6865245829,1.949012380466194,609.9509083128479,0.11554418307521346,0.0062401923946412054,0.21065427821939475,0.006158927401597384,0.09924871469702566,0.13823497758495792,0.01813536682922424,0.1580272134984524,91.89802372915545,0.21576003086419754,0.7630313725490196,93.0852648022619
6,306,46.02,2.6629,22,4.32862,0,115,133,6,125,5,0.98604,41.54428,0.0,0.0,3.42857,5.337,2.20742,0.0,0.0,128.0,54.01815,0.00022,0.0,0.974,-1.0,9.540115,0.1485245758158821,0.19581919642195222,18168.27722992304,0.24505584494568916,2.0189666986728123,160.99090575088763,33.905300375856,65041.415736322495,2.043975292021215,609.8270849880098,0.11561389429063099,0.0061999776215854304,0.2097001071097799,0.0060814341472270154,0.09895332232144514,0.13933862333593836,0.01777317467379903,0.15946478169286638,90.60648422612866,0.19536072530864199,0.7630164705882354,93.332825500499
7,307,46.8307,2.55087,23,4.78568,0,115,133,6,125,5,0.98714,42.21418,0.0,0.0,2.92857,5.217,2.2455,0.0,0.0,128.0,54.06701,0.00021,0.0,0.93,-1.0,9.53516,0.14918678165800964,0.1936015703787268,19735.77635801611,0.24520285255626342,2.044643757268195,161.4553713102205,33.842635543258105,65684.18586810805,2.2207587231978247,609.896334994026,0.11580639153334896,0.006139800886910849,0.20978368854161322,0.0059477311207403885,0.09864516611985717,0.14031373474991182,0.01769868374873784,0.16170630585538778,90.05025267985408,0.1867283950617284,0.7630313725490196,93.12445189812941
8,308,48.2803,2.44972,23,5.4854,0,115,133,6,125,5,0.98287,43.47632,0.0,0.0,3.46429,4.961,2.14513,0.0,0.0,128.0,54.10122,0.00026,0.0,0.995,0.51209,9.582689,0.14840700724116704,0.19581919642195877,21889.388327535264,0.24614889291493872,2.0442378776733405,161.12968276136158,33.90376507794415,66054.84957711799,2.1074582694345696,609.7997931671636,0.1161658271738557,0.0061452274949049136,0.2104198484939326,0.005918180902216733,0.09904720298974225,0.14195247961586518,0.01766157905324508,0.16257656768684875,90.98854444308894,0.16396604938271606,0.7636184313725491,92.68936675749765
9,309,47.3133,2.38589,23,5.1259,0,115,133,6,125,5,0.98761,42.65783,0.0,0.0,3.17857,5.075,2.05836,0.0,0.0,128.0,54.10804,0.00022,0.0,0.978,-1.0,9.551907,0.14946445113730947,0.19360157037872675,20107.453912036788,0.24630606490695056,2.032528799736737,161.839364709221,33.759493415738326,65508.20081844332,2.277331700439364,609.8245313066718,0.11629754632386122,0.006065394336313699,0.2110998664629175,0.005942868952941609,0.0991925217673598,0.14290145420809022,0.017815018151945226,0.16337431874431843,88.37383521874635,0.14207175925925927,0.7630313725490196,92.90759255069979
10,310,46.2667,2.3251,22,4.64314,0,115,133,6,125,5,0.99027,41.75699,0.0,0.0,3.85714,5.273,1.99888,0.0,0.0,128.0,54.09926,0.0002,0.0,0.976,-1.0,9.547353,0.15003238727140533,0.19744261135778443,18557.315474510775,0.24609960070558495,2.0526881511406776,161.10796969749765,33.95123385205681,65305.843717645286,2.084126592673441,609.7317907561031,0.11642214544236454,0.00612280238975043,0.2106206865272557,0.005917320395369973,0.09897289772671153,0.14332298405477176,0.017903996322275465,0.1635008374132141,87.48516077388712,0.3215181327160494,0.7630313725490196,93.22916516025634
11,311,47.1315,2.2205,23,5.35618,0,115,133,6,125,5,0.98706,42.46633,0.0,0.0,3.28571,5.076,1.94806,0.0,0.0,128.0,54.14196,0.00023,0.0,0.974,-1.0,9.577828,0.15046398052984158,0.1936015703787274,20300.516560567758,0.2464125620339703,1.9994284484247917,161.54539740321528,33.79847189820843,65847.66982359513,2.111093992870354,609.7311357663168,0.11647983318374398,0.006167406041511344,0.21095994630781562,0.005909936031652133,0.09890520393520374,0.14390552648322194,0.01798267705431369,0.1646131281311333,91.34396105436261,0.33232060185185186,0.763596862745098,92.97295893924917
12,312,48.744,2.0643,23,5.73603,0,115,133,6,125,5,0.98557,43.85127,0.0,0.0,2.71429,4.879,1.85739,0.0,0.0,128.0,54.17722,0.0003,0.0,0.957,-1.0,9.515482,0.15024797792855377,0.19360157037872602,22706.498468163885,0.24711807416135,2.005281574339831,161.16702691280378,33.89991458845728,66261.86825749434,2.4646087445363145,609.6524754262599,0.11671344920986569,0.0060676388641936,0.21167578802766235,0.0058569323406156195,0.0994273838966155,0.1447225975874492,0.017837130323696562,0.16606056162143096,89.53267052609304,0.2595486111111111,0.7643784313725491,92.52460236404187
13,313,47.7336,2.00329,23,5.65863,0,115,133,6,125,5,0.9764,43.01563,0.0,0.0,2.39286,4.985,1.72352,0.0,0.0,128.0,54.18415,0.00024,0.0,0.962,-1.0,9.541764,0.1507346166696202,0.19744261135779093,20778.83914929883,0.24734402672150554,1.9609203181374715,161.70486775286994,33.735524118682484,65683.52443223374,2.02834838954347,609.6525924430197,0.11680347736347964,0.006068926177291424,0.21205396662879364,0.005906985836090923,0.09973868620672569,0.14552297566800929,0.017863659121893076,0.16642692733342915,93.15504825446291,0.17578125,0.763596862745098,92.80921498353294
14,314,46.8546,1.96223,23,4.22013,0,115,133,6,125,5,0.97404,42.25759,0.0,0.0,3.17857,5.151,1.6615,0.0,0.0,128.0,54.15186,0.00029,0.0,1.018,-1.0,9.523015,0.15062821003973617,0.1936015703787265,19454.761022271512,0.24736314079649813,1.9189088384811912,161.64020889482828,33.808801910023625,65393.89613796459,1.963190144940109,609.5695319806753,0.11682473279615616,0.0060801047233487665,0.21192396242129677,0.005861321657044964,0.09970667230182305,0.14609172929546776,0.017799673420842873,0.16730669634041367,89.9619322184357,0.15354938271604937,0.7630313725490196,93.04805687327146
15,315,47.517,1.89261,23,4.46157,0,115,133,6,125,5,0.98763,42.80793,0.0,0.0,2.92857,4.995,1.62492,0.0,0.0,128.0,54.1907,0.00025,0.0,0.984,-1.0,9.586959,0.1501888297351136,0.19360157037872613,20755.883942901,0.2477439311412823,1.8969533559012517,161.60091832972756,33.76619824068046,65815.77803880822,2.131606296012506,609.5559556328934,0.11691969350135696,0.006062786112809121,0.21214533108885605,0.005808604745885734,0.0997140125175856,0.14649750539083384,0.01778425874863714,0.16796905723830638,89.21073698480915,0.2989486882716049,0.763596862745098,92.8537427077548
16,316,48.637,1.84283,23,4.64414,0,115,133,6,125,5,0.99127,43.77436,0.0,0.0,3.07143,4.888,1.56213,0.0,0.0,128.0,54.19814,0.00021,0.0,0.944,0.50849,9.508341,0.14936605681807943,0.1974426113577883,22456.398616566617,0.2484881544842775,1.8758275351468818,162.0761623107586,33.75012188193239,66210.86555902928,2.0781409928260386,609.4817269514424,0.11693698937471482,0.006016925727459282,0.2126249935358469,0.005823523564830654,0.09993154845725621,0.14715285384003887,0.017789032151198505,0.16850081819299478,87.68832535575743,0.3001543209876543,0.7636494117647058,92.51267578086002
17,317,47.9973,1.9429,23,4.28442,0,115,133,6,125,5,0.98491,43.23995,0.0,0.0,2.78571,4.922,1.51848,0.0,0.0,128.0,54.16452,0.00027,0.0,0.937,-1.0,9.575281,0.14794799739483608,0.19360157037872594,21180.31175895913,0.2488009560318227,1.8474360256385498,161.69784132119753,33.79737627947772,65759.70869288634,2.207269344445503,609.4786070515621,0.11694151475007634,0.006014736354530887,0.21299412909315757,0.0058053239927661985,0.10009208795668034,0.14764110583034398,0.017821272232748195,0.16909863543126227,91.07753633424356,0.2591145833333333,0.7627188235294118,92.72427332249751
18,318,47.408,1.97679,23,3.71588,0,115,133,6,125,5,0.98126,42.73996,0.0,0.0,3.07143,5.039,1.60672,0.0,0.0,128.0,54.14422,0.00022,0.0,0.937,-1.0,9.524513,0.14731259387957585,0.19581919642195564,20302.05541466628,0.2488778460693257,1.8864550206697979,161.579052930388,33.791049156659916,65651.7046869576,2.282256336468386,609.4023402748967,0.1169313664776941,0.00602304420116229,0.21307859837540705,0.005792442908363298,0.10011849563796897,0.14800451945728343,0.017784011089081255,0.1694340397225634,90.5430602406311,0.2924382716049383,0.7613498039215687,92.83755289601254
19,319,47.8723,1.94231,23,4.29461,0,115,133,6,125,5,0.98705,43.10731,0.0,0.0,2.32143,4.928,1.63938,0.0,0.0,128.0,54.15669,0.00025,0.0,0.94,-1.0,9.428861,0.14711946653852997,0.19744261135779118,21374.54229355107,0.2492140326493338,1.8476762095283907,161.41410552308915,33.80455940152392,66089.35853519209,2.1221916814518917,609.3847518141018,0.11695381617930262,0.006001469833865801,0.21335300595592627,0.005814952822650118,0.1001751536963235,0.148216235918107,0.017769041345303348,0.16983500815470107,87.88937042653474,0.3154417438271605,0.7613498039215687,92.75854261277468
20,320,48.7724,1.94866,23,4.25063,0,115,133,6,125,5,0.99468,43.87812,0.0,0.0,2.78571,4.907,1.606,0.0,0.0,128.0,54.16407,0.00027,0.0,1.03,-1.0,9.480027,0.14695602186151577,0.19360157037872547,22774.22011766271,0.24972006288139517,1.8567974470198032,161.72006311483068,33.72185996726707,66317.83181188043,2.2975259235482945,609.3295612602063,0.11697579910828304,0.005995100968730258,0.21376530567705795,0.005777907800029346,0.10043762227412333,0.14866136690587453,0.017763427821817338,0.169995438858034,92.57838394522,0.4861111111111111,0.7614023529411764,92.47491897960904
21,321,48.1223,1.99596,23,4.40733,0,115,133,6,125,5,0.99177,43.35428,0.0,0.0,2.85714,4.898,1.61502,0.0,0.0,128.0,54.16387,0.00025,0.0,0.975,-1.0,9.579312,0.14701216567943678,0.19744261135778626,21363.705194808448,0.24996018876777093,1.8552004158092812,161.7995229373469,33.73809720263069,65937.3487969884,2.104143934018342,609.3195075934825,0.11691104055401924,0.005996840677846524,0.21405653853485476,0.005802993091135413,0.10058243453807847,0.14897982623959483,0.017730734572308064,0.17016192495697785,91.00598864982128,0.5369405864197531,0.7613498039215687,92.69050851174568
22,322,47.4159,2.3425,23,3.82571,0,115,133,6,125,5,0.98629,42.75015,0.0,0.0,3.03571,5.049,1.65257,0.0,0.0,128.0,54.1368,0.0003,0.0,0.952,-1.0,9.527159,0.1471076918329478,0.19360157037872805,20285.626716803756,0.2500940656379276,1.8751457419352615,161.81053446734572,33.64246679235387,65748.45777867445,2.269660282311072,609.250391852522,0.11690676680994305,0.005979643593212609,0.21412340760884488,0.005789583774203884,0.1005717294137308,0.14908441794072272,0.01779695321951526,0.17035326775303858,89.76274203230501,0.5457175925925926,0.7613498039215687,92.87482942112176
23,323,48.0092,2.42585,23,4.71413,0,115,133,6,125,5,0.99131,43.21303,0.0,0.0,2.67857,4.955,1.96169,0.0,0.0,128.0,54.16971,0.00021,0.0,0.925,-1.0,9.452982,0.1470047382024658,0.19744261135778737,21632.140896985795,0.25033236004016124,1.9221296441257962,161.34047277222533,33.792177930290315,66108.13253131269,2.1457755214937255,609.234680722739,0.11693537294487573,0.00594419447629809,0.21428402651688222,0.005745162030593731,0.10057708652161758,0.1493535404970102,0.017693174076439295,0.17030003830064985,93.25867043239066,0.6574074074074074,0.7613498039215687,92.75341052574248
24,324,48.9523,2.36125,23,4.59009,0,115,133,6,125,5,0.98929,44.02513,0.0,0.0,2.89286,4.868,2.03688,0.0,0.0,128.0,54.14857,0.00027,0.0,0.995,0.51415,9.545909,0.14631008289513858,0.1958191964219551,23042.801122682264,0.250688270718295,1.954451062184804,161.53348759860637,33.82021868670429,66328.50295530347,2.43977937490803,609.1886529471569,0.11713973318572739,0.0059328443368970325,0.21468124028125252,0.005763118129502757,0.10070633252226688,0.14971829095732783,0.017623304691380924,0.17013057606909282,91.94530152173073,0.8292824074074074,0.7614023529411764,92.4764200097317
25,325,48.4387,2.32083,23,4.52595,0,115,133,6,125,5,0.98406,43.62856,0.0,0.0,2.42857,4.891,1.98041,0.0,0.0,128.0,54.14711,0.00023,0.0,0.984,-1.0,9.496871,0.14570975792427412,0.1974426113577854,21891.902461408114,0.25082493401150885,1.9703792494273975,161.49297578193398,33.82948096004533,65920.72204187202,2.344758990794405,609.172814523839,0.11734970568971988,0.005931785751801078,0.2150315849288911,0.005751091240445561,0.10089633007034553,0.15002349720158065,0.017621559764432894,0.16999109035277266,90.91202128341058,1.0764371141975309,0.7613498039215687,92.64794294680047
26,326,47.9613,2.31917,23,3.90515,0,115,133,6,125,5,0.98717,43.22442,0.0,0.0,2.67857,4.944,1.9395,0.0,0.0,128.0,54.10757,0.00025,0.0,0.939,-1.0,9.49624,0.1453419862961062,0.19581919642195825,21134.16151557208,0.2508472332233259,1.9849831279538164,161.85240063205072,33.698712761019486,65775.97424137172,2.3827633415783023,609.1151347465047,0.11760667573423912,0.0059662128229834065,0.21512847547031516,0.005732048075579096,0.10094618018218923,0.15026457848256544,0.017607616240884024,0.16997749784430632,91.6850227309527,1.1017554012345678,0.7613498039215687,92.76020773876454
27,327,48.3334,2.10813,23,4.64227,0,115,133,6,125,5,0.99216,43.50283,0.0,0.0,2.71429,4.928,1.94089,0.0,0.0,128.0,54.12775,0.00021,0.0,1.046,-1.0,9.454632,0.14521939803122702,0.19744261135778873,22065.022044181296,0.2510199412980559,1.981673444967589,161.8129404117599,33.774009422019674,66092.35124313147,2.25909003026772,609.1032462198723,0.1178011588547874,0.005945455273198771,0.21524284782986303,0.005748842040748202,0.10100728463123314,0.15055310506087022,0.017557633094624204,0.16959928759658718,91.89105044424764,1.0666956018518519,0.7613498039215687,92.73579986231381
28,328,49.0869,2.00118,23,4.00994,0,115,133,6,125,5,0.99232,44.16428,0.0,0.0,2.25,4.86,1.75405,0.0,0.0,128.0,54.1301,0.00025,0.0,1.087,-1.0,9.50131,0.1453581013932345,0.1936015703787249,23156.243817449114,0.25125399226938094,1.9174109950987333,161.76554944510974,33.74637443636671,66385.29371826132,2.613505311218059,609.053534649483,0.11802619503503205,0.005957482223890173,0.21557349292051003,0.005747745500316541,0.10112979909706833,0.15080509168220066,0.017498903542352017,0.169037420208152,92.87723324978899,0.9577546296296297,0.7619368627450981,92.55385004567138
29,329,48.5741,1.96044,23,4.60822,0,115,133,6,125,5,0.98942,43.77128,0.0,0.0,2.78571,4.891,1.66088,0.0,0.0,128.0,54.14327,0.00019,0.0,0.909,-1.0,9.5088,0.14593966044866932,0.19581919642195722,21896.451855481002,0.25140046033569646,1.8638216597275468,161.66177527102727,33.7531864495925,65934.6519880068,2.4376397216064665,609.0395734293909,0.11826799435476634,0.005932541679535423,0.21567154526436189,0.0057435137336307234,0.10128455864591698,0.15107075857463384,0.017523035899420572,0.16818548603829442,92.48468782315476,0.8888888888888888,0.7613647058823529,92.66676803709257
30,330,47.7629,2.07567,23,4.21776,0,115,133,6,125,5,0.99108,43.08315,0.0,0.0,2.82143,4.983,1.62384,0.0,0.0,128.0,54.12555,0.00022,0.0,1.071,-1.0,9.444208,0.14648320721194663,0.19360157037873046,20626.621040397575,0.25137462371781094,1.835567565719945,161.61043794219762,33.72803318353347,65660.34864708009,2.061842743307757,608.9895915173975,0.11842520223648298,0.005939565852949581,0.21565417788088279,0.005762702409247862,0.10125080048427045,0.151200321734796,0.017489299169824585,0.16720055959537647,91.16432084245754,0.9294945987654321,0.7613647058823529,92.84193140474983
31,331,48.3661,2.01508,23,4.58867,0,115,133,6,125,5,0.98686,43.57083,0.0,0.0,2.67857,4.921,1.72413,0.0,0.0,128.0,54.17288,0.00022,0.0,0.951,-1.0,9.405253,0.14700879230917618,0.1958191964219497,21927.835897597954,0.25148445622709953,1.8375059488719805,161.40770412311446,33.846850736641585,66015.54703787337,2.1884395660420752,608.9887301602213,0.11861699483239345,0.005926729890813706,0.21572150718342828,0.005744680372663911,0.10118992936089657,0.15123928757953436,0.017459004404830857,0.16584705130609545,88.4324323232169,0.6968074845679012,0.7618039215686274,92.708049601561
32,332,49.2497,2.08635,23,4.35945,0,115,133,6,125,5,0.99056,44.33888,0.0,0.0,3.21429,4.832,1.67447,0.0,0.0,128.0,54.1796,0.00029,0.0,0.988,0.50733,9.472236,0.1474209484492277,0.19360157037873008,23266.28458441358,0.251753015464391,1.8299828215198124,161.17638654776619,33.87496401939863,66292.14998438799,2.6587917590425088,608.9545380486156,0.11889539444634975,0.0059311292688739685,0.21591945740299495,0.005749980766191653,0.10124715003023599,0.15133921674066872,0.01745531002671814,0.16443864077098075,90.02226125514589,0.5010609567901234,0.7629419607843138,92.4644022584812
33,333,48.6264,1.92874,23,4.44744,0,115,133,6,125,5,0.99049,43.83347,0.0,0.0,3.03571,4.874,1.7403,0.0,0.0,128.0,54.18643,0.00029,0.0,0.958,-1.0,9.431747,0.14799411749444916,0.19360157037873152,21926.133028109063,0.25182042984892106,1.8524145123224884,161.7986000021502,33.75809959129051,65926.64647649486,2.6523040136468303,608.9561596635323,0.11916231305825307,0.005901651613535696,0.21602516948477965,0.005724312232055208,0.10134551270891563,0.15142076289984385,0.017448419878297226,0.16319347358790776,88.27752682753733,0.40412808641975306,0.7613647058823529,92.70647452865818
34,334,48.0191,1.84931,23,3.71245,0,115,133,6,125,5,0.98762,43.31235,0.0,0.0,2.85714,4.961,1.59494,0.0,0.0,128.0,54.18307,0.0003,0.0,0.954,-1.0,9.475544,0.14868780285820307,0.1936015703787274,20999.39565044368,0.25183183762926326,1.8177354940664192,161.1641319017495,33.84667686179832,65787.73748026244,2.366060120573606,608.931461825767,0.11942989030017846,0.0059153217512051175,0.21605321802699146,0.005747547597985994,0.10134388058273475,0.1514931408883954,0.01745959744659558,0.16202483887536342,89.18624836203855,0.37861689814814814,0.7614023529411764,92.83817700383597
35,335,48.4769,1.72345,23,4.02181,0,115,133,6,125,5,0.98965,43.67281,0.0,0.0,2.89286,4.91,1.52901,0.0,0.0,128.0,54.20747,0.00032,0.0,0.931,-1.0,9.455118,0.14903477608967464,0.19360157037873024,21994.308945916153,0.2519449167462026,1.7630643851642422,161.73456166284592,33.762205712589214,66138.81805381946,2.194890597760728,608.9355024984233,0.11974185403829728,0.0059194958003793395,0.216143837165896,0.005743058611735992,0.10128991293171401,0.15155862336732112,0.017455826596296426,0.16087340296637298,88.64294252198354,0.4200424382716049,0.7613498039215687,92.72073441160934
36,336,49.174,1.83018,23,3.81838,0,115,133,6,125,5,0.98661,44.27554,0.0,0.0,2.71429,4.844,1.41335,0.0,0.0,128.0,54.22421,0.0003,0.0,0.967,-1.0,9.491291,0.14942645025739407,0.19744261135778748,23123.02319009339,0.2521690323834399,1.7389225846486769,161.79723733952585,33.698235217435865,66320.66401376593,2.3525051480902657,608.9192485286015,0.11994109649569999,0.005889237891165414,0.21630898496016138,0.0057470546285064575,0.10141706377028788,0.15168517157480055,0.017440056567532673,0.159786555188125,89.20587880973814,0.4032118055555556,0.7620352941176471,92.52627571684687
37,337,48.572,1.84893,23,4.46452,0,115,133,6,125,5,0.98786,43.78635,0.0,0.0,2.85714,4.905,1.50936,0.0,0.0,128.0,54.2433,0.00023,0.0,0.954,-1.0,9.449193,0.14994401926805748,0.1936015703787268,21781.845423787356,0.2522008572427604,1.7672370435969582,161.54598850560058,33.74791595082225,65767.83331926077,2.143703605122986,608.9323811792128,0.12018090056277718,0.005895843713855595,0.21641276908762908,0.005747390889039668,0.101473503665832,0.15167183751423197,0.017426276032635673,0.15879526278130449,88.80772400733059,0.41478587962962965,0.7614023529411764,92.6726222539483
38,338,47.6836,1.89258,23,4.12783,0,115,133,6,125,5,0.99207,43.02443,0.0,0.0,3.0,4.982,1.52297,0.0,0.0,128.0,54.22261,0.00029,0.0,1.018,-1.0,9.414867,0.15046892332960107,0.19966023740101346,20436.72611655086,0.25211986462916536,1.7794825990925707,161.57987969442576,33.78735257372444,65603.62518583669,2.288092692195083,608.9145235080609,0.12040304692516854,0.005895806032934914,0.21631502011993542,0.00573691829688191,0.10148846903893753,0.15172196953958175,0.017443196845910353,0.15785712019152043,91.34568793366805,0.43658371913580246,0.7613647058823529,92.82979364669359
39,339,48.3333,1.68724,23,4.13739,0,116,133,6,125,5,0.99666,43.55006,0.0,0.0,2.67857,4.927,1.56495,0.0,0.0,128.0,54.25548,0.0002,0.0,0.913,-1.0,9.449224,0.1508660430761632,0.19581919642195242,21736.017003749446,0.25218239005515236,1.7850322183580138,161.61734544002917,33.79155382697965,66095.53461523713,2.1633334551197967,608.9299292654172,0.12056574280508467,0.005886950145655958,0.21645790287145705,0.005740200555891055,0.1014664693435093,0.1517461589722087,0.017445390617204272,0.15689242874415846,88.00848342194396,0.4464216820987654,0.7613498039215687,92.66443187187492
40,340,49.0694,1.72484,23,3.81059,0,115,133,6,125,5,0.99081,44.19825,0.0,0.0,2.60714,4.85,1.38168,0.0,0.0,128.0,54.26644,0.00022,0.0,0.94,0.50823,9.606707,0.15117668679211252,0.19360157037872586,22861.942606423356,0.25232148228653484,1.7553776775654468,161.66305962168707,33.70618259759597,66218.52515796002,2.4584569316857743,608.9176419390373,0.12084833119312911,0.0058859942262558815,0.2165761791332957,0.005745219068175121,0.10156462204116201,0.15182111774731868,0.017459441350614804,0.1560232792747013,88.76817695485005,0.47550154320987653,0.7619368627450981,92.48250208684973
41,341,48.2591,1.8135,23,4.30692,0,116,133,6,125,5,0.99356,43.52005,0.0,0.0,2.60714,4.93,1.41622,0.0,0.0,128.0,54.27349,0.00021,0.0,0.915,-1.0,9.427705,0.15164503472590132,0.19744261135778582,21289.724156256318,0.2523357382833437,1.7834213085488264,161.41962539696848,33.80221614131221,65714.99766428482,2.1336369594238747,608.9276062770305,0.12112740963995569,0.005883467231352965,0.21663823021397968,0.005739373483252747,0.10161879580549384,0.15186710781463555,0.01746180655308731,0.1551955121621924,91.44329669034434,0.4635416666666667,0.7613498039215687,92.75162752577076
42,342,47.2097,1.90308,23,4.20825,0,116,133,6,125,5,0.99278,42.62601,0.0,0.0,3.57143,5.091,1.49055,0.0,0.0,128.0,54.23636,0.00019,0.0,0.942,-1.0,9.58344,0.152140936171624,0.19581919642195633,19765.76096393437,0.25217075939749073,1.8357044413627959,161.85681549136984,33.701997733410494,65465.740591059366,2.0704371585072745,608.9085296789707,0.12141372633399024,0.005920933923866865,0.2165351309374816,0.005740492110068406,0.10154065067897522,0.15183029846848106,0.017480776278041458,0.15440237575651666,92.3802343176902,0.46079282407407407,0.7613498039215687,92.98315464359413
43,343,47.9215,1.74281,23,4.10185,0,116,133,6,125,5,0.99416,43.2159,0.0,0.0,2.60714,4.99,1.57146,0.0,0.0,128.0,54.27975,0.00022,0.0,0.912,-1.0,9.501695,0.15248247610319607,0.19581919642195902,21107.61353612827,0.2521800966224715,1.825496014673403,161.56006225906353,33.738072901596254,66028.60004215883,2.089692711112862,608.9181472527064,0.1215742025065969,0.005912912230393042,0.21649044866147402,0.005756861978937993,0.10147028865096001,0.151817341276842,0.017482149303720468,0.15366971614111968,91.84561618286553,0.5328896604938271,0.7613647058823529,92.76450518978116
44,344,48.8988,1.53148,23,4.0479,0,115,133,6,125,5,1.00147,44.06817,0.0,0.0,2.92857,4.855,1.42834,0.0,0.0,128.0,54.28327,0.00035,0.0,0.973,-1.0,9.473246,0.1528036212978191,0.1936015703787292,22604.85213136655,0.2523042867816677,1.7893016169700875,161.9742510574152,33.71392803427614,66305.46351862086,2.318754657414159,608.9068946756893,0.12178079285106212,0.005920977213091328,0.21661374236787323,0.005736766571534532,0.101542129688557,0.15193173303771118,0.017491199216988728,0.15295874335963516,93.2518661385183,0.5731095679012346,0.7629419607843138,92.48726763211566
45,345,48.0513,1.49633,23,3.98614,0,116,133,6,125,5,0.99614,43.35566,0.0,0.0,2.89286,4.963,1.23713,0.0,0.0,128.0,54.30395,0.00022,0.0,0.981,-1.0,9.459098,0.15317862825611867,0.19581919642195902,20999.41398031456,0.2523042536459569,1.7086128290633655,161.70914505769622,33.733563270097896,65719.17990008544,2.1522103277454643,608.9195308019221,0.12199886414445413,0.005917614285049393,0.21665311949040975,0.005730343640367236,0.1015691874357913,0.15197171742683202,0.01749510641665294,0.15227720884124094,87.5614693784122,0.587914737654321,0.7619368627450981,92.7614118323952
46,346,47.327,1.46904,23,3.57699,0,116,133,6,125,5,0.99458,42.71968,0.0,0.0,3.17857,5.06,1.20416,0.0,0.0,128.0,54.25496,0.00028,0.0,0.965,-1.0,9.457589,0.15354540626497865,0.19744261135779076,20019.82975035985,0.2522504040880596,1.6984441636864291,161.74257592392334,33.63519249433352,65605.86123384099,2.1579820686472515,608.9007464803886,0.12214847148007693,0.005905278939182278,0.21651039043897702,0.005737655425035769,0.10149119260644128,0.15200892359152712,0.017518998612489296,0.15160547100003488,89.21863830796606,0.5439814814814815,0.7613647058823529,92.9333639285544
47,347,47.9574,1.38709,23,3.1939,0,116,133,6,125,5,0.98647,43.28429,0.0,0.0,2.71429,4.965,1.17993,0.0,0.0,128.0,54.29018,0.0002,0.0,0.914,-1.0,9.476848,0.15384479817908403,0.1996602374010071,20858.153323187922,0.25225595923043265,1.6754619395573715,161.9124706803502,33.710184356312695,65657.07586785045,2.099746291506369,608.9123761498088,0.12233428423396972,0.005889141743471203,0.21652269309615305,0.005739280398132064,0.10145738318350911,0.1520453640677037,0.01757737444507737,0.15098254064104788,91.93563941551379,0.49483989197530864,0.7616552941176471,92.74686145205442
48,348,47.6559,1.47425,23,2.71089,0,116,133,6,125,5,0.98359,43.01116,0.0,0.0,3.0,5.011,1.10475,0.0,0.0,128.0,54.27163,0.00016,0.0,1.002,0.50926,9.385642,0.15413419916311227,0.1936015703787286,20468.526452734386,0.25219998658371545,1.6291433802131048,161.95281302042244,33.68564351399739,65607.10570610772,2.0091861176992847,608.9014910403866,0.12249297734050969,0.005912833339655965,0.21642388164165346,0.005720242951517974,0.10139328431311043,0.1520948600739787,0.017630507830658514,0.15038551330364103,89.2125708817038,0.4423707561728395,0.7613498039215687,92.83564172374342
49,349,47.8985,1.49888,23,2.73731,0,116,133,6,125,5,0.9787,43.22366,0.0,0.0,2.78571,4.992,1.18766,0.0,0.0,128.0,54.30176,0.00022,0.0,0.962,-1.0,9.345707,0.15436742878958443,0.19744261135778748,20779.316457773137,0.25215848253527534,1.6692042795759698,161.981893842852,33.620595484604074,65707.22631076447,1.9520966561104038,608.9154999376598,0.12261312281370468,0.005897638078896298,0.21645067749898572,0.005721611636582501,0.10137532211894655,0.15213255979016502,0.017665870826452625,0.1497904350270975,88.73815114083185,0.4104938271604938,0.7613647058823529,92.78213089923392
50,350,47.7495,1.44837,23,2.62497,0,116,133,6,125,5,0.98405,43.099,0.0,0.0,3.64286,5.04,1.21151,0.0,0.0,128.0,54.30295,0.00029,0.0,1.116,-1.0,9.440204,0.15463536350916715,0.19966023740101616,20612.068004667664,0.25211425349109917,1.6346263915867798,161.79402323908707,33.699161859206214,65798.37706574313,2.2256639112806242,608.9102846893279,0.12274210358443943,0.005897017596830227,0.2163942901337222,0.005723265532510546,0.10134036492084596,0.15212865757863306,0.017693125609449002,0.14917981798928803,88.70834876412452,0.43277391975308643,0.7616690196078432,92.82897155929483
51,351,47.9064,1.34771,23,2.55814,0,116,133,6,125,5,0.98162,43.23278,0.0,0.0,3.14286,4.997,1.16804,0.0,0.0,128.0,54.30607,0.00022,0.0,0.929,-1.0,9.476282,0.1548248812818646,0.199660237401016,20803.705201000612,0.2520763278703484,1.6411623532115174,162.300023437749,33.59889993549865,65752.79384433388,2.07285360377524,608.9194032346496,0.12287143597623887,0.005877295049151083,0.2163730665367352,0.005719329750591509,0.10130639825498408,0.1520960007353355,0.017727136528107278,0.14860628654027908,91.20942165783092,0.43132716049382713,0.7613647058823529,92.75470671797258
52,352,47.7999,1.33338,23,2.54349,0,116,133,6,125,5,0.98506,43.1478,0.0,0.0,3.0,5.001,1.07241,0.0,0.0,128.0,54.31537,0.00021,0.0,0.955,-1.0,9.367543,0.15507647488104565,0.19966023740101793,20692.402777406216,0.2520449964981441,1.6060280106325089,161.81991611928717,33.74489753628954,65840.56103648947,2.187067150001936,608.9211040777067,0.1229934866602656,0.005874229803241683,0.2163052848071904,0.0057358975456136005,0.10127478768477084,0.15210647159798646,0.01776031814872394,0.14802900799071475,90.67992526779534,0.38112461419753085,0.7618329411764706,92.77880751209993
53,353,47.8836,1.41701,23,2.46925,0,116,133,6,125,5,0.98241,43.21026,0.0,0.0,3.07143,4.99,1.05486,0.0,0.0,128.0,54.33179,0.00021,0.0,0.973,-1.0,9.469331,0.15529704329660524,0.1996602374010147,20812.482088013086,0.2520177912605841,1.5932828836155313,161.8601425939683,33.68309868706597,65791.27077651738,2.231066337799596,608.9384023278545,0.12314986627729357,0.0058822405061014485,0.21628091422524662,0.005703577428236081,0.10125014084028278,0.15205796991465836,0.017746246809089497,0.14749156341049446,88.64562792134227,0.31240354938271603,0.7613647058823529,92.73497953834826
54,354,47.8136,1.29693,23,2.60114,0,116,133,6,125,5,0.98343,43.15898,0.0,0.0,3.35714,4.992,1.13327,0.0,0.0,128.0,54.31945,0.00018,0.0,0.994,-1.0,9.441724,0.1555048599180193,0.19966023740101768,20694.49896959447,0.251947933838552,1.6404580431411784,161.60282484893,33.74697706434462,65797.52034234881,2.2252705934410386,608.937163865859,0.12328862900559877,0.005884530416314822,0.2162244583064349,0.005706515685600589,0.10120494891631601,0.15205800677575043,0.01777398573076371,0.1469777766197859,89.0246910537013,0.251929012345679,0.7619368627450981,92.75355466866637
55,355,47.8634,1.29091,23,2.42775,0,116,133,6,125,5,0.98254,43.19383,0.0,0.0,3.14286,4.949,1.02283,0.0,0.0,128.0,54.32782,0.00019,0.0,0.944,-1.0,9.509602,0.15570941638662208,0.19744261135778815,20759.051226630316,0.25192062059397163,1.5818918572373484,162.00686183605222,33.66724160276814,65724.83424108758,2.2497187318146934,608.958678632835,0.12353125222121872,0.005899303959623154,0.21616823445495745,0.005694767732573685,0.10119542723729552,0.1520102870900979,0.01776763522734871,0.1464843086621538,90.62206718570638,0.23717206790123457,0.7613647058823529,92.78800267574455
56,356,47.8488,1.35522,23,2.49545,0,116,133,6,125,5,0.98618,43.18592,0.0,0.0,2.78571,4.983,1.0178,0.0,0.0,128.0,54.31964,0.00026,0.0,0.991,0.49846,9.369484,0.15587535120292317,0.19744261135779528,20760.372966774285,0.2519003019616792,1.5696039127439874,161.569519914453,33.77016307689525,65749.29369667705,2.295226242894421,608.9677083104777,0.12363731073145255,0.005890177943400722,0.216131071510614,0.0056934432453714994,0.10118280889233276,0.15199132025564066,0.017793837633573156,0.14601519894517584,89.09615040412588,0.18942901234567902,0.7619368627450981,92.79479431364749
57,357,47.8845,1.44581,23,2.58976,0,116,133,6,125,5,0.98702,43.21589,0.0,0.0,3.14286,4.988,1.07749,0.0,0.0,128.0,54.32864,0.00016,0.0,0.977,-1.0,9.407033,0.15604159925081854,0.19360157037872802,20808.570620993134,0.25189584739051324,1.5979738569610156,161.8755763536786,33.71369896406009,65754.34208119528,2.0638600287367335,608.9923927269554,0.1238207149807609,0.00590910208771359,0.21608885725657212,0.005686600396330466,0.10114979885840022,0.15196369532502615,0.017796625342910304,0.14556543247247147,88.68798489973904,0.15808256172839505,0.7613498039215687,92.77756229180967
58,358,47.8513,1.52248,23,2.66999,0,116,133,6,125,5,0.98568,43.17632,0.0,0.0,2.89286,4.996,1.16309,0.0,0.0,128.0,54.32156,0.00024,0.0,0.969,-1.0,9.50104,0.15600498367446497,0.19360157037872686,20730.732889641204,0.2518948300352997,1.6218796707553447,161.5937379874374,33.862111032744984,65703.08005882784,2.1432114655678527,608.9990264952687,0.12390136617136722,0.005889035908821502,0.21603907849809015,0.005680114217826571,0.10113606807612267,0.1519484334748074,0.017795655858141593,0.14511436335387173,91.06468094369251,0.13286072530864199,0.7619368627450981,92.79338887920096
59,359,47.8359,1.58444,23,2.76411,0,116,133,6,125,5,0.98842,43.16576,0.0,0.0,3.35714,5.003,1.23461,0.0,0.0,128.0,54.31685,0.00015,0.0,1.049,-1.0,9.499283,0.15592432010974022,0.19744261135778982,20673.510352724774,0.25189476773605146,1.650806480795686,161.74578708313086,33.77467025945216,65821.95850915131,2.155059853090347,609.0260194570494,0.12396550915658261,0.00587781522428939,0.21601306194793163,0.005682154785038249,0.10111186612563679,0.15196674087259343,0.01779733914561246,0.1446990995779074,92.31773967842726,0.13913001543209877,0.7613498039215687,92.78687830486814
60,360,47.7952,1.49459,23,2.83524,0,116,133,6,125,5,0.98583,43.10963,0.0,0.0,3.32143,4.998,1.28736,0.0,0.0,128.0,54.30351,0.00024,0.0,0.99,-1.0,9.488461,0.15572854959837765,0.19360157037872713,20620.307752573954,0.2519107024790573,1.7080838608871185,161.84957024961972,33.733410870587385,65774.62578246041,2.0633356570564194,609.0392411776188,0.124215836016401,0.005896658566278445,0.21607975392539963,0.0056748015235123205,0.10107401744318448,0.15237971703495645,0.017790679310465584,0.14408843070537128,92.67342298820098,0.16179591049382716,0.7614023529411764,92.77514568489659
61,361,47.8248,1.48446,23,2.81389,0,116,133,6,125,5,0.98718,43.14916,0.0,0.0,2.92857,4.994,1.20574,0.0,0.0,128.0,54.33121,0.00022,0.0,0.94,-1.0,9.470615,0.1557249825922814,0.19360157037872625,20656.086276869002,0.2520009080872341,1.672220876399114,161.50041295413115,33.79227739498939,65724.73416097775,2.117903538681202,609.0605267007544,0.12445966485492703,0.005908106213476293,0.21621537205363645,0.005687093821343193,0.10111349314807053,0.15290305182361535,0.01779120413477918,0.14361673895568822,88.87429346764276,0.1966628086419753,0.7613498039215687,92.7737091395148
62,362,47.7886,1.69038,23,2.74858,0,116,133,6,125,5,0.98977,43.10515,0.0,0.0,3.10714,5.002,1.19762,0.0,0.0,128.0,54.3079,0.00023,0.0,0.97,-1.0,9.513306,0.15581681653819698,0.1936015703787267,20673.177581013693,0.2521236034065332,1.6670172760077295,161.43007860542446,33.743495423116805,65684.8022064296,2.059774056164301,609.0627177467569,0.12469287290179938,0.00590183547123093,0.21640869052766062,0.0056753780441910475,0.10119507340964193,0.15318777947035747,0.01779015027466575,0.14305200959641107,89.10082469998234,0.23152970679012347,0.7613647058823529,92.77787288824045
63,363,47.836,1.41923,23,3.03404,0,116,133,6,125,5,0.9877,43.15392,0.0,0.0,2.82143,5.035,1.38209,0.0,0.0,128.0,54.33216,0.00026,0.0,0.956,-1.0,9.450208,0.15599168353306028,0.1996602374010155,20783.212478762387,0.2521713523098952,1.7891789810365892,161.93954927526187,33.75892149371865,65821.8609371651,2.059804784995216,609.0822583578597,0.12487784664295698,0.005899582463518635,0.2165887842801471,0.005679981320590567,0.1012754811534,0.1532916770217423,0.017820434357728634,0.14232404244696473,90.86485516592252,0.2810570987654321,0.7613498039215687,92.74078700581646
64,364,47.8322,1.44666,23,2.65602,0,116,133,6,125,5,0.9915,43.14168,0.0,0.0,3.10714,5.028,1.13823,0.0,0.0,128.0,54.32051,0.00021,0.0,0.985,0.50257,9.400518,0.15589963886556582,0.19360157037872636,20754.642436037142,0.25215619960952096,1.6548367291220727,161.4739520519026,33.83068866494261,65694.43558216102,2.0866291399741628,609.0886307615431,0.12508304752947527,0.0059207074641544795,0.21664989677542246,0.005674136549659514,0.1012426502466714,0.1533413925616105,0.01784404592402516,0.1415291328895207,92.86671454956577,0.33367091049382713,0.7614023529411764,92.7224914562379
65,365,47.7934,1.52104,23,2.68924,0,116,133,6,125,5,0.99344,43.11888,0.0,0.0,2.89286,4.999,1.16222,0.0,0.0,128.0,54.33937,0.00021,0.0,0.933,-1.0,9.463748,0.15552222978353514,0.1936015703787254,20669.936422665905,0.25219780380259493,1.6433649836996667,161.66074902161725,33.78556880244502,65703.33607526917,2.1200612180883636,609.1035876731223,0.12535691783696834,0.005901487427003031,0.21674355659230934,0.005689310407923324,0.10127953404219893,0.15339862817550967,0.017881920672451077,0.14075852052862484,90.89470687792551,0.38469328703703703,0.7613498039215687,92.71584158795505
66,366,47.7481,1.44327,23,2.74316,0,116,133,6,125,5,0.99596,43.07267,0.0,0.0,3.21429,4.964,1.23005,0.0,0.0,128.0,54.31328,0.00029,0.0,0.944,-1.0,9.504024,0.15513583503008355,0.19581919642195492,20574.92693863589,0.2524059481479202,1.69095896070547,161.8481491428851,33.805061811282314,65677.52177996802,2.285588895262014,609.1087425326295,0.12568303161444697,0.005910982594547927,0.21698557533178117,0.005700509049551885,0.10131554770979388,0.15354641684448814,0.01790121477023897,0.1399149702639113,92.40373972554983,0.42684220679012347,0.7613498039215687,92.730782922206
67,367,47.765,1.38256,23,2.6195,0,116,133,6,125,5,0.99809,43.09823,0.0,0.0,3.10714,5.001,1.1568,0.0,0.0,128.0,54.34086,0.00027,0.0,0.93,-1.0,9.576631,0.15503087485153952,0.1974426113577883,20617.102250183838,0.25242509903696336,1.6438534152794544,161.73913903531383,33.80211102520978,65599.89503588552,2.334774218099359,609.1278795419508,0.1259535722231151,0.005912665160277821,0.2170843209598972,0.005689770023913018,0.10137470769831215,0.153620102620659,0.01792885742506203,0.13889679428805604,88.98183093853804,0.4652777777777778,0.7613498039215687,92.73542509237103
68,368,47.7324,1.42656,23,2.55782,0,116,133,6,125,5,0.99691,43.06373,0.0,0.0,2.71429,5.002,1.10024,0.0,0.0,128.0,54.3223,0.00024,0.0,0.945,-1.0,9.528181,0.1548861418957445,0.19552209086825148,20615.07431515749,0.25237788196977406,1.6187892252584204,161.78192710386585,33.80696200147087,65558.95567310993,2.0969279348693863,609.132143276227,0.126198047117254,0.005925923251116172,0.2170463449856097,0.005729670260986659,0.10134949777432177,0.15358757641335186,0.017923809480305933,0.13804451131219778,89.12092214871663,0.482397762345679,0.7613498039215687,92.76642169986324
69,369,47.7945,1.34864,23,2.71795,0,116,133,6,125,5,0.99564,43.12168,0.0,0.0,3.03571,4.995,1.14196,0.0,0.0,128.0,54.34551,0.00026,0.0,0.925,-1.0,9.510697,0.15463893061181982,0.1936015703787279,20680.42061696353,0.2523876710765902,1.6598546166008121,161.64909749242779,33.77368597336757,65752.12953547572,2.107319100756735,609.1464055981944,0.1264368896883257,0.005933515837748569,0.21707393847292347,0.005714631696285675,0.10134832699394523,0.15360761909307563,0.01790537717501871,0.1372322916244824,88.80652317630593,0.48828125,0.7613498039215687,92.7570620386613
70,370,47.7681,1.31969,23,2.49918,0,116,133,6,125,5,0.98871,43.09503,0.0,0.0,3.03571,4.972,1.07065,0.0,0.0,128.0,54.33288,0.00017,0.0,0.915,-1.0,9.46663,0.15430138773637908,0.1996602374010161,20675.26139502308,0.2524968487845207,1.593565056242564,161.6860162347714,33.811802428445695,65767.64045912582,2.1794239254963057,609.1474368149865,0.12666027529080787,0.005924964729556561,0.2172247429883172,0.005707306647925292,0.10141637507023346,0.15371674743400301,0.017926336543533202,0.13649882485204445,89.11192685286181,0.48910108024691357,0.7613498039215687,92.77903037540784
71,371,47.8126,1.43866,23,2.42966,0,116,133,6,125,5,0.99038,43.14168,0.0,0.0,2.89286,4.986,1.04485,0.0,0.0,128.0,54.35473,0.0002,0.0,0.918,-1.0,9.533422,0.15409178728809048,0.19744261135778776,20700.283219730012,0.25249073125258154,1.574655342702799,161.46890072917662,33.81524564013069,65737.39137042958,2.1262903606071784,609.1617858712035,0.1268447769607079,0.005898112895892723,0.21723725190206858,0.005695476181880219,0.1014775840718751,0.15375285547237602,0.01792091573218324,0.13543635131570758,89.48335072105615,0.4852430555555556,0.7613498039215687,92.78050959439778
72,372,47.741,1.43511,23,2.66133,0,116,133,6,125,5,0.98896,43.08745,0.0,0.0,2.71429,4.997,1.15342,0.0,0.0,128.0,54.33769,0.00027,0.0,0.943,0.50682,9.415631,0.15393925075154885,0.19966023740101504,20599.513207141197,0.2523938707881358,1.6510893375327707,161.6459833277342,33.785563716182004,65695.89456608886,2.1239728609047828,609.1654171880646,0.12704843834792776,0.005907261569919165,0.21715405444037789,0.005689135002042826,0.10140730321745244,0.15373889523448606,0.017981755386140878,0.13429916989133947,89.22199608996007,0.4537037037037037,0.7613498039215687,92.77280756884295
73,373,47.7156,1.54647,23,2.68791,0,116,133,6,125,5,0.99015,43.05059,0.0,0.0,3.67857,5.016,1.14862,0.0,0.0,128.0,54.35979,0.00019,0.0,0.932,-1.0,9.456044,0.15369380219957662,0.1974426113577922,20578.543397054495,0.2523860303660321,1.6468879942444234,161.2900395646305,33.82976974675685,65666.68618665918,1.9854686823804208,609.1780340511601,0.1272328963872754,0.0059091752337735596,0.21714903728023968,0.005679771870546829,0.10136500059504025,0.15373118529884075,0.018000642773955196,0.13341249153927165,90.7897801132041,0.4215374228395062,0.7613498039215687,92.81287114572663
74,374,47.7238,1.64651,23,2.80398,0,116,133,6,125,5,0.99322,43.04865,0.0,0.0,3.60714,5.027,1.25208,0.0,0.0,128.0,54.35873,0.00018,0.0,0.91,-1.0,9.49553,0.15355685220720355,0.1974426113577866,20634.060698073692,0.2524426337732679,1.6995612822004191,161.55519856621197,33.7716333836685,65759.99396999083,1.9977203804702621,609.178081257752,0.12742022093266273,0.005891967247153659,0.21725716331038733,0.005676161909746332,0.10135968414020799,0.15371387144764684,0.01807358013558812,0.13231729891094668,87.60401496986171,0.38469328703703703,0.7613498039215687,92.78090549650692
75,375,47.8102,1.58769,23,2.88922,0,116,133,6,125,5,0.99001,43.10664,0.0,0.0,3.32143,4.988,1.34325,0.0,0.0,128.0,54.38718,0.00017,0.0,1.027,-1.0,9.382543,0.15353823341784223,0.1974426113577834,20748.62772984086,0.25242397940407263,1.7785813613525294,161.48480143238146,33.73957127700618,65688.37712001319,2.2513554271289316,609.1882887433597,0.1275766737693072,0.005883979545145529,0.21724677195462636,0.0056985286208077,0.10137539544276981,0.1536965314213098,0.01807023684256599,0.13133702824453977,87.133756475116,0.3586033950617284,0.7613498039215687,92.78577454989818
76,376,47.7678,1.55305,23,2.75202,0,116,133,6,125,5,0.99055,43.06458,0.0,0.0,3.10714,5.007,1.28976,0.0,0.0,128.0,54.38711,0.00022,0.0,0.958,-1.0,9.487119,0.15368660452559638,0.19744261135778607,20688.872256170718,0.25222815470192844,1.7551337928817956,161.54362025974933,33.8528545991874,65707.65052716903,2.030588901032094,609.1896877326777,0.12778615185980557,0.005906424658583843,0.217177274203819,0.005705861701281318,0.10133181377040172,0.1536115838207695,0.01808617658881862,0.13024938753210907,88.92267301581842,0.365210262345679,0.7613498039215687,92.8320439146878
77,377,47.7616,1.64731,23,2.63181,0,116,133,6,125,5,0.98748,43.06447,0.0,0.0,3.25,4.976,1.26146,0.0,0.0,128.0,54.39258,0.00021,0.0,0.975,-1.0,9.525341,0.1540758610435566,0.19522498531455854,20648.755994663003,0.2521568099361866,1.7337799163544114,161.59185663371355,33.780305838879244,65643.86090923834,2.218724214296224,609.2054236935766,0.12796690961926044,0.005915171407757504,0.21713978802123537,0.005710452678494691,0.10128182522512873,0.15354571781044302,0.01809494822692273,0.12915396805609797,92.12144644455041,0.3489583333333333,0.7613498039215687,92.81073388008663
78,378,47.7179,1.56645,23,2.81893,0,116,133,6,125,5,0.98962,43.02836,0.0,0.0,2.71429,4.982,1.34535,0.0,0.0,128.0,54.38334,0.00018,0.0,0.963,-1.0,9.467338,0.1541771912077197,0.19360157037872647,20610.94485283486,0.2520926301272167,1.7879030686738169,161.5189377700258,33.783509054301696,65739.43022114872,2.1203386025144497,609.2058875234549,0.1281357967647104,0.005919876378038272,0.21714503008856725,0.005689760550670693,0.10126761225245438,0.1535117660406859,0.018087935366300434,0.12808440383581968,89.19978953019519,0.3348283179012346,0.7613498039215687,92.8061181066285
79,379,47.8017,1.57638,23,2.79891,0,116,133,6,125,5,0.99182,43.10329,0.0,0.0,3.17857,4.992,1.27083,0.0,0.0,128.0,54.41729,0.00024,0.0,0.97,-1.0,9.473186,0.15421284081738743,0.19360157037872847,20721.434821701863,0.25198171649068574,1.7415780590609393,161.59293546638597,33.79557574236834,65690.47087827636,2.027775869971225,609.2180088880473,0.1283053602774624,0.005908873060430402,0.21713967603973178,0.0056983422661902065,0.10125376075450505,0.15351002459957397,0.018077866260175837,0.12697866993706755,92.40657028823308,0.3882619598765432,0.7613498039215687,92.78176526685047
80,380,47.746,1.63935,23,2.81721,0,116,133,6,125,5,0.98949,43.04644,0.0,0.0,2.96429,4.98,1.27829,0.0,0.0,128.0,54.40399,0.00016,0.0,0.987,0.5117,9.462905,0.15433955368119584,0.1936015703787255,20693.01275074536,0.2517756622497164,1.7537102882028603,161.69075247472904,33.73981598277151,65692.24439859603,2.0763427765803115,609.2234341965096,0.12849227041707217,0.005918215365836063,0.21703436814003538,0.005710436382313849,0.10114640604094999,0.15341958078860185,0.01808699064304174,0.1259733012342914,93.19992167850148,0.44786844135802467,0.7613498039215687,92.80245873582808
81,381,47.8164,1.68532,23,2.72895,0,116,133,6,125,5,0.99044,43.10465,0.0,0.0,2.75,4.964,1.33231,0.0,0.0,128.0,54.44653,0.00022,0.0,0.926,-1.0,9.430913,0.15447865718139697,0.1974426113577872,20793.73087920955,0.25168189642648586,1.7838811698190493,161.4129675229848,33.81830154230565,65718.22085387248,2.223210879645301,609.2387820684845,0.128740118801545,0.00589653052157239,0.21696630231609942,0.005688419772663608,0.10107450152154956,0.15337174909104498,0.018075735950767884,0.1248448806538448,91.09541638936227,0.5367959104938271,0.7613498039215687,92.78190533178358
82,382,47.7818,1.69064,23,2.88976,0,116,133,6,125,5,0.9914,43.07265,0.0,0.0,2.60714,4.988,1.37585,0.0,0.0,128.0,54.4243,0.00022,0.0,0.95,-1.0,9.40727,0.1545614299831225,0.19744261135778748,20730.518958332803,0.2516016161785259,1.8019542521386085,161.58286769296598,33.80066614975164,65698.92270808836,2.195247194802855,609.237861985915,0.12898514366706526,0.005915633828249784,0.21698062734988638,0.0056938589248521285,0.10108679070284235,0.1534084041513671,0.01806041378980626,0.12371868092763043,88.04393394887941,0.6440972222222222,0.7619368627450981,92.7599021263987
83,383,47.8267,1.75952,23,2.81574,0,116,133,6,125,5,0.98748,43.11924,0.0,0.0,2.78571,4.968,1.38112,0.0,0.0,128.0,54.44757,0.00022,0.0,0.929,-1.0,9.451231,0.15484428467549133,0.19360157037872894,20778.605933641753,0.2514904032851538,1.7932712004903861,161.25476261007407,33.83510316448447,65781.90893036258,2.186129003365529,609.2521827112575,0.12925032755377852,0.005926684525979158,0.21701089608388777,0.005690147022878779,0.10108472229768134,0.15336888659084963,0.018113035780427347,0.12265441215748146,91.70316698254086,0.7364969135802469,0.7614023529411764,92.77690341771287
84,384,47.7332,1.59748,23,2.8198,0,116,133,6,125,5,0.98607,43.04357,0.0,0.0,2.64286,5.007,1.44424,0.0,0.0,128.0,54.41174,0.00023,0.0,1.008,-1.0,9.46785,0.1552604107065355,0.19360157037872874,20645.792193248722,0.25127916359170577,1.8263941258198402,161.48042329626026,33.69395465615355,65755.16781464494,2.0756785727387586,609.246670879793,0.12946022378500277,0.005934414901400726,0.21692663972529141,0.0056853913821912965,0.10102326929943015,0.15327690273451391,0.018144797224432956,0.12162186493643218,90.00212976817826,0.8338638117283951,0.7616552941176471,92.78739197448724
85,385,47.774,1.66226,23,2.84096,0,116,133,6,125,5,0.98473,43.0809,0.0,0.0,2.75,4.996,1.29862,0.0,0.0,128.0,54.42761,0.00017,0.0,0.932,-1.0,9.557938,0.1557175967036992,0.19360157037872497,20680.246589105824,0.25119550073503605,1.7635850660619197,161.6686828351542,33.76485659752363,65672.47058385315,2.1147725151980623,609.2574694235916,0.1296588532441617,0.005920696975902162,0.21682529345194465,0.005689720693712644,0.10094785197796242,0.15325653647035942,0.018201617383956707,0.12061326360839657,87.39245550061338,0.9233217592592593,0.7613498039215687,92.78995841317892
86,386,47.7301,2.0368,23,2.77535,0,116,133,6,125,5,0.98815,43.04626,0.0,0.0,3.5,4.983,1.35656,0.0,0.0,128.0,54.40704,0.00026,0.0,1.005,-1.0,9.422581,0.15599818976756147,0.19581919642195414,20650.258503086363,0.25115549203375737,1.7684834172151631,161.40695801394168,33.69301030665268,65627.5151576059,1.965494320470115,609.248090035401,0.12979462183962334,0.005911004949094382,0.21679180940718717,0.005716001833277282,0.10090288375227034,0.15324452623816032,0.018249083548065294,0.11941992726729281,90.02481952300204,1.0238233024691359,0.7614023529411764,92.82571471650998
87,387,47.7617,2.18355,23,3.16065,0,116,133,6,125,5,0.99089,43.07469,0.0,0.0,2.85714,5.006,1.69146,0.0,0.0,128.0,54.42791,0.0002,0.0,0.93,-1.0,9.365515,0.1558907749976731,0.19744261135778354,20737.910724927606,0.2510697683084932,1.906080871873871,161.56736404931263,33.68698722933546,65699.04817774777,1.9655592251094474,609.2539947972567,0.1298529485329234,0.00591547767679562,0.21674066891999919,0.005717594516497731,0.10084688963427758,0.1531677237278311,0.018271772410519062,0.11843165945677729,93.02511486297301,1.1440007716049383,0.761452156862745,92.83353618502886
88,388,47.7795,2.31153,23,3.15163,0,116,133,6,125,5,0.99594,43.09511,0.0,0.0,3.03571,5.015,1.8234,0.0,0.0,128.0,54.43268,0.00023,0.0,1.09,0.50566,9.382419,0.15569350454922865,0.19360157037872605,20757.6792084105,0.2509121453212113,1.947884192968901,161.22775686043315,33.76195949978298,65676.49011321005,1.9078341381757957,609.2418178838311,0.12995743121666922,0.005904115638693057,0.21658653269517641,0.005700944832927223,0.10077726707714577,0.15307789650039924,0.018302794354047115,0.11758525965874893,87.74800348989288,1.3468846450617284,0.7619368627450981,92.7941858039529
89,389,47.7474,2.38298,23,3.07742,0,116,133,6,125,5,0.98723,43.06759,0.0,0.0,2.60714,4.983,1.93501,0.0,0.0,128.0,54.43957,0.00018,0.0,0.896,-1.0,9.42644,0.1552708248770254,0.19966023740101654,20744.05181446868,0.25074447785889764,1.9660466284963363,161.48038198419647,33.74461082175926,65745.65771123991,2.0247437489480835,609.2443117535228,0.1300712594424641,0.005920029176669972,0.21649732315310818,0.0057019272543517826,0.10070876067682734,0.15298942539478205,0.01831727361411502,0.1168697300448108,90.07086674568342,1.5623553240740742,0.7614023529411764,92.80789961943212
90,390,47.6622,2.28539,23,3.22598,0,115,133,6,125,5,0.98702,42.99589,0.0,0.0,3.17857,5.037,1.99615,0.0,0.0,128.0,54.41635,0.00023,0.0,1.024,-1.0,9.37554,0.15497250197186396,0.19966023740101377,20594.005659630493,0.25069860557496193,2.0106447369514218,161.2611348602884,33.724225833092206,65677.44728375522,2.1663902805133612,609.2298790385323,0.13024029251822936,0.005902580885316921,0.2164627102168647,0.005689037700003326,0.10069316731658673,0.1529815849467122,0.01834667748469116,0.11639446315658404,90.99760511509015,1.7569444444444444,0.7619368627450981,92.7783990951622
91,391,47.7006,2.29168,23,3.39197,0,116,133,6,125,5,0.98737,43.03056,0.0,0.0,2.85714,4.998,1.91089,0.0,0.0,128.0,54.43808,0.00027,0.0,0.899,-1.0,9.481922,0.15468098079625422,0.19744261135778665,20669.127511570252,0.25063892959874134,1.9775008828094984,161.46854644919375,33.72691514756944,65700.39258005876,2.049302555102196,609.2294586152282,0.13033434386384085,0.005942031003974073,0.21638615832937158,0.0056873653967222226,0.10072462027809918,0.1529482074156641,0.018391201674346217,0.11617931110611289,90.67751436495347,1.9201388888888888,0.7618933333333333,92.74765968540595
92,392,47.6732,2.26945,23,3.27745,0,115,133,6,125,5,0.98662,42.98941,0.0,0.0,3.0,5.035,1.91745,0.0,0.0,128.0,54.41749,0.00019,0.0,0.995,-1.0,9.440581,0.15427469917814654,0.19966023740101616,20703.995923978415,0.25047636755690944,1.955916965367273,161.45459131934635,33.732635498046875,65714.86047205723,2.2642520667335093,609.2086704029807,0.13035711288884705,0.005919749895368208,0.21626539838421982,0.005670766751736762,0.10064950715077069,0.15293864638865057,0.018392201881710903,0.11605912557931813,90.24444387169024,2.033034336419753,0.7619368627450981,92.78281333797496
93,393,47.7384,2.01582,23,3.22718,0,116,133,6,125,5,0.99153,43.06046,0.0,0.0,2.85714,5.019,1.8956,0.0,0.0,128.0,54.44342,0.0002,0.0,0.929,-1.0,9.44515,0.1537669468888501,0.1936015703787275,20783.399936194503,0.25039034116093917,1.9716992411056367,161.5168569306763,33.74286077051987,65690.41448346787,1.9074786942044706,609.1983508633266,0.1304014793578673,0.00594889060526661,0.21617226082634275,0.005698681569447209,0.10057750088518208,0.15292927558089572,0.018427050633420382,0.11588694675301957,88.18831887617095,2.1496913580246915,0.7622129411764706,92.76241851617215
94,394,47.7611,1.78517,23,3.03747,0,115,133,6,125,5,0.99009,43.07273,0.0,0.0,3.32143,4.999,1.67308,0.0,0.0,128.0,54.42752,0.00016,0.0,0.963,-1.0,9.459684,0.15310246682763012,0.19744261135778807,20847.41822528936,0.2503297651677432,1.9028223416652248,161.30203094333214,33.784845422815394,65749.53155199243,2.3182795951825024,609.1757612790313,0.13045039516783907,0.005953936540749741,0.21612038490548804,0.005673685586526083,0.10056397773236456,0.15294558303511843,0.018409097081612393,0.11570463296456528,88.91037800668393,2.22680362654321,0.7628309803921569,92.73402936009145
95,395,47.7313,1.71964,23,2.86021,0,116,133,6,125,5,0.99467,43.05366,0.0,0.0,3.07143,5.028,1.47084,0.0,0.0,128.0,54.42023,0.00019,0.0,0.942,-1.0,9.437567,0.15261268116755827,0.1974426113577872,20785.731583402954,0.2502099483769275,1.821954507984946,161.7056971044338,33.67418133770978,65695.45378561488,2.4131457601428896,609.1613396661737,0.13050702971314143,0.005943417502842087,0.21595540683765305,0.0056584957530804465,0.10060667577661424,0.15293245557678348,0.018446788197188847,0.11553984167961284,89.99296001501739,2.253809799382716,0.7616552941176471,92.76258979697286
96,396,47.6643,1.51564,23,2.81917,0,115,133,6,125,5,0.98949,42.99577,0.0,0.0,3.28571,5.033,1.40903,0.0,0.0,128.0,54.40052,0.00019,0.0,1.023,0.49846,9.449755,0.1521094152616243,0.1996602374010168,20705.637011794985,0.25006193269132665,1.7905087953984413,161.95889437904646,33.68171748408565,65650.74811461408,2.4037256499355575,609.1387213105735,0.13061648051354155,0.005965304668733632,0.21575172213552574,0.005654008242718983,0.10050309391428179,0.15288232854112369,0.01846945073097217,0.11538886075498041,91.56801502971192,2.279369212962963,0.7619368627450981,92.73609579362099
97,397,47.6693,1.44963,23,2.60185,0,116,133,6,125,5,0.98771,43.01091,0.0,0.0,2.67857,5.018,1.22367,0.0,0.0,128.0,54.42725,0.00019,0.0,0.948,-1.0,9.474448,0.15155149975421972,0.1996602374010125,20693.768287036073,0.2499838303704092,1.69118885980143,161.82974200238462,33.60787172670718,65670.02977323384,2.312180274355482,609.1233016723229,0.13070092517860465,0.005963234199755536,0.21557021990336908,0.005654594470086185,0.1004475439054672,0.15292926170947752,0.01850127049320719,0.11526225257174402,90.03601680309076,2.2669270833333335,0.7619368627450981,92.74837095715142
98,398,47.6411,1.42458,23,2.5759,0,115,133,6,125,5,0.99251,42.97978,0.0,0.0,3.21429,5.029,1.16112,0.0,0.0,128.0,54.42328,0.0002,0.0,0.946,-1.0,9.370992,0.1509848626719161,0.19744261135778865,20654.028464501345,0.24999531022534413,1.6525389844613678,161.8463795761197,33.68264619803723,65672.0426890842,2.3560391540324215,609.0987761318198,0.13078716082747588,0.005960967339319194,0.2154981622339547,0.0056524515033863545,0.10040263885093187,0.15289982389606577,0.01851033948073832,0.11517654695151568,91.17520261929019,2.256221064814815,0.7619368627450981,92.7540207198021
99,399,47.7026,,23,2.72979,0,116,133,6,125,5,0.99437,43.04623,0.0,0.0,2.96429,5.032,1.14407,0.0,0.0,128.0,54.44502,0.00022,0.0,0.968,-1.0,9.415388,0.15054753790722422,0.19966023740101715,20800.440790773155,0.24985835752505858,1.650577969215283,161.89132226548423,33.67957861629533,65813.90715758558,2.508154375101557,609.0797105366394,0.13087046044894332,0.005973964018455069,0.2153153141582324,0.0056550713582435375,0.10041132473834988,0.15292025388714248,0.018527480375961178,0.11520656906171317,85.31836011859966,2.19921875,0.7618854901960784,92.72606279148275
