,frame_number,SITI.SI,SITI.TI,VCA. E,VCA. h,VCA. epsilon,VCA. L,VCA. avgU,VCA. energyU,VCA. avgV,VCA. energyV,AGH.Blockiness,AGH.Spatial Activity,AGH.Letterbox,AGH.Pillarbox,AGH.Blockloss,AGH.Blur,AGH.TemporalAct,AGH.Blackout,AGH.Freezing,AGH.Exposure(bri),AGH.Contrast,AGH.Interlace,AGH.Noise,AGH.Slice,AGH.Flickering,cambi,saturation,uhdhdsim,cubrow.0,tone,movement,cubrow.0.3,fft,cubrow.1.0,cubcol.0.5,cubcol.1.0,cubcol.0,cubcol.0.3,cubrow.0.6,temporal,blockiness,cubcol.0.6,cubrow.0.5,noise,blur,color_fulness,staticness,contrast
0,200,48.4493,4.59511,31,0.0,0,116,133,8,125,7,0.987,46.90301,0.0,0.0,2.67857,5.117,0.0,0.0,0.0,128.0,55.08296,3e-05,0.73,1.066,0.0,0.0,33.64208475748698,92.00983065924751,0.10865144813149655,0.7690003921568628,0.0,0.231834429934103,65707.00481258283,0.11487156463110394,0.14122252126252113,0.03615102100776368,0.030296991705990414,0.05602497101856045,0.15731883308956252,0.0,2.745056872051775,0.1589977780391307,0.2547320841431277,0.5432642867876135,20964.640214556286,162.99081652278053,618.7592897152948,90.4002173632181
1,201,48.4741,4.77419,31,5.18472,0,116,133,8,125,7,0.99011,46.9316,0.0,0.0,2.5,5.144,3.90374,0.0,0.0,128.0,55.08415,3e-05,0.72,1.049,-1.0,0.0,33.64796881028164,92.00234147393175,0.10628876971808597,0.7686274509803921,0.2453221450617284,0.22880277456216264,65738.35804903499,0.10482774874517031,0.1377600754908902,0.03007177959084543,0.023540213784875242,0.04775700742811165,0.15452970156843476,3.7038776941192086,2.2942270378804186,0.1569428255904779,0.25035825489181046,0.5454819128308419,20927.84517976343,162.9862066046264,618.6919692408242,88.20846248853547
2,202,48.3386,4.98379,31,5.02056,0,116,133,8,125,7,0.99683,46.81041,0.0,0.0,2.32143,5.124,4.06241,0.0,0.0,128.0,55.03935,6e-05,0.73,1.052,-1.0,0.0,33.63274468315972,91.98510511076486,0.10700023927937262,0.7689329411764706,0.2777777777777778,0.22652566174261102,65669.20215049639,0.10201905365348252,0.14170776792302078,0.02818954883789247,0.021868433567663274,0.04629839829409516,0.1534729981254809,3.6782634153672595,2.312794064532578,0.15548544522627955,0.24980097037947724,0.5454819128308407,20735.10994803942,162.97522945072393,618.3398954498349,91.06627929657846
3,203,48.2058,5.27181,31,5.01163,0,116,133,8,125,7,0.99669,46.68756,0.0,0.0,2.46429,5.158,4.24148,0.0,0.0,128.0,55.02281,8e-05,0.72,1.047,-1.0,0.0,33.73303429874373,92.04219547088412,0.10665575250571183,0.7690003921568628,0.30473572530864196,0.22383201247988999,65554.65817657296,0.10140974125656467,0.14727631481107065,0.027340209732023068,0.021254896050959416,0.044734557596073476,0.15223707815960155,3.6734704910774596,2.509153015248188,0.15450514186111272,0.24979934547975902,0.5454819128308418,20506.605990267806,162.97506891787327,618.2797370287217,88.84838973035593
4,204,47.9808,5.49689,30,5.36964,0,116,133,8,125,7,0.99342,46.48866,0.0,0.0,2.35714,5.178,4.49362,0.0,0.0,128.0,54.95945,6e-05,0.73,1.041,-1.0,0.0,33.64044961811584,92.10455491965544,0.10721433071877799,0.7691850980392156,0.34466628086419754,0.22162801653517397,65486.98855359358,0.10033188666689116,0.15107092699861477,0.02703211037599863,0.0210075170448222,0.04409725530883569,0.15157667120036547,3.7188839585790445,2.442411647640734,0.15400950350129117,0.24996064565095955,0.5454819128308449,20311.182015406906,162.97328861825235,618.0886459765898,88.98754627906474
5,205,47.867,5.67397,30,5.37721,0,116,133,8,125,7,0.99446,46.38805,0.0,0.0,2.14286,5.209,4.68605,0.0,0.0,128.0,54.98006,5e-05,0.73,1.051,-1.0,0.0,33.61506200719763,92.12233135277324,0.10725632748534564,0.7708596078431373,0.4473861882716049,0.21986237568936137,65484.63419593597,0.09882273340036427,0.15131953600886303,0.026550362499401056,0.02089767506209733,0.043631240099798956,0.15092182711583207,3.786529066663187,2.372838216822774,0.15323583857588724,0.2503602618709978,0.5454819128308422,20183.94307626831,162.97629476888886,617.9340837106416,88.91549311425467
6,206,47.7819,5.89426,30,5.55727,0,116,133,8,125,7,0.99411,46.31776,0.0,0.0,3.17857,5.169,4.84081,0.0,0.0,128.0,54.91814,4e-05,0.73,1.044,-1.0,0.0,33.663222889841336,92.14146159888284,0.10786370247430237,0.7703466666666667,0.5190489969135802,0.21831695220205596,65438.00017008107,0.09748345889597929,0.1502721827531933,0.026514332054041707,0.02071912891254486,0.04344331766786718,0.15048586940572692,3.8417597477074144,2.1742222649282503,0.1533249367446006,0.2501869709713276,0.541640871851782,20108.782533946007,162.9753004704672,617.7363330606754,90.85594389117016
7,207,47.8672,6.10182,30,6.5095,0,116,133,8,125,7,0.9851,46.38528,0.0,0.0,2.35714,5.204,5.02895,0.0,0.0,129.0,54.89373,7e-05,0.72,1.028,-1.0,0.0,33.67415929723669,92.11023376822078,0.1077835369472726,0.77118,0.5943287037037037,0.21709120757345796,65407.01543232859,0.10177033093376286,0.14908408918476657,0.026365290459377095,0.020431289757014977,0.04345482470160728,0.15013443167650314,3.910992203776954,2.8012905468541143,0.1530542171429267,0.2501489106673648,0.5454819128308456,20155.397654200613,162.98905571848033,617.5376631654811,89.21291148111423
8,208,47.9127,6.20488,31,6.23058,0,116,133,8,125,7,0.98208,46.44329,0.0,0.0,2.39286,5.184,5.21138,0.0,0.0,128.0,54.81734,6e-05,0.72,1.043,0.125,0.0,33.69140455457899,92.05293724710485,0.10752159530963534,0.7725341176470588,0.5907600308641975,0.21611020703001008,65398.87225465893,0.10547565927927113,0.14732272629591453,0.02623196937066758,0.02054383803856425,0.04349824265197324,0.14973856413882716,3.9255161509262866,2.6680591770975894,0.15292871089110877,0.25024592945980045,0.5454819128308452,20155.427808849614,162.9986587291226,617.295179505436,88.11783314727771
9,209,47.9165,6.26004,31,6.16016,0,116,133,8,125,7,0.98857,46.45428,0.0,0.0,2.42857,5.199,5.29758,0.0,0.0,129.0,54.77975,6e-05,0.72,1.044,-1.0,0.0,33.709236615969814,92.12399445878042,0.1076828247658545,0.7731145098039216,0.5813078703703703,0.2152093822276502,65338.118710295974,0.10828338399504912,0.14812964991106872,0.0260697195751247,0.020172611055625466,0.04359512343534789,0.1496278894670863,3.911109816425764,2.339978446164426,0.15275022406443708,0.25027260588534633,0.5454819128308466,20130.05583596748,162.99389874176129,617.0780536908513,90.96518906503414
10,210,47.9402,6.25694,31,6.33075,0,116,133,8,125,7,0.99244,46.45535,0.0,0.0,2.78571,5.176,5.34616,0.0,0.0,129.0,54.65835,5e-05,0.73,1.06,-1.0,0.0,33.65518734778887,92.07302549377019,0.10754614497283375,0.7725192156862745,1.2564621913580247,0.21461432856299842,65314.41108504316,0.1105684284886498,0.15024835725311197,0.02603584528006434,0.020253087446385855,0.043445212946031035,0.1489839999766253,3.9078074878555515,2.438720664497789,0.15258995887899854,0.25043173930282353,0.5454819128308454,20180.278154359035,162.98887866644685,616.7855110906866,87.99492763455399
11,211,47.9866,6.19527,31,6.32451,0,116,133,8,125,7,0.98436,46.49682,0.0,0.0,2.53571,5.201,5.34151,0.0,0.0,129.0,54.61283,5e-05,0.73,1.02,-1.0,0.0,33.676550594376934,92.10050826015022,0.10753910736766863,0.7728545098039216,1.4441068672839505,0.21408510112133886,65457.96249556833,0.11237438115140812,0.15229618238505227,0.026007702984391954,0.020066827461119607,0.043345501020184134,0.14840770409962062,3.943790088198618,2.6068047203482188,0.1525208537267854,0.2506147125798991,0.5454819128308473,20332.54516980772,163.01145455472093,616.5336309694774,92.06714897620357
12,212,48.0924,5.93034,31,6.07835,0,116,133,8,125,7,0.98565,46.59032,0.0,0.0,2.85714,5.238,5.29299,0.0,0.0,129.0,54.55026,2e-05,0.73,1.055,-1.0,0.0,33.691912238980514,92.113718077631,0.1077057710331462,0.7725639215686274,1.39453125,0.21375324318871164,65543.83653927433,0.11398981107322984,0.15299435406654885,0.025831864458454222,0.02016498223894954,0.043280649888356566,0.14776573074756624,3.972660818993674,2.1921359899403323,0.15243401312196594,0.2507227613356309,0.5454819128308465,20511.605693289966,162.99071061871973,616.2600924249083,91.36972035537131
13,213,48.2468,5.62,31,5.98145,0,116,133,8,125,7,0.99559,46.76845,0.0,0.0,2.53571,5.202,5.06111,0.0,0.0,129.0,54.49945,3e-05,0.73,1.011,-1.0,0.0,33.65042038905768,92.0736449219723,0.1076374183164098,0.7727792156862745,1.2355324074074074,0.2135140188447539,65485.39615900165,0.11524319614652323,0.1529027515866284,0.025848566198406597,0.01998132009962099,0.0431931341836958,0.14751852688963016,3.9403920277761357,2.4900359745182286,0.15236122558866996,0.2509837039647983,0.5454819128308481,20689.213617916972,162.9860912756816,615.9941619754326,93.21897284967888
14,214,48.3718,5.29208,31,5.84088,0,116,133,8,125,7,0.99962,46.90293,0.0,0.0,2.21429,5.225,4.79409,0.0,0.0,129.0,54.41966,4e-05,0.73,1.024,-1.0,0.0,33.63903262291426,92.01383109673205,0.10767642881865583,0.7725490196078431,1.126880787037037,0.21336676870657303,65608.96823186243,0.11668479410175127,0.15260663078839437,0.02564990610340366,0.01987824370194946,0.04362740339722487,0.14759746353981065,3.8422798637245474,2.440479387938459,0.15235509463917715,0.2509836154539171,0.5454819128308467,20863.937496679544,162.9702421582976,615.7147046476035,92.49307203880504
15,215,48.4737,4.9765,31,5.52397,0,116,133,8,125,7,1.00136,47.03394,0.0,0.0,2.75,5.178,4.50934,0.0,0.0,129.0,54.39007,5e-05,0.73,1.042,-1.0,0.0,33.7532071714048,92.02289025877283,0.10768110023080339,0.7719694117647058,1.6990258487654322,0.21329326217087385,65647.54401835577,0.11790855668649579,0.15270865497121658,0.025691587547441094,0.019901510119183344,0.04361512467259473,0.14805606134522126,3.7607146525345505,2.620332320837958,0.15174414108439602,0.2511050339537092,0.5454819128308476,20990.47425096395,162.93124190969573,615.4745763105379,88.30672297621405
16,216,48.4923,4.44853,31,5.35978,0,116,133,8,125,7,0.99472,47.07179,0.0,0.0,2.32143,5.173,4.2379,0.0,0.0,129.0,54.31778,4e-05,0.73,1.069,0.125,0.0,33.727567696277006,92.02955905267413,0.10775885322003975,0.7720886274509804,1.4504726080246915,0.2132884364614679,65750.3530600224,0.11915028170852475,0.15284104730908107,0.02566946893091513,0.019987924692225968,0.04395463330638691,0.14825480670169913,3.711845896776933,2.392485684678719,0.15029708991005555,0.2511581236638041,0.5454819128308482,21024.95590841968,162.97781801176677,615.2162381588622,90.89383026437434
17,217,48.5771,3.9862,31,5.2619,0,116,133,8,125,7,0.99197,47.18566,0.0,0.0,2.46429,5.183,3.77861,0.0,0.0,129.0,54.30129,6e-05,0.73,1.057,-1.0,0.0,33.628806785300924,92.02016862008091,0.10772344582615093,0.7714172549019607,1.2980324074074074,0.2131684603837025,65916.87015592215,0.12097626051360448,0.15320496530412725,0.025657776834523496,0.019951792088338305,0.04414971518516776,0.14827099242312503,3.6113872089963532,2.24982593637003,0.14891764185847955,0.2512778501201228,0.5454819128308489,21112.254737600717,162.99540651613606,614.9938603310828,88.9766993377252
18,218,48.5913,3.78404,31,4.94306,0,116,133,8,125,7,0.99043,47.22769,0.0,0.0,2.35714,5.175,3.38024,0.0,0.0,129.0,54.26275,7e-05,0.73,1.039,-1.0,0.0,33.697122267734855,92.02404627732633,0.10776132142236283,0.7723039215686275,1.1644483024691359,0.2132854548282503,65884.01629643481,0.12309475232776294,0.1533959339949212,0.025478513170278945,0.01992911344276602,0.044494377193038864,0.14826139084414297,3.4928156211314914,2.405055827826176,0.14769771779831298,0.25132736839244246,0.5454819128308466,21219.70917690624,162.95962639799387,614.7519168590942,93.3411674969129
19,219,48.6867,3.71374,31,4.90967,0,116,133,8,125,7,0.99295,47.34417,0.0,0.0,2.67857,5.218,3.2027,0.0,0.0,129.0,54.26089,7e-05,0.73,1.012,-1.0,0.0,33.68048679681472,92.07279663762944,0.10784179467556324,0.7725490196078431,1.064380787037037,0.21335074201983656,65899.68014034153,0.12522450209196329,0.1537919061838481,0.025626516196913272,0.019925178576679213,0.04480997442041242,0.1482561200632601,3.4118428948737383,2.4905952459793177,0.14670043086687148,0.2514422277819069,0.5454819128308466,21328.972307222622,162.9711576393588,614.5271088683251,90.16334393192919
20,220,48.6594,3.75076,31,4.77015,0,116,133,8,125,7,0.99525,47.32396,0.0,0.0,2.67857,5.188,3.14375,0.0,0.0,128.0,54.21989,7e-05,0.73,1.067,-1.0,0.0,33.68351161627122,92.08014158543385,0.10790012239805491,0.7725341176470588,1.4275655864197532,0.21352938813483846,65953.28900176293,0.12686010866210687,0.15416665589094342,0.025668379265874033,0.01985459802539459,0.04533562252054886,0.1482540264739966,3.392862396148351,2.621205357711021,0.14568881383381063,0.2514985952335513,0.5454819128308501,21317.43244972911,162.93125565081795,614.3036666556626,88.5812072616292
21,221,48.6305,3.94606,31,4.75027,0,116,133,8,125,7,0.99273,47.31319,0.0,0.0,2.89286,5.21,3.17201,0.0,0.0,128.0,54.23431,5e-05,0.72,1.023,-1.0,0.0,33.69127607934269,92.06682211218839,0.107863455210154,0.7725490196078431,1.3003472222222223,0.2137521361776012,65986.19435601159,0.12825843341254628,0.15470610777033159,0.025742073032635857,0.019844419885473554,0.0455774081428431,0.14805400071553318,3.4628230422688224,2.8116170864991807,0.14486169664387658,0.25160289596921553,0.5454819128308482,21332.06164149718,162.95600185637767,614.1363856697864,89.26639054794965
22,222,48.5483,4.21619,31,4.79513,0,116,133,8,125,7,0.99121,47.19744,0.0,0.0,2.60714,5.183,3.3423,0.0,0.0,128.0,54.18905,5e-05,0.72,1.024,-1.0,0.0,33.68719011471595,92.08967126803627,0.10783338103183358,0.7723039215686275,1.220775462962963,0.21394134246948346,65987.82867611063,0.12946511984375514,0.1550896772223107,0.025706817885681216,0.019905244634233793,0.0457197188667819,0.14793058195465048,3.5601769373309073,2.862095012092915,0.1440306360117657,0.2516533931386517,0.5454819128308469,21249.278091747037,162.94472414203307,613.9528631378037,88.65136047723007
23,223,48.5451,4.24405,31,5.00566,0,116,133,8,125,7,0.98952,47.16377,0.0,0.0,3.14286,5.216,3.57831,0.0,0.0,128.0,54.19591,3e-05,0.72,1.019,-1.0,0.0,33.750273716302566,92.10494008640262,0.1077485922153264,0.7711866470588234,1.1403356481481481,0.21427266549030946,65932.06522842262,0.13029100540306304,0.15540669381146385,0.025699825618494015,0.01986430566897103,0.045965246768008935,0.14783749847269514,3.634172909743223,3.137220242537228,0.14331581432183263,0.2517799264741946,0.5454819128308483,21313.93776824361,162.93784198186162,613.8270889949142,90.23288311695521
24,224,48.5055,4.20587,31,4.90763,0,116,133,8,125,7,0.98887,47.11824,0.0,0.0,2.42857,5.216,3.60085,0.0,0.0,128.0,54.17536,2e-05,0.72,1.032,0.125,0.0,33.69911457579813,92.13271514189427,0.10764729356068141,0.7708745098039217,1.0695891203703705,0.2145583282875455,65877.10717002368,0.13095923069598756,0.1559338123811812,0.02565489935246621,0.019877169644185982,0.04595380980213967,0.14757522071995552,3.70727311362991,2.913412563725618,0.14263473745009358,0.25178685791331124,0.5454819128308476,21250.242507351493,162.93708546163884,613.702471747234,90.0294774492749
25,225,48.5577,4.20596,31,4.71923,0,116,133,8,125,7,0.98622,47.13572,0.0,0.0,2.64286,5.228,3.56699,0.0,0.0,128.0,54.26371,6e-05,0.73,1.037,-1.0,0.0,33.77626866470148,92.11961026065873,0.10760757564833509,0.7723188235294117,1.2702546296296295,0.21496106010768398,65966.38109702177,0.13165380767352844,0.15656099923043942,0.025598238678575757,0.019874958603807513,0.04599218693948416,0.14734831990366334,3.7519586363043893,2.945198791411366,0.14200060041041004,0.2518164990499699,0.5454819128308513,21389.12197897661,162.93253907067452,613.6129913981863,90.79194784260014
26,226,48.4883,4.22527,31,4.85147,0,116,133,8,125,7,0.98782,47.07232,0.0,0.0,2.82143,5.244,3.56743,0.0,0.0,128.0,54.22601,5e-05,0.72,1.033,-1.0,0.0,33.77858253761574,92.09620098058687,0.10757433837998846,0.7722137647058823,1.1410590277777777,0.21531546391862466,65957.15306502835,0.13224742114874696,0.1571959128799715,0.025554433500089204,0.019878734620445725,0.04582818825391397,0.14706472689712297,3.7859851783355056,2.665047081967566,0.1413827623451695,0.25190922888317974,0.547699538874075,21326.758348697607,162.93706557952441,613.5154920740924,88.57309692439027
27,227,48.5111,4.2415,31,5.03728,0,116,133,8,125,7,0.98785,47.05455,0.0,0.0,3.03571,5.235,3.58291,0.0,0.0,128.0,54.28022,5e-05,0.73,1.041,-1.0,0.0,33.808137493369024,92.12767622538229,0.10762598840982965,0.7731145098039216,1.019627700617284,0.2156923979288808,65984.84457718782,0.1330034049421431,0.15775554842985562,0.02562638576102597,0.01986164073533588,0.045716441312657244,0.146821844287858,3.8047900901215077,2.72411070299173,0.14085942284311742,0.2519937136019316,0.5454819128308576,21449.490430168622,162.91432487600463,613.4538839666258,90.01060953102656
28,228,48.4554,4.17038,31,4.91253,0,116,133,8,125,7,0.98627,46.99735,0.0,0.0,3.03571,5.243,3.59778,0.0,0.0,128.0,54.23824,5e-05,0.73,1.029,-1.0,0.0,33.820812649197045,92.12165093395329,0.10759977623298309,0.7736580392156862,0.8941936728395061,0.2160601786893464,65978.66161404215,0.13367967345108947,0.15801330570119376,0.02560306977041482,0.01980999988706777,0.04534393701615571,0.146523720810002,3.7777218218214323,2.496328546304435,0.14034287154488356,0.2520057903193119,0.54548191283085,21351.545479826946,162.95502172896627,613.3706205979271,90.40712450401759
29,229,48.469,4.18422,31,4.70708,0,116,133,8,125,7,0.98107,47.01888,0.0,0.0,3.35714,5.275,3.53489,0.0,0.0,129.0,54.25378,5e-05,0.73,1.027,-1.0,0.0,33.678926444347994,92.1314824536458,0.10760731340356015,0.7736572549019607,0.7820698302469136,0.21643482954508134,65990.56776064214,0.13444846764761875,0.15816255286630396,0.02559302612977761,0.019774037470130686,0.04505861400732627,0.14618039187097823,3.7272472041278686,2.595962828861991,0.13981838543031838,0.25202989543474785,0.5476995388740742,21362.31236482765,162.96330759693586,613.3260882293995,91.0901071747634
30,230,48.4086,4.10302,31,4.83565,0,116,133,8,125,7,0.98803,46.97687,0.0,0.0,2.75,5.285,3.54982,0.0,0.0,129.0,54.23421,5e-05,0.73,1.022,-1.0,0.0,33.78962990089699,92.07809384608902,0.10757911072597211,0.7744905882352942,0.8146701388888888,0.2167541517164437,66006.25941639807,0.13515596726156498,0.15822534396689034,0.025542723002527128,0.01974083994631575,0.04483101922464865,0.1458234474884704,3.730268411807053,2.498142254829348,0.13936627429306314,0.2520800970743637,0.5476995388740821,21279.61582162494,162.9613718136365,613.2662419298554,88.06042061784501
31,231,48.4926,4.06154,31,4.74975,0,116,133,8,125,7,0.99001,47.05339,0.0,0.0,2.85714,5.249,3.47779,0.0,0.0,128.0,54.25139,5e-05,0.72,1.031,-1.0,0.0,33.78852448640046,92.08611133911461,0.10763687390515675,0.7745431372549019,0.6797839506172839,0.21708753934617123,65957.42027375262,0.1358902148685704,0.15806187501213087,0.02553140908752063,0.01966875679737651,0.04457869199074526,0.14556698569681856,3.7036228796157933,2.564161147661054,0.1389015256425273,0.2520491304177648,0.5454819128308491,21319.953259869868,162.9334478854691,613.2188596757281,90.21280369283484
32,232,48.4419,4.03571,31,4.58287,0,116,133,8,125,7,0.9865,47.02317,0.0,0.0,2.60714,5.261,3.44084,0.0,0.0,128.0,54.2303,5e-05,0.73,1.038,0.125,0.0,33.87124614951051,92.0745743804231,0.10757300768156673,0.7747811764705883,0.6270736882716049,0.21729392666192135,65859.62934664474,0.1365254238444724,0.15812947998721627,0.025549832903362213,0.019678135449538788,0.044338214838470016,0.14528664489325682,3.6871576879547234,2.3430668275014024,0.13850765088441636,0.25206801156743075,0.5454819128308488,21212.62556708621,162.9135405526197,613.1647567917622,90.92147299243058
33,233,48.5229,3.91078,31,4.49006,0,116,133,8,125,7,0.98869,47.12248,0.0,0.0,3.0,5.269,3.41769,0.0,0.0,129.0,54.25287,2e-05,0.72,1.034,-1.0,0.0,33.74913665394724,92.0786762688764,0.10763658494464357,0.7747808235294117,0.609326774691358,0.21752836531327624,65976.852597524,0.13712541310909035,0.15833881967047236,0.025418172549532828,0.019638392332341544,0.0442877538664004,0.1449936207360051,3.6759557210286093,2.7123787428314983,0.13814808168957718,0.25203557388149456,0.545481912830848,21313.813375770973,162.93783617940244,613.1189803365393,90.1898776041541
34,234,48.5093,3.69404,31,4.5567,0,116,133,8,125,7,0.98731,47.1348,0.0,0.0,2.67857,5.267,3.31141,0.0,0.0,129.0,54.24086,8e-05,0.73,1.013,-1.0,0.0,33.74598204059365,92.0891967712904,0.10768782156980342,0.7748039215686274,0.6441454475308642,0.21779091542118378,65990.34613042953,0.13766185895542143,0.1584003050885637,0.025389007496297133,0.01965653933195929,0.044200104083091885,0.14471734102943293,3.628715059214085,2.6557899432349856,0.13782966729665636,0.2520531358483178,0.549917164917304,21235.285522873197,162.96036840121627,613.0648152525374,88.99415771740938
35,235,48.5351,3.43567,31,4.6619,0,116,133,8,125,7,0.98477,47.17464,0.0,0.0,2.57143,5.271,3.12254,0.0,0.0,129.0,54.27114,4e-05,0.72,0.986,-1.0,0.0,33.835308310426306,92.04552562486258,0.10774504580708433,0.7747960784313725,0.714891975308642,0.21792927813222826,65966.24285876974,0.13824149031139624,0.1587684871728276,0.02532293044891019,0.019621761235534114,0.04411487545771236,0.1445552056616531,3.552428841673584,2.6117408724173368,0.13751919329650023,0.25197382964876225,0.5454819128308512,21138.42249657065,162.92499405366414,613.0209122088155,88.80503509603179
36,236,48.6088,3.20963,31,4.68423,0,116,133,8,125,7,0.99296,47.24799,0.0,0.0,2.32143,5.221,2.89724,0.0,0.0,129.0,54.25695,4e-05,0.72,1.05,-1.0,0.0,33.83901902187018,92.00417982930222,0.10769144425920411,0.7748039215686274,0.7578125,0.2180829882507134,65974.03846433898,0.13892102045326887,0.15904280324628536,0.025311287564204074,0.01961347709280152,0.044080786336420846,0.14442816072672446,3.4357586311321664,2.4784701921892207,0.13722757267985847,0.2520010249532625,0.5454819128308496,21217.5382447741,162.95709674596154,612.9695091443044,88.71826727498704
37,237,48.6183,3.18757,31,4.55438,0,116,133,8,125,7,0.99256,47.29234,0.0,0.0,2.64286,5.245,2.70061,0.0,0.0,129.0,54.28969,3e-05,0.72,1.027,-1.0,0.0,33.817440645194345,92.04306359657751,0.10772596911242363,0.7748039215686274,0.7545331790123457,0.21811289601698639,65954.43397182229,0.13951189273717463,0.15900490754789517,0.025224028927635755,0.01957165601420131,0.044124023791530555,0.14435942570581473,3.285894395815647,2.7723935743355357,0.13696337725600372,0.25200084762530894,0.5454819128308488,21237.76523472768,162.90495491320598,612.9309960501852,88.61985136465263
38,238,48.1966,3.12499,31,4.71152,0,116,133,8,125,7,0.98961,46.95069,0.0,0.0,2.17857,5.348,2.68197,0.0,0.0,129.0,54.27974,6e-05,0.73,1.026,-1.0,0.0,33.832100762261284,92.14257230628378,0.10765830226477138,0.7748039215686274,0.7384741512345679,0.21805214925449032,65615.90755211296,0.1399742775807722,0.15886435555414538,0.02519296791310168,0.01953432396221101,0.0442492191344863,0.14428565823282713,3.2539451561478576,2.3831615279586877,0.13663511508006956,0.25187753704479066,0.5454819128308469,20383.55804908527,162.8887205563999,612.8974983140565,90.55591512320943
39,239,48.1039,3.20056,31,6.00308,0,116,133,8,125,7,0.98657,46.82631,0.0,0.0,2.21429,5.33,2.62742,0.0,0.0,129.0,54.30229,3e-05,0.72,1.022,-1.0,0.0,33.844472249348954,92.27576623064527,0.10756539708722791,0.7747890196078431,0.7042824074074074,0.21806162466102297,65949.55475775649,0.14059671190919493,0.15853091611815284,0.02522232562748482,0.019588967027172072,0.04431103867317415,0.14423035598707945,3.2174898648002905,2.6195130987964337,0.13639430044814924,0.2519105524964877,0.5454819128308471,20883.79476632373,162.89721335358655,612.8815787586207,90.21184134591168
40,240,49.3056,3.38627,31,6.33042,0,116,133,8,125,7,0.98899,47.83555,0.0,0.0,2.53571,5.093,2.69554,0.0,0.0,129.0,54.31069,9e-05,0.73,1.02,0.125,0.0,33.81081079553675,92.02289458044005,0.1076667364791763,0.7751015686274509,0.7540027006172839,0.2182130283799548,66156.94652571167,0.14121287219208034,0.1582967944661026,0.02525298129021844,0.01955867336273569,0.04434524129709799,0.1442504153047672,3.2416653029687064,2.857560587297196,0.136136771982208,0.252127428286545,0.5454819128308431,22628.39746751982,162.904375508491,612.8520030013304,91.48774226425739
41,241,48.4272,3.53672,31,6.9092,0,116,133,8,125,7,0.98953,47.14207,0.0,0.0,2.67857,5.228,2.85671,0.0,0.0,129.0,54.31302,4e-05,0.72,1.053,-1.0,0.0,33.79283782582224,92.14152697946821,0.10783253157967808,0.7747960784313725,0.6936246141975309,0.21818638502210924,65723.37227824508,0.14160043295190333,0.15817407776847822,0.025298005461236485,0.019607803549453864,0.04444162822409573,0.1441639478117091,3.268624568760086,2.638827308374432,0.13593032921449838,0.25211712232340344,0.5454819128308465,20739.318899158432,162.9089479644408,612.8426425654352,88.7825742988715
42,242,47.59,3.52196,31,5.86631,0,116,133,8,125,7,0.9823,46.45721,0.0,0.0,2.28571,5.386,2.98792,0.0,0.0,129.0,54.27484,2e-05,0.73,1.037,-1.0,0.0,33.78168854890046,92.19916978485384,0.10775155082100207,0.7748039215686274,0.6865837191358025,0.21808843670280048,65534.34376930249,0.14175045536166234,0.15821331878393072,0.025293674277337856,0.01957621346815894,0.0444820233278435,0.14401309508551138,3.3028470608797087,2.0938519632312573,0.13564116193853795,0.2520099171376795,0.5454819128308499,19466.36347564855,162.91952397116935,612.8151196763442,86.71791812538616
43,243,48.1116,3.53659,31,6.0658,0,116,133,8,125,7,0.98586,46.82285,0.0,0.0,2.14286,5.248,2.97468,0.0,0.0,129.0,54.30306,2e-05,0.73,1.021,-1.0,0.0,33.7552156801577,92.2079018616705,0.10773598914415632,0.7748039215686274,0.6700424382716049,0.21800793196039614,65798.79214741163,0.14209320399170666,0.1582080767197044,0.025289083909491944,0.019575685142023142,0.04451992984169716,0.14395533932892057,3.242455630925197,2.3516868918941016,0.1353845250065271,0.25203024975965926,0.5454819128308461,20657.601979837287,162.9242937788973,612.8039553984044,90.59830781488918
44,244,49.1892,3.54708,31,6.02693,0,116,133,8,125,7,0.98679,47.74735,0.0,0.0,2.60714,5.04,2.99122,0.0,0.0,129.0,54.31577,6e-05,0.73,1.048,-1.0,0.0,33.766607213903356,91.96106835983572,0.1078043218643019,0.7753694117647059,0.7067418981481481,0.21805031996461927,66113.73727489781,0.14253545106368867,0.15817014940250257,0.02531576791131418,0.019577787798681714,0.044559376159719076,0.14397827253130113,3.2314209325883185,2.46710169548215,0.13519355041046355,0.25213543165063934,0.545481912830846,22358.61395074677,162.94095590666373,612.7876313712494,88.98438010918245
45,245,48.5245,3.62761,31,6.22211,0,116,133,8,125,7,0.98822,47.2192,0.0,0.0,2.5,5.23,2.99985,0.0,0.0,129.0,54.26353,4e-05,0.73,1.028,-1.0,0.0,33.75609032901717,92.02518848722762,0.1077899382621478,0.7745360784313725,0.7458043981481481,0.21802049669871243,65755.44205252682,0.14297234127213462,0.15813118640334584,0.02532519918724055,0.019597522038368873,0.0446584327842485,0.14395193643214216,3.24695384904675,2.554006109855777,0.13513743606643266,0.2521017164078518,0.5454819128308454,20931.07699669298,162.95121074468142,612.7756225910165,90.49854776158125
46,246,47.9026,3.61916,31,5.57691,0,116,133,8,125,7,0.99653,46.73786,0.0,0.0,2.42857,5.355,3.06615,0.0,0.0,129.0,54.24083,5e-05,0.73,1.041,-1.0,0.0,33.71647078902633,92.091292353706,0.1077139550717057,0.7742227450980392,0.7724247685185185,0.21782125498231483,65640.11214902066,0.14343838232678413,0.15779357066363484,0.025330454642060657,0.01954660961014902,0.04470914381665864,0.14385386182372595,3.280459168857173,2.6046712899573605,0.13534307372965268,0.2519525225402078,0.5454819128308457,19865.893051783038,162.96503962931087,612.7477258588414,88.90057579499181
47,247,48.2519,3.53684,31,5.93497,0,116,133,8,125,7,0.98998,46.96626,0.0,0.0,2.78571,5.258,3.0613,0.0,0.0,128.0,54.24581,4e-05,0.73,1.021,-1.0,0.0,33.717199443299094,92.17149921743137,0.10767919366447866,0.7736949019607843,0.7842881944444444,0.2176685872274043,65876.5703706483,0.1441362197323821,0.15736152396966765,0.025294475309120584,0.019557522497051845,0.04477661263373653,0.14381139115274663,3.2680568590528005,2.47055310359146,0.1356727864150852,0.2519614924927669,0.545481912830843,20872.569227334952,162.94905021460568,612.7369966732881,90.62333313917358
48,248,49.2432,3.47351,31,5.97062,0,116,133,8,125,7,0.99242,47.79118,0.0,0.0,3.10714,5.032,2.98759,0.0,0.0,128.0,54.25794,5e-05,0.73,1.012,0.125,0.0,33.634755075713734,91.8992125359665,0.10769695318416488,0.7736949019607843,0.8267264660493827,0.21768234380826068,66166.42288174237,0.14479762163805987,0.1568739449631193,0.025323121294480326,0.019515004245501125,0.04489463417078507,0.14370635148829047,3.2499110910994844,2.8524968118648677,0.13601896714435882,0.25208211543120995,0.5454819128308442,22512.917094718123,162.98194257662507,612.7161725200283,87.12622267863289
49,249,48.5047,3.48669,31,6.30414,0,116,133,8,125,7,0.99711,47.23346,0.0,0.0,2.32143,5.212,2.93341,0.0,0.0,128.0,54.28296,6e-05,0.72,1.014,-1.0,0.0,33.66655966676312,92.03039075528201,0.10771466268383968,0.7731294117647058,0.8024691358024691,0.21756179244467627,65737.63038983606,0.14529630107726546,0.15642602894727292,0.025272711820628273,0.01953933425500313,0.045023512656797854,0.143575520238134,3.2210166217232867,2.485979073805965,0.1363636443249164,0.2520927430205592,0.5454819128308452,20802.44698271005,162.97311341855365,612.7068413602594,87.01540772348119
50,250,47.7349,3.54876,31,5.48004,0,116,133,8,125,7,0.99418,46.6208,0.0,0.0,2.14286,5.362,2.9436,0.0,0.0,128.0,54.2474,6e-05,0.72,1.019,-1.0,0.0,33.62244142132041,92.11555721687188,0.10765313217090168,0.772786274509804,0.8095582561728395,0.21737141576566016,65551.43752505674,0.14579895502196494,0.1559836734707612,0.025323298074770777,0.019548063663178922,0.04517928748979903,0.14337554014277246,3.22200071077691,2.2252954064347428,0.13662143459548276,0.25204133242405413,0.5454819128308463,19580.86231377311,162.98784876554936,612.688690945778,88.87630931191798
51,251,48.2957,3.4466,31,5.94066,0,116,133,8,125,7,0.99751,47.04046,0.0,0.0,2.10714,5.22,2.9982,0.0,0.0,128.0,54.29184,5e-05,0.72,1.042,-1.0,0.0,33.71965460129726,92.09079516943534,0.10761228395822237,0.7731145098039216,0.7772472993827161,0.21724117375499688,65784.65524327205,0.14648337917244483,0.15555318533147466,0.025287632007323084,0.01953794874960884,0.04526861555947905,0.14330381171729376,3.261031772530071,2.3711774758960464,0.13692074389585973,0.2520139388873108,0.5454819128308434,20763.649121534098,162.9745893231127,612.6798766029323,88.78696914545907
52,252,49.2777,3.49606,31,5.98532,0,116,133,8,125,7,0.99439,47.86592,0.0,0.0,2.53571,5.027,2.91142,0.0,0.0,128.0,54.3017,4e-05,0.71,1.029,-1.0,0.0,33.677359686957466,91.88648176521157,0.10760554254716784,0.7725639215686274,0.753858024691358,0.2172473896873576,66093.60163430528,0.14717178245172421,0.15512342377866425,0.02525074986063336,0.01952538644833685,0.04533491094976146,0.14331670665605567,3.261891109437147,2.536327450576167,0.1373281846637157,0.2521161127308068,0.5454819128308427,22318.277823215652,162.98308092351758,612.6631278734881,88.00983039222683
53,253,48.761,3.66579,31,6.12889,0,116,133,8,125,7,0.99354,47.47398,0.0,0.0,2.32143,5.117,2.95516,0.0,0.0,128.0,54.31067,6e-05,0.73,1.051,-1.0,0.0,33.66378369743441,91.94373896691502,0.10768235754538624,0.7731145098039216,0.6824363425925926,0.21732464244496363,65707.86167951864,0.14765459141841394,0.15468146557189413,0.025220380521444208,0.01952641118048944,0.04531240603256322,0.14325210676779762,3.312365378893485,2.409472622548513,0.1376781650332763,0.25209460465469896,0.5454819128308472,21101.29571824609,162.96418406313134,612.6643736841297,91.70125097907327
54,254,48.1587,3.81404,31,5.79368,0,116,133,8,125,7,0.98752,46.9687,0.0,0.0,2.53571,5.266,3.10083,0.0,0.0,128.0,54.27075,9e-05,0.71,1.044,-1.0,0.0,33.64138567889178,92.02020036805666,0.10761612816697753,0.7720509803921568,0.6421199845679012,0.2174020478889212,65452.827450317665,0.14808752431129116,0.15423567407476982,0.025220262269886513,0.019528831155554177,0.04529380455426872,0.14317828244724798,3.433847386004563,2.2811255687296303,0.13803578858955873,0.25197686952903736,0.5454819128308477,20023.612193392728,162.99464861968576,612.6446206730873,90.21524124223333
55,255,48.6895,3.946,31,6.45831,0,116,133,8,125,7,0.99302,47.3135,0.0,0.0,2.32143,5.145,3.22857,0.0,0.0,129.0,54.30621,5e-05,0.72,1.041,-1.0,0.0,33.68324562355324,92.03865739657671,0.10756007821981352,0.7719756862745097,0.6607349537037037,0.2175885215682457,65914.72963223957,0.14865009559306266,0.1537876557219825,0.025253715813404617,0.019536933379085637,0.04522515651915275,0.14317008548807306,3.5240232052560505,2.2805164866476493,0.13831543762554518,0.25198562385650297,0.5454819128308445,21378.372700996704,162.9754564175468,612.6397004001939,88.57363315617444
56,256,49.6005,4.17271,32,6.17609,0,116,133,8,125,7,0.99353,48.02672,0.0,0.0,2.60714,5.011,3.34359,0.0,0.0,129.0,54.29546,7e-05,0.73,1.022,0.125,0.0,33.55966016981336,91.85401764451477,0.10762184029827503,0.7720509803921568,0.7499035493827161,0.21780748892350882,66110.42480513075,0.1492576313580506,0.15337885745874563,0.025276006890648847,0.019504382266145603,0.0451397261459328,0.1431630605990657,3.6510712153838534,2.515828104290467,0.13864737185075335,0.2520771320549777,0.5454819128308478,22945.880915671063,162.9953844018544,612.6271756820698,93.32098763367189
57,257,49.0524,4.42098,31,6.48853,0,116,133,8,125,7,0.9924,47.59778,0.0,0.0,2.32143,5.119,3.54195,0.0,0.0,129.0,54.31007,7e-05,0.73,1.028,-1.0,0.0,33.65349889684606,91.87239289636976,0.10772843031542959,0.7718058823529411,0.7572820216049383,0.21804226469491864,65809.21969071485,0.1497042119874464,0.15317666159270743,0.02526566663799282,0.01954831558218408,0.04494627094459136,0.14309307824000156,3.7779976575104333,2.6436247223868543,0.13896665035793407,0.2520511961789142,0.5454819128308496,21609.88434753565,162.98838765187958,612.624473471695,90.78932313138613
58,258,48.5039,4.56902,31,5.6244,0,116,133,8,125,7,1.00269,47.1642,0.0,0.0,2.57143,5.243,3.75827,0.0,0.0,129.0,54.28053,2e-05,0.73,1.042,-1.0,0.0,33.52759674449025,91.91824271789466,0.10768440608687846,0.7716083529411764,0.8037229938271605,0.2182751826197717,65646.20101739572,0.1500412967292351,0.15319756824809505,0.02523513978405442,0.019561665286014805,0.04490830536569106,0.14299107972074218,3.8752568820004396,2.7643292074450216,0.13920782362877968,0.25191733833643354,0.549917164917305,20659.970807333262,163.01938071982457,612.6145118475449,90.37023128975395
59,259,48.7951,4.77719,31,6.39254,0,116,133,8,125,7,1.00297,47.26578,0.0,0.0,3.25,5.16,3.88464,0.0,0.0,129.0,54.29211,8e-05,0.74,1.051,-1.0,0.0,33.578996258017455,91.97825971776702,0.10769435830700234,0.7713803921568628,0.8532503858024691,0.2185075167170205,65884.88455669773,0.1503098937817098,0.15303965011478285,0.02524011829685599,0.01956636790977255,0.044796142736111454,0.14288558262167228,3.9238037481389747,2.599719625594324,0.13944315764988305,0.2519151429650314,0.5476995388740699,21710.287663479787,162.9773152161647,612.6168321618526,91.69733999106586
60,260,49.4667,5.0405,32,6.17778,0,116,133,8,125,7,0.99024,47.8066,0.0,0.0,3.39286,5.018,4.06402,0.0,0.0,129.0,54.26602,8e-05,0.73,1.03,-1.0,0.0,33.56823768144772,91.84745784534911,0.10777573832898955,0.7714101960784313,0.9599247685185185,0.21855097310544802,66017.3043288027,0.15126751613942255,0.15297802315136289,0.025279947818835392,0.019538758943087195,0.04469552093732821,0.14261928701981258,3.9747191913974205,2.6918591504128426,0.13942374882975261,0.25200267468376797,0.5454819128308488,22919.75753186105,163.00319684763238,612.6096387686385,89.61294418793818
61,261,48.9247,5.14475,32,6.43712,0,116,133,8,125,7,0.99525,47.41876,0.0,0.0,2.82143,5.156,4.29308,0.0,0.0,129.0,54.24383,3e-05,0.73,1.031,-1.0,0.0,33.56966353051457,91.99364212367753,0.10788006321633763,0.7711345098039217,1.021460262345679,0.21857560623077582,65663.6370709319,0.1519007276694659,0.15282126071147115,0.025230649696419194,0.019565424223273616,0.04464069202175826,0.14226703602404067,4.043970324774197,2.55710478839827,0.13935547263301434,0.25201945288537675,0.5499171649173044,21548.303411212488,163.00474510562708,612.622993472107,93.32725041379655
62,262,48.3115,5.07357,31,6.17119,0,116,133,8,125,7,0.99225,46.93294,0.0,0.0,2.28571,5.289,4.38143,0.0,0.0,128.0,54.17825,3e-05,0.73,1.06,-1.0,0.0,33.51494249885465,91.97196982571111,0.10786457573523761,0.7708745098039216,1.1558641975308641,0.21853053253719154,65688.27977117566,0.1526596423515345,0.15292651253257747,0.025250332038878567,0.01955077440316163,0.04460177003176577,0.14191044771632902,4.069692904183575,2.418596850305944,0.13933969412186603,0.25193461554669844,0.547699538874082,20557.082607808887,162.97220043296073,612.6139530198063,90.57525877392462
63,263,48.6121,5.02038,31,7.43971,0,116,133,8,125,7,0.98363,47.01454,0.0,0.0,2.35714,5.138,4.32111,0.0,0.0,128.0,54.18996,6e-05,0.73,1.025,-1.0,0.0,33.557299201871146,92.09283577340281,0.10789886042874235,0.7706145098039215,1.2991415895061729,0.21855661049619216,66075.04668215869,0.1533729023899507,0.1525702930438954,0.02527608375791857,0.019557696940085436,0.04451961695987307,0.141709872570751,4.026954757069359,2.7088494973120034,0.13938441485647865,0.25192920125752083,0.5476995388740744,21922.65281822305,162.98022229284223,612.6194517172061,88.4097834962937
64,264,49.6533,4.97226,32,7.49148,0,116,133,8,125,7,0.98926,47.85665,0.0,0.0,3.07143,4.985,4.27723,0.0,0.0,128.0,54.17988,5e-05,0.72,1.049,0.125,0.0,33.532684702932094,91.88120088900602,0.10791001228480356,0.7708745098039216,1.51171875,0.21861691438848357,66350.3533673079,0.15419371017552636,0.15215250368055952,0.025251896719134016,0.019541881640428395,0.044478575655328506,0.14165359690782595,4.027944321269462,2.664732949130969,0.13942506186339243,0.2520068256570731,0.5454819128308513,23652.42105786896,162.93755517903585,612.6095995031784,88.23689212552623
65,265,48.9536,5.02783,32,7.38987,0,116,133,8,125,7,0.98658,47.37702,0.0,0.0,3.10714,5.14,4.23362,0.0,0.0,128.0,54.17169,5e-05,0.73,1.031,-1.0,0.0,33.58090530207128,91.99837261031854,0.1079900297396996,0.7706819607843137,1.4599247685185186,0.21867774793661732,65940.02181663098,0.1549868645825397,0.15185849203002288,0.025274521524344416,0.01951977734607397,0.04442719339708657,0.14156956528142567,3.980815337792099,2.7685892594956374,0.13944520384116116,0.251954408770382,0.5454819128308501,22024.052105366263,162.93005228492217,612.605554796569,87.85994965440051
66,266,48.3872,4.94015,32,6.33331,0,116,133,8,125,7,0.98884,46.97211,0.0,0.0,2.92857,5.229,4.2804,0.0,0.0,128.0,54.11804,5e-05,0.73,1.025,-1.0,0.0,33.462178924937305,92.04355278643783,0.10792321747044037,0.7703388235294117,1.4797935956790123,0.21869917647869636,65813.54741811851,0.1560161672792887,0.1518647001314045,0.025288031650810054,0.019548779884621104,0.04445945592570539,0.14149210838597517,3.9801482008035936,2.5718680461816956,0.13942631444123676,0.2518955926266831,0.5476995388740801,20984.43034610186,163.0038408271445,612.5876672214908,90.7561933330076
67,267,48.5766,5.06399,31,6.72484,0,116,133,8,125,7,0.99249,47.02131,0.0,0.0,2.67857,5.116,4.20545,0.0,0.0,128.0,54.15684,2e-05,0.73,1.037,-1.0,0.0,33.53036630889516,92.07680137657286,0.10799618519012058,0.770309019607843,1.4871238425925926,0.21878415845968038,66053.24596431728,0.15623984693155663,0.1520614457749073,0.025259926116419106,0.019532178476253777,0.044421217438377604,0.14161919105514453,3.9248872064472544,2.748588843341008,0.13950285093641435,0.2519640836880332,0.5454819128308475,21880.27234407096,162.97632546561735,612.5835189148248,90.3753211016238
68,268,49.2246,5.48467,32,6.91435,0,116,133,8,125,7,0.98738,47.54117,0.0,0.0,2.78571,5.081,4.31277,0.0,0.0,129.0,54.13197,8e-05,0.72,1.033,-1.0,0.0,33.469709796670045,91.99818909678073,0.10810019473471329,0.7702941176470588,1.5197723765432098,0.2188904245599963,66091.89994460458,0.15643983853552554,0.15223800281441371,0.025322515109771643,0.019483225138835204,0.04437354998690408,0.14183372031209665,3.9187614448412234,2.5098180728602153,0.1395484959948881,0.2521031795513044,0.5454819128308483,22995.521009866912,162.98576158221118,612.5600644289577,91.02129655768086
69,269,48.7524,5.65428,32,7.35763,0,116,133,8,125,7,0.99225,47.26673,0.0,0.0,3.21429,5.163,4.67708,0.0,0.0,129.0,54.19957,4e-05,0.73,1.026,-1.0,0.0,33.44237678433642,92.03721457939983,0.10812226436130853,0.7714023529411764,1.4709683641975309,0.21898501245704022,65769.78712333928,0.1566881649330796,0.1519520461888454,0.025287931484444238,0.019523223278300337,0.044392278611508046,0.14202154916359747,4.003456542483188,2.433072694782837,0.1396031156324045,0.25215949720400777,0.5476995388740771,21573.31307337814,162.9773210511335,612.5398139084175,89.19173900381907
70,270,48.2392,5.43438,32,6.84654,0,116,133,8,125,7,0.98688,46.90781,0.0,0.0,2.5,5.249,4.82293,0.0,0.0,129.0,54.15724,3e-05,0.73,1.06,-1.0,0.0,33.41841087812259,92.00562651790062,0.10816465050223537,0.7703388235294117,1.560667438271605,0.21900014707394774,65640.01829801736,0.15691552111226229,0.1513310148775322,0.025315288037837485,0.01949953783648956,0.04441969621749762,0.14220620546032614,4.038629558418765,2.567985906973431,0.13967881630703807,0.25213334105219337,0.5499171649173117,20665.36128079934,162.99498723956214,612.4963886960552,91.05280272511648
71,271,48.6284,5.01492,31,6.99989,0,116,133,8,125,7,0.99042,47.15628,0.0,0.0,3.39286,5.142,4.63365,0.0,0.0,129.0,54.21884,5e-05,0.73,1.012,-1.0,0.0,33.57355565200617,92.07104556214253,0.10814384533089662,0.7712098039215687,1.7674093364197532,0.21903592796977928,65982.13964172974,0.15733070991897122,0.1504500279541111,0.025303775666651086,0.019492899070388283,0.04453756733113345,0.14246733849504462,3.9873523482022493,2.9902938721797634,0.13971677982804037,0.25219710511806426,0.5499171649173061,21879.685728829525,162.96731659296844,612.4582686367755,91.88760510932664
72,272,49.5446,4.7999,32,6.67475,0,116,133,8,125,7,0.9938,47.95568,0.0,0.0,2.96429,5.013,4.2712,0.0,0.0,129.0,54.1898,6e-05,0.71,1.032,0.125,0.0,33.480442188404226,91.88615546900286,0.10821226150428442,0.7708745098039216,2.01195987654321,0.21903245008550556,66327.70753988579,0.15771440593066968,0.14997699279461466,0.025342368315430956,0.019484434941166345,0.04465859416748047,0.14274382252625084,3.862172491009256,2.794847789976459,0.13976761386215025,0.252316965383348,0.5499171649173015,23376.618653850113,162.9860183475447,612.3935578909843,90.69103658563037
73,273,48.9817,4.7913,32,7.50155,0,116,133,8,125,7,0.99234,47.62243,0.0,0.0,2.92857,5.119,4.08673,0.0,0.0,129.0,54.19956,7e-05,0.72,1.022,-1.0,0.0,33.522073062849636,91.96783238853479,0.10826981396849124,0.7708674509803921,2.0221354166666665,0.21914826357576797,65889.94074145821,0.15788732060454283,0.14983368844417772,0.025331097257143723,0.01952856898819094,0.044834240501007254,0.1428897127546855,3.779521209736185,2.5315873637404427,0.13980910311144304,0.25231479668392703,0.5499171649173122,21655.532335102587,162.96063429350852,612.3353439457609,90.6195049652306
74,274,48.3895,4.792,31,6.57448,0,116,133,8,125,7,0.99498,47.16809,0.0,0.0,2.5,5.214,4.0763,0.0,0.0,129.0,54.13841,5e-05,0.72,1.022,-1.0,0.0,33.45258660964024,91.9983262299965,0.10827952111548504,0.7704568823529412,2.118682484567901,0.21913427640087962,65828.85729137572,0.15822670324826832,0.14979923795234018,0.02534512265582635,0.01951410262825229,0.044817263391184387,0.14287065121527948,3.7671637386427546,2.4014182750811783,0.13986888362205116,0.2522820561551695,0.5521347909605424,20669.518346619257,162.986642662371,612.2496196485184,87.7693185547132
75,275,48.5725,4.76513,31,6.49504,0,116,133,8,125,7,0.9936,47.24899,0.0,0.0,2.60714,5.158,4.07824,0.0,0.0,129.0,54.1497,4e-05,0.72,1.026,-1.0,0.0,33.52859760802469,92.07647900279746,0.10825874137202254,0.7695121568627451,2.1910686728395063,0.2191203148130128,65959.59452593783,0.15858749032202302,0.14953584114181245,0.025353853927187486,0.019523238834026378,0.044856909928823026,0.1427362217766293,3.713459662445393,2.631114589047344,0.13996623739962777,0.2523564797255228,0.5499171649173055,21468.1394433798,162.94604286536813,612.1652703054318,89.05026319930246
76,276,49.2657,4.77024,31,6.28965,0,116,133,8,125,7,0.98536,47.84889,0.0,0.0,2.46429,5.021,4.05685,0.0,0.0,129.0,54.11089,2e-05,0.73,1.027,-1.0,0.0,33.51556886272666,91.95232120872747,0.10829419550782038,0.7702351960784313,2.3072434413580245,0.2192393094665015,66153.40901518383,0.15882896706745958,0.1490590240314904,0.02536183051631201,0.01946186026851894,0.04488849271215948,0.1426507525682118,3.6805810184304395,2.255297585783807,0.14015780349595883,0.25245261527247337,0.5499171649173084,22564.71707687313,162.95760897755724,612.0640556952704,91.42483052497987
77,277,48.539,4.58669,31,7.66452,0,116,133,8,125,7,0.99163,47.33906,0.0,0.0,2.78571,5.207,4.06023,0.0,0.0,129.0,54.08838,5e-05,0.74,1.031,-1.0,0.0,33.5692978847174,91.98725135819953,0.10834524857094384,0.7692078431372549,2.3622202932098766,0.21921334864132458,65652.6526588812,0.15892116808462253,0.14843866949815906,0.02531175945041012,0.019487892298658008,0.044917197901126596,0.14253656748697524,3.6752975851281717,2.5639409814668745,0.14017430794112806,0.2524695635656053,0.5499171649173078,20708.32364163924,162.93677267463428,611.9688793654544,91.81863373094035
78,278,47.6451,4.39935,31,6.63099,0,116,133,8,125,7,0.99276,46.63471,0.0,0.0,2.71429,5.394,3.9024,0.0,0.0,128.0,54.01422,5e-05,0.73,1.023,-1.0,0.0,33.59241758746865,92.11256950284083,0.10829405232746694,0.7691850980392156,2.4076003086419755,0.21910892665986256,65467.07195067917,0.15893787821789013,0.14792113750657937,0.02537079766598331,0.019471876717978415,0.04488600188789519,0.14235754986967541,3.597587345619581,2.3186199261713503,0.14013512625863117,0.25235968768702083,0.5499171649173117,19247.724431924962,162.93066863747637,611.8532665596433,88.21026734325427
79,279,48.1254,4.21282,31,6.63949,0,116,133,8,125,7,0.994,46.96598,0.0,0.0,2.64286,5.256,3.739,0.0,0.0,128.0,53.99797,5e-05,0.72,1.003,-1.0,0.0,33.61734668119454,92.13858519745571,0.10824456791718687,0.7691929411764706,2.435667438271605,0.21910514555999064,65847.32659643929,0.1591457120032554,0.1473864122688866,0.025323274827081098,0.019477379359707298,0.04479254919810925,0.14222113412244985,3.536742537308273,2.4952832478176226,0.14009048316799344,0.25237688920252016,0.54548191283085,20568.430625883288,162.94195063968695,611.7486498862264,89.52353665716782
80,280,48.9694,4.17123,31,5.96473,0,116,133,8,125,7,0.99621,47.67151,0.0,0.0,2.35714,5.098,3.5786,0.0,0.0,128.0,53.95979,8e-05,0.72,1.028,0.125,0.0,33.59160416214554,91.97233204026881,0.10824470313122676,0.7692007843137254,2.4684606481481484,0.21912367344355047,66034.35472781138,0.15935103101516085,0.14691505252662143,0.025254353331733564,0.01944998983669384,0.044648999288626985,0.14210142584179736,3.4982773814187005,2.5658759358129375,0.14011163156225065,0.2524495039861227,0.5476995388740723,21871.786172303597,162.9557619331929,611.6324530969022,90.68902607779883
81,281,48.2062,4.07071,31,6.90204,0,116,133,8,125,7,0.98563,47.07511,0.0,0.0,2.64286,5.256,3.54017,0.0,0.0,128.0,53.94936,0.0001,0.72,1.028,-1.0,0.0,33.62762865608121,92.11569310312557,0.10828839633927476,0.7686352941176471,2.5396894290123457,0.2190800599495624,65660.96130662711,0.15969850299218458,0.14650108738422501,0.025237660873730614,0.019485818179373057,0.044521971348446564,0.141995290699374,3.5197866029342566,2.3536134388041354,0.14007957715349603,0.2524101363073175,0.5476995388740785,20208.877755963542,162.9487577234248,611.5151193175275,88.62534687547571
82,282,47.1416,3.91448,31,6.24281,0,116,133,8,125,7,0.9902,46.20286,0.0,0.0,2.42857,5.537,3.45343,0.0,0.0,128.0,53.88655,8e-05,0.73,1.016,-1.0,0.0,33.616434733072914,92.23479675343506,0.10824862054050405,0.7686196078431373,2.5787037037037037,0.21895132814484675,65390.71610174046,0.16012229576858256,0.1461770621942445,0.025250096456617754,0.019473671632220246,0.044497816082825284,0.14181613809595986,3.5214959152644605,2.081158975627879,0.14001966858725481,0.2522612174919438,0.5499171649173044,18621.00256659549,162.94511696463235,611.3940771504543,89.82202565089301
83,283,47.8207,3.6315,31,5.78243,0,116,133,8,125,7,0.98673,46.74124,0.0,0.0,2.89286,5.405,3.31732,0.0,0.0,128.0,53.90415,8e-05,0.73,1.027,-1.0,0.0,33.64911208918065,92.25207801302582,0.10823941080601608,0.7686274509803921,2.5559895833333335,0.2187958425155628,65697.81650262135,0.16060612861060072,0.14588323611539122,0.025184418756781058,0.019472505823251673,0.04452220299458154,0.14166294522273715,3.475071261703816,2.218808562928723,0.13998328659636453,0.25211785284556953,0.5454819128308532,19973.306213082964,162.9447706669076,611.2746714502896,91.57192545732602
84,284,48.855,3.54779,32,5.88388,0,116,133,8,125,7,0.98742,47.62257,0.0,0.0,3.5,5.205,3.07181,0.0,0.0,128.0,53.87077,0.00012,0.72,1.004,-1.0,0.0,33.72980697066696,92.10869962416352,0.10831420081890612,0.7683219607843137,2.5309124228395063,0.21881659688224095,65983.61836680358,0.1611508801121809,0.1454393730764707,0.02517686497571441,0.019459025536539908,0.044535615923256576,0.14163254875326486,3.3326057510334146,2.6835777510224634,0.14002128926766552,0.2520962685182662,0.5476995388740759,21541.471849264588,162.92832958206188,611.1547199708322,88.76265587282235
85,285,47.8742,3.61134,31,6.55989,0,116,133,8,125,7,0.98446,46.79319,0.0,0.0,2.96429,5.442,2.99766,0.0,0.0,129.0,53.8482,7e-05,0.72,1.023,-1.0,0.0,33.65720358012635,92.26103512850356,0.10836969783869224,0.7681364705882352,2.4926697530864197,0.2186968576445294,65487.34872022461,0.16146644675895724,0.14504020156104946,0.0252090376634933,0.01945123272314637,0.044604668132666336,0.1414916355765214,3.2970965090000766,2.6761039345530886,0.14002026698261943,0.25197462965645767,0.5454819128308478,19684.284579963987,162.92670175867056,611.0430835988684,90.4434988142411
86,286,46.5199,3.28617,31,6.11566,0,116,133,8,125,7,0.98155,45.65327,0.0,0.0,2.53571,5.726,3.05303,0.0,0.0,129.0,53.76682,7e-05,0.73,1.064,-1.0,0.0,33.66953644929109,92.41181142087888,0.10825641729928241,0.7669231372549019,2.547019675925926,0.2185148644042234,65269.660738016704,0.1618264061959662,0.1445208389318537,0.025191995808543217,0.019447374011246858,0.044650630223321046,0.1413882221721572,3.4022823477205875,2.115892507045613,0.1399643847613013,0.2516806309002747,0.545481912830848,17741.36684461459,162.90896630204816,610.929279344775,90.23356610585749
87,287,47.297,3.08463,31,5.31307,0,116,133,8,125,7,0.98981,46.29998,0.0,0.0,2.75,5.487,2.76767,0.0,0.0,129.0,53.78129,6e-05,0.72,1.022,-1.0,0.0,33.643485175238716,92.29313025245234,0.1081393335394089,0.7675027450980392,2.331983024691358,0.2183496978091256,65651.12846532934,0.1622917259509626,0.14411035629399954,0.02515381195773181,0.01948938512992498,0.044872113919103035,0.141358179444586,3.318294804212641,2.0834726919120126,0.1399435830100328,0.25150504751475444,0.5476995388740765,19012.99555349392,162.91293411917525,610.8257373921721,91.5021330291029
88,288,48.0597,3.01911,31,5.03355,0,116,133,8,125,7,0.99306,46.95,0.0,0.0,2.46429,5.367,2.59213,0.0,0.0,129.0,53.77146,5e-05,0.72,1.016,0.125,0.0,33.67720860610773,92.10684844996672,0.10814234332402413,0.7676007843137254,2.2101658950617282,0.2182452796203806,65842.49373186968,0.16271798542688082,0.14378973189327457,0.025143367541680832,0.01951061922660245,0.04503526645745096,0.1413988965737499,3.258417177688889,2.320196353623471,0.1399466721849815,0.2514300667742486,0.5476995388740774,20167.786476028323,162.9163294147561,610.725962407862,90.35732927250808
89,289,47.0153,3.07443,31,5.88508,0,116,133,8,125,7,0.99068,46.06007,0.0,0.0,2.60714,5.63,2.53534,0.0,0.0,129.0,53.82758,4e-05,0.73,1.028,-1.0,0.0,33.68709818522135,92.27557078139887,0.10810691358290472,0.7686274509803922,2.1106770833333335,0.2180727837166985,65382.04123631557,0.16305583546842273,0.14347631128104807,0.025125702436601068,0.019543853030042573,0.04525669236890411,0.14133762034535916,3.2398264914103727,2.3544528299065863,0.13994490054666348,0.251215624200101,0.5476995388740755,18496.914918502735,162.88898541715372,610.6366405320598,91.72957512869321
90,290,45.5766,3.04111,31,6.20305,0,116,133,8,125,7,0.99216,44.86686,0.0,0.0,2.75,5.917,2.57979,0.0,0.0,129.0,53.77471,8e-05,0.73,1.029,-1.0,0.0,33.61376614040799,92.49812828762138,0.10795638170807503,0.767258431372549,2.122974537037037,0.21784437196100642,65153.21659487201,0.16341297508622463,0.14323260083342262,0.02511720127462915,0.01957069923101272,0.04540882974793266,0.14129909720239583,3.286247443635745,2.3367678423758944,0.13985676342151726,0.25086423817243564,0.5499171649172984,16500.01501396605,162.90972672301382,610.5471288591241,89.7212494152455
91,291,46.639,3.02671,31,5.55784,0,116,133,8,125,7,0.99213,45.78414,0.0,0.0,2.53571,5.681,2.55502,0.0,0.0,129.0,53.84443,6e-05,0.73,1.021,-1.0,0.0,33.680159957320605,92.40774860507327,0.10781127922816984,0.7691552941176472,1.8460165895061729,0.21765188006776615,65620.72393269994,0.1637703072253643,0.14299707671508208,0.025159128356851582,0.019584160634590193,0.0456463449755983,0.1412475462543434,3.237678943844747,2.0262599371481835,0.1398235575117312,0.25069494592065045,0.5499171649173001,18227.900908967535,162.9072074315241,610.4669982303619,90.22423904446737
92,292,47.9069,3.05055,31,6.00256,0,116,133,8,125,7,0.99411,46.87041,0.0,0.0,3.32143,5.442,2.53977,0.0,0.0,129.0,53.85114,6e-05,0.72,1.031,-1.0,0.0,33.605678417064524,92.14505898844395,0.10786507303023797,0.7694815686274509,1.662085262345679,0.21769191701731103,65880.77936967289,0.164092535511521,0.1426446471640257,0.02511624557462318,0.019583533032471494,0.045944148744582566,0.14129924103978556,3.1901408964249858,2.2494970735418804,0.1398378400190924,0.25053043037109396,0.5476995388740791,20128.357514641208,162.8917980605305,610.3941401799035,89.89109063244501
93,293,46.8877,3.11681,31,5.96073,0,116,133,8,125,7,0.99496,46.0177,0.0,0.0,2.71429,5.647,2.5629,0.0,0.0,129.0,53.82988,5e-05,0.72,1.014,-1.0,0.0,33.63485868477527,92.31429475071667,0.1078349394088032,0.7675184313725489,1.5602816358024691,0.2176172154086886,65340.34557713788,0.16432671391839315,0.14236242682118885,0.025220888655548467,0.01958474397298583,0.04618369879208943,0.1412722709684597,3.1797080334090952,2.0380533266951097,0.13979118849119374,0.25032601186458264,0.5499171649173065,18416.04543884517,162.93047338418762,610.3278559113452,88.41452374013869
94,294,45.8402,3.27684,31,5.60662,0,116,133,8,125,7,0.99837,45.13801,0.0,0.0,2.89286,5.921,2.61969,0.0,0.0,129.0,53.83098,5e-05,0.73,1.038,-1.0,0.0,33.665504172996236,92.50644035117568,0.10763832042369444,0.7675262745098039,1.55859375,0.2174817315860965,65027.07945487532,0.164576499196302,0.1421585807995594,0.025237011388952034,0.0196231560663583,0.04639217106637234,0.1412069532319824,3.1879836284842398,2.036594266558783,0.13967932903512104,0.25001375288567257,0.5476995388740805,16953.619416283476,162.900138199511,610.273556415147,91.557678234408
95,295,46.6568,3.34646,31,5.45586,0,116,133,8,125,7,0.99629,45.80924,0.0,0.0,2.5,5.677,2.75977,0.0,0.0,129.0,53.86246,6e-05,0.72,1.033,-1.0,0.0,33.6622885244864,92.41024378957769,0.10750923521174141,0.7675262745098039,1.2925829475308641,0.21741300911092754,65405.37535840502,0.164796945676271,0.14194492323154717,0.02523753172912337,0.019620524473292145,0.04650131187243577,0.14113055901163685,3.227274211492192,1.981369075200414,0.13958640866587477,0.2498414954499701,0.5454819128308502,18386.552909987568,162.9289479709974,610.2296439874393,90.82938600985099
96,296,47.8656,3.35267,31,6.17598,0,116,133,8,125,7,0.99531,46.82831,0.0,0.0,2.42857,5.422,2.82209,0.0,0.0,129.0,53.90228,5e-05,0.72,1.018,0.125,0.0,33.68065238293306,92.16631974284209,0.10747258694885271,0.7686274509803921,1.2004243827160495,0.21743131377753555,65705.50520177092,0.16494542093739345,0.14206272299389405,0.025265740692908857,0.019652490812083527,0.046590316235018116,0.1410760876803682,3.249221327658538,2.1826884748423785,0.13955812669486542,0.24969305560642227,0.5476995388740759,20143.476251800163,162.89762081637195,610.184916253829,91.58828985326403
97,297,46.6595,3.47783,31,6.36294,0,116,133,8,125,7,0.99001,45.82187,0.0,0.0,2.85714,5.731,2.82996,0.0,0.0,129.0,53.90243,5e-05,0.72,1.034,-1.0,0.0,33.668535397376544,92.37666035067328,0.10741377484661399,0.7674886274509805,1.1551890432098766,0.2174339616388023,65141.3832510799,0.16501981772678195,0.1425191212298032,0.025303614391897777,0.019677174014632492,0.046657654915922664,0.14089663457668458,3.2376415074656113,2.1904676981162514,0.13946096104000524,0.24943830197513575,0.5476995388740811,18053.91908973848,162.91346140127274,610.156662403567,90.1098670061519
98,298,45.3147,3.66985,30,6.2134,0,116,133,8,125,7,0.98539,44.68624,0.0,0.0,2.32143,5.97,2.93458,0.0,0.0,129.0,53.88518,5e-05,0.72,1.029,-1.0,0.0,33.64598196524161,92.6152031226325,0.10728035111138753,0.767258431372549,1.1868730709876543,0.21730908656754538,64899.18108553916,0.1651150347869237,0.14303480430905063,0.025274658982033314,0.01970490125494987,0.046616139574344954,0.14071953135853335,3.277462467178752,1.9943683269031427,0.1393507795428925,0.24920081185174967,0.5454819128308501,16145.109226597026,162.8946389542599,610.1241899048235,91.72120034934669
99,299,46.3289,,31,6.0271,0,116,133,8,125,7,0.99115,45.51296,0.0,0.0,3.42857,5.706,3.10408,0.0,0.0,129.0,53.95635,5e-05,0.73,1.029,-1.0,0.0,33.62821847421152,92.45986247805118,0.10720469622048223,0.7674886274509805,0.8816068672839507,0.21712261617974635,65318.09492764876,0.16519292227677246,0.14353796302933305,0.02531119853761745,0.019673163911180822,0.04669320589824214,0.14056089449139963,3.3294722284794704,2.1861044377529435,0.13920571233132625,0.24897759813293058,0.5454819128308492,17793.49801123647,162.92097526038532,610.1155717675796,91.34644201151754
