,frame_number,SITI.SI,SITI.TI,VCA. E,VCA. h,VCA. epsilon,VCA. L,VCA. avgU,VCA. energyU,VCA. avgV,VCA. energyV,AGH.Blockiness,AGH.Spatial Activity,AGH.Letterbox,AGH.Pillarbox,AGH.Blockloss,AGH.Blur,AGH.TemporalAct,AGH.Blackout,AGH.Freezing,AGH.Exposure(bri),AGH.Contrast,AGH.Interlace,AGH.Noise,AGH.Slice,AGH.Flickering,cambi,cubcol.0,contrast,movement,fft,cubcol.0.5,cubrow.0,cubcol.0.6,blur,temporal,cubrow.0.6,cubrow.1.0,uhdhdsim,cubrow.0.3,noise,cubrow.0.5,color_fulness,tone,blockiness,staticness,cubcol.1.0,saturation,cubcol.0.3
0,0,65.9206,3.80006,37,0.0,0,106,132,10,125,8,0.99435,61.56831,0.0,0.0,3.14286,4.063,0.0,0.0,0.0,127.0,58.36128,0.00011,0.72,1.222,0.0,0.0,0.023933597702577303,93.94446836804933,0.0,68924.75487188139,0.22229781606311025,0.11258111934329854,0.2275114832884728,60030.248395857016,0.0,0.15548598150273749,0.13877600944086213,90.02024074298076,0.28276430918176426,0.5250882857207319,0.15952030624886165,158.74292022922359,0.8531301960784314,2.262292567160555,537.9351851238871,0.03588401537079783,33.05296985013985,0.06194631683496111
1,1,65.9229,3.78776,37,4.88657,0,106,132,10,125,8,0.98879,61.55172,0.0,0.0,3.42857,4.057,3.21548,0.0,0.0,127.0,58.4171,9e-05,0.72,1.232,-1.0,0.0,0.02006584533788017,93.86997910268471,0.3510320216049383,68924.31448543571,0.22280566578482947,0.11060706611533563,0.22605442612601298,60003.362786538564,3.2462999771534773,0.15269803933897383,0.13114410004804805,90.041048280973,0.27973427451563276,0.5273059117639597,0.15670673559624795,159.25528763326025,0.8549388235294119,2.3037874981893234,537.5332729858104,0.02891984705243442,33.04150541329089,0.05197564495256561
2,2,65.9155,3.84964,37,4.67192,0,106,132,10,125,8,0.99044,61.53703,0.0,0.0,3.39286,4.067,3.2064,0.0,0.0,127.0,58.40995,0.0001,0.72,1.211,-1.0,0.0,0.018781469813426172,94.0016958609642,0.3722993827160494,68984.50143377452,0.22263941895785022,0.11038172675375044,0.22568595667596883,60034.38450410307,3.2537600667165454,0.15238838641397354,0.12799034027387762,90.04444937599783,0.27888605132468236,0.5250882857207347,0.15666470619036146,159.04748775727762,0.853732549019608,2.050666871597058,537.1129241858993,0.027807123539635343,32.98969466597946,0.04974300735383039
3,3,65.9279,3.94969,37,4.55022,0,106,132,10,125,8,0.98967,61.54848,0.0,0.0,3.57143,4.072,3.25878,0.0,0.0,127.0,58.47886,0.00013,0.72,1.184,-1.0,0.0,0.018239860919018035,94.0177316752362,0.3648244598765432,68969.43548441923,0.22250218813219633,0.110162446102893,0.22497910134643137,60111.64184018366,3.278040734116455,0.1519925106974143,0.12794225382070282,90.03200584108077,0.2784012485496251,0.5250882857207361,0.15631120053676634,159.30607182696622,0.8571788235294119,2.1931770034564253,536.8380928096875,0.026793334718806912,33.016442192925346,0.04912294355900358
4,4,65.9299,3.99501,37,4.65637,0,106,132,10,125,8,0.99022,61.53676,0.0,0.0,3.57143,4.072,3.34583,0.0,0.0,127.0,58.48001,0.00013,0.72,1.23,-1.0,0.0,0.01787332720771538,94.05027418909297,0.38961226851851855,68941.37767701299,0.22222788143513483,0.10992580274715597,0.22478884626502066,60057.86712303278,3.3039672645061096,0.1517096982615508,0.12712553708888708,90.0042929313266,0.2784690712531795,0.5250882857207385,0.15603774517545954,159.14258516517185,0.856592156862745,1.931479573194994,536.4848565091587,0.02611948164099861,32.961955317744504,0.0478621629288524
5,5,66.002,3.77852,37,4.85501,0,106,132,10,125,8,0.98815,61.59856,0.0,0.0,3.07143,4.065,3.38344,0.0,0.0,127.0,58.55258,0.00012,0.72,1.182,-1.0,0.0,0.017412579203285653,93.14632872556767,0.38093171296296297,68961.52643628734,0.22212423268346007,0.11021921588447242,0.2245274211284097,60286.35854048717,3.3427644359233684,0.1512579511715657,0.12679542199957647,90.02830411993914,0.27800647405599754,0.5250882857207331,0.1562578536892076,159.3959425120874,0.8574466666666667,2.413762603237359,536.1799314239793,0.025408855020155854,33.00196819540895,0.047322470893164506
6,6,65.9792,3.62407,37,4.80368,0,106,132,10,125,8,0.98695,61.56754,0.0,0.0,2.96429,4.081,3.19596,0.0,0.0,127.0,58.56544,0.00012,0.71,1.213,-1.0,0.0,0.0175801663951692,93.75935126361998,0.2964409722222222,69002.7283671161,0.22209940983601276,0.11005937507003438,0.2243320186500291,60162.48496709347,3.3282267742219953,0.15154188052631934,0.12632931103223194,90.02855397691363,0.2779829913032172,0.5250882857207385,0.15614893723798634,159.9044907936391,0.8573792156862746,1.9152306921622213,535.8428151175309,0.02532120658351283,33.017044255762926,0.04675899266269792
7,7,65.996,3.60916,37,4.76786,0,106,132,10,125,8,0.98359,61.55415,0.0,0.0,3.5,4.074,3.06389,0.0,0.0,127.0,58.61351,0.00013,0.71,1.173,-1.0,0.0,0.017630082740350078,88.91454160226843,0.24146412037037038,68957.70271248503,0.22185026447311731,0.11009673573664124,0.2240430963294997,60201.89384259129,3.2900171675787595,0.15136684582062868,0.12619437556305713,90.03839267906329,0.2777586278811877,0.5250882857207374,0.15632245820875726,159.6624071969125,0.8573870588235295,2.134057260833307,535.5990911952773,0.0250389506289877,32.90747258692612,0.046196716107621875
8,8,65.9878,3.65517,37,4.88516,0,106,132,10,125,8,0.9917,61.56689,0.0,0.0,3.10714,4.08,3.052,0.0,0.0,127.0,58.64681,0.0001,0.71,1.189,0.125,0.0,0.017656818131586767,92.1025042816903,0.2230902777777778,68973.20340404288,0.22204804614402615,0.1100497678224025,0.223974253324198,60040.414257096774,3.2671740510077187,0.15160789622362766,0.12580178962481522,90.01899879312354,0.2776094371729542,0.5250882857207397,0.15646681210646146,159.3298749295123,0.856307843137255,1.84250517576615,535.3099599575986,0.02510156589702685,33.004364955572434,0.04575287509899456
9,9,66.0435,3.73273,37,4.96716,0,106,132,10,125,8,0.98846,61.61378,0.0,0.0,3.78571,4.072,3.09149,0.0,0.0,127.0,58.69843,0.0001,0.72,1.183,-1.0,0.0,0.017705585439449525,93.69645329191175,0.25405092592592593,69047.34390056148,0.221901569039906,0.11003827085352108,0.22361971590451057,60241.709309324186,3.275991278881966,0.1517931080801682,0.12518201204517854,90.01896910843301,0.2776207166467157,0.5250882857207347,0.15636934595633287,159.40012271109663,0.8571326274509803,1.76021023039965,535.0546079850668,0.02489366414086616,32.97958750783661,0.04541475413044658
10,10,65.9737,3.95409,37,4.86471,0,106,132,10,125,8,0.98768,61.5398,0.0,0.0,3.32143,4.079,3.15619,0.0,0.0,127.0,58.72127,0.0001,0.71,1.21,-1.0,0.0,0.01755594465071634,93.07622024560783,0.6979166666666666,69105.78429780478,0.2221534141778488,0.11011047513655507,0.22366636627036343,60095.27559017278,3.2701149492214183,0.15209685589003813,0.12427052847455873,90.05572504193887,0.2775929710431786,0.525088285720735,0.15635353429876847,159.4468111236831,0.8560400000000001,2.0302309307720527,534.757733638165,0.02488704373204712,32.965236145773055,0.045105460972546314
11,11,66.0128,4.15192,37,4.98502,0,106,132,10,125,8,0.98686,61.55895,0.0,0.0,3.89286,4.083,3.34979,0.0,0.0,127.0,58.80966,0.00014,0.72,1.185,-1.0,0.0,0.017490207749760456,92.90925261715506,0.8938560956790124,69057.06712456231,0.22206150926542795,0.11011158097997228,0.2235669668083317,60273.48475834597,3.317977627063422,0.1522565415563636,0.12324895516760412,90.05659675893638,0.2776190742953471,0.5250882857207325,0.15633925247243288,159.8559951915596,0.8577145098039217,1.8542883270251034,534.521962366932,0.024599987049568794,33.00921819239487,0.044754707866670025
12,12,66.013,4.35232,37,4.92691,0,106,132,10,125,8,0.9866,61.55994,0.0,0.0,2.85714,4.084,3.52161,0.0,0.0,127.0,58.82773,9e-05,0.72,1.219,-1.0,0.0,0.017506500174829135,93.24305530810274,1.0326003086419753,69078.63059294524,0.22215005164145732,0.11014938006152264,0.2236494993667876,60316.8703652949,3.3842595838399805,0.152458788607581,0.12221394490933045,90.05294173017377,0.27763148974356894,0.5250882857207361,0.15637367953086093,160.2312582467788,0.857461568627451,2.011213390949934,534.223756831297,0.024616761502524436,32.92663046754436,0.04464463540668526
13,13,66.0721,4.37979,37,4.95656,0,106,132,10,125,8,0.99169,61.6174,0.0,0.0,3.57143,4.084,3.69581,0.0,0.0,127.0,58.88449,0.00015,0.72,1.255,-1.0,0.0,0.01740168849954514,93.49641634472113,1.033613040123457,69112.80933793893,0.22211347077936466,0.11016188760898406,0.22345020151303954,60474.56810956497,3.459341571756438,0.1525175830078038,0.1216643949449387,90.05033114830712,0.27776832322711864,0.525088285720737,0.15631824145710702,159.60352881470175,0.8577145098039217,1.967719289652785,533.9695760094652,0.02451746424799778,32.850409990475505,0.04446401570361067
14,14,66.0531,4.40398,37,4.99284,0,106,132,10,125,8,0.98917,61.59014,0.0,0.0,4.17857,4.083,3.72088,0.0,0.0,127.0,58.8967,0.0001,0.71,1.226,-1.0,0.0,0.017448574734219468,93.4967322132336,1.052854938271605,69119.94439957128,0.2221708956894207,0.11020214683488425,0.22329328105523716,60447.0889241758,3.456110350172867,0.15273395617441363,0.12070274653045103,90.07250466268385,0.27785717485593353,0.5250882857207329,0.15619423945089936,159.4669138189216,0.8577592156862746,1.9247835098908832,533.6447082745912,0.024405852919802525,32.73937121732735,0.04431049797652193
15,15,66.0776,4.37435,37,5.10487,0,106,132,10,125,8,0.9834,61.62758,0.0,0.0,3.71429,4.098,3.7401,0.0,0.0,127.0,58.93863,0.00011,0.72,1.231,-1.0,0.0,0.017399515193090104,90.44417994808222,1.6149691358024691,69127.78882474045,0.2220184130341232,0.11026090223078046,0.2231922673714115,60547.3259122687,3.465456556658954,0.15284435615211173,0.12009938447410007,90.06277787489987,0.2780151300998702,0.5250882857207372,0.15623516655083883,159.40533702303267,0.8577145098039217,2.0250278149900973,533.3268475927305,0.02422665338183635,32.60657228069541,0.04409754308161647
16,16,66.0599,4.32212,37,5.01228,0,106,132,10,125,8,0.98402,61.60706,0.0,0.0,3.64286,4.1,3.71252,0.0,0.0,127.0,58.93987,0.00011,0.71,1.222,0.125,0.0,0.01732606568030925,93.78799781813672,1.6200810185185186,69102.94934320184,0.2221647364791375,0.11033099131707123,0.2231768160753384,60502.64996036263,3.451870355418535,0.1532391687056205,0.119256260632514,90.05731951737361,0.2781189355986007,0.525088285720737,0.1562007722784645,159.51338303039304,0.8577223529411766,1.9274859865951326,532.9450810406522,0.02425494608951373,32.57855431827498,0.0439664936760212
17,17,66.1315,4.24859,37,5.09913,0,106,132,10,125,8,0.98633,61.68155,0.0,0.0,3.67857,4.09,3.66846,0.0,0.0,127.0,58.98558,0.00012,0.72,1.215,-1.0,0.0,0.017394592923744415,93.8493879132208,1.5870466820987654,69138.52283807744,0.2221236853690425,0.11019068325012499,0.22313568478189616,60710.6385221532,3.4563206948469887,0.1538195175459459,0.11847925186065213,90.04888460730312,0.27804330907012476,0.5273059117639604,0.15620623712663087,159.61541670507142,0.8581898039215687,1.9118269877134588,532.5786562791708,0.024229995779021324,32.50949850200135,0.04386824435334697
18,18,66.0461,4.34561,37,4.90384,0,106,132,10,125,8,0.98176,61.59137,0.0,0.0,3.96429,4.107,3.6028,0.0,0.0,127.0,58.97449,0.00012,0.71,1.221,-1.0,0.0,0.017283208674341726,93.93837097392117,1.5095003858024691,69084.9309209656,0.22224079636725103,0.1101987006893805,0.22308534378936576,60530.54159539553,3.4282320816656093,0.15431482214186784,0.11789353928299762,90.10755490123884,0.27797664429859187,0.5250882857207385,0.15629813456820202,159.74744427963543,0.8577145098039217,1.9252253134761927,532.1973059960366,0.024202198859506974,32.44486415533372,0.043759003590718236
19,19,66.0869,4.40961,37,5.09602,0,106,132,10,125,8,0.98434,61.6269,0.0,0.0,4.10714,4.111,3.68979,0.0,0.0,127.0,59.00634,0.00015,0.71,1.2,-1.0,0.0,0.017230922559924523,89.85614984322493,1.4016685956790123,69090.93660306283,0.22224220506939737,0.11019030304174038,0.2229821921077582,60702.810301167105,3.445683091019046,0.15457151881738865,0.11727575564715051,90.08573213731327,0.2779979433604494,0.5250882857207334,0.1563854113612064,159.6978217768463,0.85828,2.0420225236938916,531.8276000500686,0.024140042749558104,32.35410054524739,0.04362272278007002
20,20,66.0893,4.4446,37,4.98145,0,106,132,10,125,8,0.98177,61.62002,0.0,0.0,4.14286,4.102,3.74318,0.0,0.0,127.0,59.00482,0.0001,0.72,1.177,-1.0,0.0,0.01721672647100983,93.45552422788006,1.9250578703703705,69134.25857910863,0.2223161007836751,0.11036018809184822,0.22295278764653062,60673.934957380065,3.4467836199173956,0.15501546223422819,0.11672180699552635,90.09958919811494,0.277929167399704,0.5250882857207314,0.15661913178721273,159.07157708748576,0.8577223529411766,2.112289918373809,531.450484961399,0.02404209741320841,32.23528129671826,0.04348460702619522
21,21,66.1168,4.42683,37,5.01386,0,106,132,10,125,8,0.9805,61.65949,0.0,0.0,4.35714,4.093,3.77504,0.0,0.0,127.0,59.05524,0.00012,0.72,1.174,-1.0,0.0,0.01719508288946696,93.92830252855198,1.8998360339506173,69162.2668440439,0.22230598283621292,0.11035915560620004,0.22285666467233617,60735.84275135548,3.4483393916761127,0.1554096015823563,0.11636424901570147,90.0974347293902,0.2778840071794435,0.527305911763965,0.15684712366829068,159.5958446410536,0.8583325490196079,2.03773702706073,531.1110055391529,0.023903434326196925,32.21701125156732,0.04354395546080753
22,22,66.1511,4.41063,37,5.20204,0,106,132,10,125,8,0.98478,61.70546,0.0,0.0,3.53571,4.112,3.75617,0.0,0.0,127.0,59.05069,0.00013,0.71,1.201,-1.0,0.0,0.017108851808555377,93.96733948548805,1.8662712191358024,69076.98253824051,0.22228765365813594,0.11039795547664717,0.22275990249914807,60720.753470153904,3.4460610052498044,0.15567712835862033,0.11612406929518565,90.08822304588504,0.2778306742320804,0.5250882857207361,0.15697714260076456,158.88390729099962,0.8582799999999999,2.289642653267546,530.7623886701527,0.02388685090023979,32.11253074363426,0.04359965148114196
23,23,66.2535,4.29411,37,5.10765,0,106,131,10,125,8,0.98419,61.83911,0.0,0.0,2.96429,4.091,3.74686,0.0,0.0,127.0,59.065,9e-05,0.72,1.159,-1.0,0.0,0.017089392657008484,90.90964431775143,1.8298611111111112,69168.17418303968,0.2222320840061387,0.11039834606474447,0.2226612219204977,60904.077072655135,3.454371708310638,0.1559795707755403,0.115945135387333,90.02654698489908,0.27773783661018814,0.5250882857207416,0.15712256457222837,158.96271162373554,0.8582878431372549,2.2589042604505125,530.4074286469339,0.02370728111382693,31.970974203981,0.04362966522660101
24,24,66.3016,4.18408,37,4.9592,0,106,131,10,125,8,0.98976,61.91093,0.0,0.0,3.07143,4.103,3.64228,0.0,0.0,127.0,59.08023,0.00012,0.72,1.23,0.125,1e-06,0.017038771663024928,93.78589191964747,1.824315200617284,69144.31245273571,0.22225372058595247,0.11042723391289819,0.2225679545603447,60943.08949296165,3.444051696918817,0.15626373976916944,0.11582622780381797,90.01772028694913,0.2777654830678976,0.527305911763964,0.15726237414568664,158.7796326286715,0.8593199999999999,2.4379734249107394,530.0534009134014,0.023672042083167706,32.00891207471306,0.043682927351090736
25,25,66.3693,4.05915,37,4.95599,0,106,131,10,125,8,0.98498,61.98925,0.0,0.0,3.5,4.09,3.55038,0.0,0.0,127.0,59.12418,0.00015,0.71,1.176,-1.0,1e-06,0.017057316321400597,93.4110200870887,2.252025462962963,69160.29659112544,0.22226023320401053,0.11045952174132755,0.22246927078715414,60958.680014152684,3.400723657215757,0.15667412195949088,0.11578028289429788,90.00791314838466,0.2777966928789916,0.5250882857207482,0.1572552040932466,158.5880973807874,0.8597243137254902,2.5032198438941586,529.7339700017013,0.023573957970230777,31.899645204897283,0.043585128002310555
26,26,66.385,3.99188,37,5.02318,0,106,131,10,125,8,0.98063,62.02788,0.0,0.0,4.10714,4.112,3.44001,0.0,0.0,127.0,59.12634,9e-05,0.71,1.178,-1.0,0.0,0.01699723203661261,93.07984290656945,2.2083333333333335,69118.61407018227,0.22224229031798862,0.1104808445948578,0.22240743755988138,60998.86022850217,3.352137043128702,0.15698273051560144,0.11568795049738917,90.01442602674894,0.2778823515252475,0.5273059117639636,0.1573533759538287,159.00373600738703,0.8602332352941175,2.7239256329127173,529.4035099768396,0.02351129835572891,31.867948555652003,0.04353404223350064
27,27,66.416,3.92663,37,5.07484,0,106,131,10,125,8,0.97785,62.06256,0.0,0.0,3.07143,4.103,3.38385,0.0,0.0,127.0,59.16599,0.00012,0.72,1.201,-1.0,0.0,0.017019743954487083,92.99932293300316,2.103009259259259,69180.52139164551,0.22223623182660124,0.11047304860967319,0.22224075334497706,61013.33150268342,3.3159648051109603,0.15712474778039892,0.11587191852747782,90.01126044560723,0.27785552475948994,0.5273059117639666,0.15737751478723952,158.83858259005763,0.8606400000000001,2.213236702565001,529.1128458367878,0.02349534054216371,31.782795470437886,0.04344740214878901
28,28,66.4552,3.83919,37,4.90997,0,106,131,10,125,8,0.97959,62.10981,0.0,0.0,3.5,4.107,3.32433,0.0,0.0,127.0,59.15855,8e-05,0.72,1.205,-1.0,0.0,0.01695893647245274,92.84999118240958,1.9636863425925926,69059.95399759879,0.22224340921034727,0.11050641753392643,0.2220815344719096,60915.814467077624,3.272590916276942,0.1571853638154379,0.11599729629710973,89.97610944174556,0.27787082042549244,0.5273059117639697,0.157425340347886,158.5593072077636,0.86026,2.2139686769833857,528.8166197164085,0.023472100421915113,31.840686374240452,0.04339518713454212
29,29,66.5047,3.67033,37,4.7125,0,106,131,10,125,8,0.98966,62.16515,0.0,0.0,3.5,4.105,3.2518,0.0,0.0,127.0,59.20382,0.0001,0.72,1.221,-1.0,1e-06,0.017027721007931144,93.02749395076005,1.8898533950617284,69195.97165825922,0.22225188389650669,0.11052425410163011,0.22195043442971227,60971.20201726465,3.254888200307663,0.15725720357384593,0.11596083854888897,89.9766593561987,0.27792698037385294,0.527305911763965,0.15743431709390182,158.60547000461315,0.8599545098039216,2.2830099652354257,528.5361951338207,0.023382860901841735,31.836753562644677,0.04324915743028663
30,30,66.5013,3.69259,38,4.5704,0,106,131,10,125,8,0.98826,62.16781,0.0,0.0,3.32143,4.101,3.10019,0.0,0.0,127.0,59.21112,9e-05,0.72,1.2,-1.0,0.0,0.01700866357563434,91.9602748326036,2.0317322530864197,69216.579341679,0.2222187799218993,0.11046799085579004,0.2218068460597899,60920.920211365825,3.256979289871246,0.1573843435349485,0.11571287081095552,89.9342649219521,0.2779494652146195,0.5273059117639646,0.15743608594196784,159.07880719344985,0.86026,2.1400446339670944,528.2673729696913,0.023434230121808935,31.83055246612172,0.04314315134237263
31,31,66.433,3.652,37,4.53657,0,106,131,10,125,8,0.99143,62.09539,0.0,0.0,3.60714,4.086,3.1199,0.0,0.0,127.0,59.19123,0.0001,0.71,1.219,-1.0,0.0,0.016985596072323778,93.98817295348316,1.8275462962962963,69068.89765119985,0.222213415045204,0.11046736576497429,0.22163008850118263,60665.06567706685,3.2729813757345685,0.15756381024333396,0.11564604192882766,89.98364847278408,0.2779727024170667,0.5273059117639627,0.15742219100882662,158.49432797294668,0.8591588235294119,2.2391588469937465,528.0373468329642,0.02336928001333505,31.790647530261378,0.043005248669818814
32,32,66.4813,3.61764,38,4.55098,0,106,131,10,125,8,0.9888,62.15851,0.0,0.0,2.96429,4.094,3.08481,0.0,0.0,127.0,59.21578,0.00011,0.71,1.229,0.125,0.0,0.016951443187982362,93.62372767401037,1.6277006172839505,69207.80950059555,0.22216993830520798,0.11044888903722443,0.22155225524845407,60773.81867386962,3.255203179008265,0.15768318645791315,0.11564371688520454,89.93274673912238,0.2779791675135759,0.5273059117639657,0.15739357621968658,159.14034450591703,0.8593811764705883,2.2614072884782677,527.791863505359,0.023364398708720036,31.965830861786266,0.042879073649760194
33,33,66.5143,3.55827,38,4.51669,0,106,131,10,125,8,0.98245,62.20439,0.0,0.0,2.85714,4.085,3.05554,0.0,0.0,127.0,59.21687,0.00011,0.72,1.218,-1.0,0.0,0.016933535580027557,93.97643126228458,1.433545524691358,69190.10064030794,0.22216680326297814,0.11046983135045035,0.22139677090704268,60875.17044556425,3.2529165698083533,0.1577331074947499,0.11564942552237227,89.94951179567236,0.2780107745607711,0.5311469527430267,0.15735807353209907,158.75259603860027,0.8585854901960784,2.1142503207745396,527.5989230643266,0.023335450865968423,31.765791716399015,0.04277193954072193
34,34,66.4798,3.63302,38,4.57903,0,106,131,10,125,8,0.98178,62.15925,0.0,0.0,4.0,4.085,3.00105,0.0,0.0,127.0,59.22601,0.00012,0.71,1.249,-1.0,0.0,0.01693196584901827,93.87690679588411,1.3168402777777777,69057.10793123479,0.22217787390690902,0.1104054926795439,0.22128466863465454,60740.658514952076,3.181445927047699,0.15776417940622128,0.11584461358166981,89.97290248109391,0.2780122858006685,0.5273059117639672,0.15736761793549076,159.04746062640066,0.8579525490196079,1.7563993005946394,527.3929660126653,0.02337486767505035,32.00338613251109,0.04269189103367587
35,35,66.511,3.58711,38,4.55507,0,106,131,10,125,8,0.98601,62.202,0.0,0.0,3.39286,4.087,3.06775,0.0,0.0,127.0,59.25453,0.00011,0.71,1.188,-1.0,0.0,0.016881897260694168,92.39896583204671,1.4226948302469136,69131.5665267603,0.22214640264931615,0.11037231587828751,0.22115168660788653,60862.88656641264,3.1920694925579127,0.15772540758976886,0.11595929837475347,89.94846254105835,0.2780258260581281,0.5273059117639662,0.15734121430480155,159.11258849993422,0.8574992156862746,2.127993937346631,527.215549729298,0.023325432120951294,31.900995890299477,0.04255343803993389
36,36,66.5531,3.48201,38,4.37342,0,106,131,10,125,8,0.98754,62.23942,0.0,0.0,3.14286,4.096,3.02542,0.0,0.0,127.0,59.25772,8e-05,0.71,1.248,-1.0,0.0,0.016900552491150106,88.80190489636529,1.3410976080246915,69213.5587019496,0.22214761005215716,0.11035710525145084,0.22108910543129132,60979.24027194617,3.208784264647177,0.15765922200596064,0.11613293176697226,89.94122917546122,0.27801029744333805,0.5273059117639693,0.15731127309034046,158.89681507487222,0.8566133333333334,2.042535678955382,527.0523481904653,0.023287568239662087,31.97292318461854,0.0424820712320164
37,37,66.562,3.30583,38,4.38205,0,106,131,10,125,8,0.98617,62.27196,0.0,0.0,2.96429,4.087,2.93405,0.0,0.0,127.0,59.29087,0.00012,0.72,1.184,-1.0,0.0,0.016895443792251448,89.94842590143006,1.2748360339506173,69203.08929224992,0.2221309788303621,0.11039812129558693,0.2209592104631734,60953.52221801125,3.197298770079881,0.15757389927659138,0.11629849602584433,89.94482138915706,0.2780304699669807,0.5273059117639652,0.15734463154306297,158.18317437107595,0.8566054901960786,2.2090863512944283,526.9030015098061,0.023355043277138568,31.938511224440585,0.04237143151441204
38,38,66.5904,3.12856,38,4.19877,0,106,131,10,125,8,0.98797,62.31258,0.0,0.0,2.57143,4.084,2.78189,0.0,0.0,127.0,59.28829,9e-05,0.71,1.226,-1.0,0.0,0.016937729028544138,93.99555474151461,1.2026427469135803,69120.28386485927,0.2221335158482484,0.11037685916083288,0.2208894328317054,60937.843281005175,3.150949436207607,0.15746824942269527,0.11633297406231892,89.91419518874908,0.27803421119793303,0.5273059117639646,0.15730915920017072,158.93521495233307,0.8554305882352943,2.23901659099139,526.7598547434804,0.023356815404537105,31.907716727551115,0.04237654514559797
39,39,66.5436,3.02464,38,4.24243,0,106,131,10,125,8,0.98469,62.2721,0.0,0.0,3.57143,4.079,2.62819,0.0,0.0,127.0,59.30612,0.0001,0.71,1.212,-1.0,0.0,0.016903617383211025,91.71611931371999,1.1402391975308641,69174.43857615601,0.22212122081914673,0.11034059871478535,0.22083193825816225,60825.71726679282,3.0944712496345503,0.157366142531765,0.11642246063299491,89.92667201586136,0.27803470321605483,0.5273059117639657,0.15724401666918844,158.38458144078072,0.8568066666666667,2.1223060359459365,526.6362461040347,0.023340199226365092,31.86372940628617,0.0423677588237886
40,40,66.5486,3.04875,38,4.18489,0,106,131,10,125,8,0.98461,62.28765,0.0,0.0,2.85714,4.104,2.53675,0.0,0.0,127.0,59.30454,0.00012,0.71,1.189,0.125,0.0,0.01693488744776004,88.61692142878354,1.2151813271604939,69080.00660834184,0.22213814182948463,0.11032097284315832,0.220785486346034,60839.83462627251,3.078202348832851,0.15722882369155364,0.11645894643710113,89.93947540885037,0.2780046096175046,0.5273059117639721,0.15718773683957066,158.3876955260376,0.855192549019608,2.0978424586322197,526.512590174322,0.023282953634581386,31.948877970377605,0.0423932192527457
41,41,66.5924,2.96633,38,4.16972,0,106,131,10,125,8,0.98497,62.32122,0.0,0.0,2.92857,4.09,2.56131,0.0,0.0,127.0,59.32083,0.0001,0.72,1.199,-1.0,0.0,0.016932278790650058,88.44281516202082,1.1761188271604939,69193.09632484807,0.22210778576729054,0.11028074821698988,0.22071651799740136,60889.338752846124,3.0905212658965553,0.15714938717922208,0.1165400193268573,89.91191060006048,0.2780064321672406,0.5289293266997978,0.15712804802578886,158.3085362580827,0.8563549019607843,2.5210482614838785,526.3975102132971,0.023335422292433915,31.90077755774981,0.04242130858968343
42,42,66.605,2.85613,38,4.20825,0,106,131,10,125,8,0.97964,62.32285,0.0,0.0,3.39286,4.066,2.48594,0.0,0.0,127.0,59.32497,0.00013,0.71,1.243,-1.0,0.0,0.016945806933572734,91.42076329700382,1.1110628858024691,69132.7476177256,0.22214822175732257,0.11027714327472522,0.22061464278106996,60939.846297324875,3.0806839478721204,0.1570389206560823,0.11660472157018764,89.90652531140395,0.27797198231432485,0.5273059117639642,0.1571092031823821,157.96744276903962,0.8554305882352943,2.2822692552086075,526.2954565602433,0.023327308714234593,31.85011875482253,0.04248782584851286
43,43,66.6945,2.90755,38,4.16514,0,106,131,10,125,8,0.98484,62.39709,0.0,0.0,3.07143,4.084,2.38783,0.0,0.0,127.0,59.36423,0.00013,0.72,1.193,-1.0,0.0,0.016932563130233322,88.42998780376777,1.0445601851851851,69183.40212339831,0.22213653337652178,0.11029711404441897,0.22056957131012522,61135.51845416454,3.0525798852382744,0.15693222509286125,0.11660788724542859,89.89401388139112,0.2779655406742987,0.5273059117639641,0.1571195194423926,157.96821466007458,0.857304705882353,2.40663123569077,526.2053517715098,0.023325928441921915,31.92517899878231,0.042491710628237776
44,44,66.6144,3.05927,38,4.10556,0,106,131,10,125,8,0.98966,62.30719,0.0,0.0,3.75,4.086,2.43186,0.0,0.0,127.0,59.34765,0.00013,0.71,1.208,-1.0,0.0,0.01698368057865462,91.36293401064607,0.9593942901234568,69121.36951338244,0.22215601306244928,0.11029441088520525,0.2204677579958458,60930.20938160085,3.0400783841523102,0.15683798855231487,0.11670948662855424,89.92642880732019,0.2779610551146644,0.528929326699794,0.15709803887629814,158.36672891623903,0.855192549019608,2.230429421874346,526.1193922975895,0.023316286546308178,31.858759938934707,0.04245383286945744
45,45,66.685,3.11872,38,3.94739,0,107,131,10,125,8,0.98926,62.36874,0.0,0.0,3.57143,4.073,2.56691,0.0,0.0,127.0,59.37829,0.00013,0.71,1.209,-1.0,0.0,0.01697580136408941,91.11427131665388,1.0220871913580247,69156.35706409652,0.2221356839047765,0.11027338468279363,0.22038825711681614,61102.12118003255,3.07018496492941,0.156745764373201,0.11682224543962486,89.91436171707988,0.2779397214344347,0.527305911763967,0.15708074465996352,158.12285101370367,0.8574545098039217,2.226202005657113,526.0497853364334,0.023363589324619172,32.03012537073206,0.04245287012874291
46,46,66.652,3.11755,38,4.0646,0,106,131,10,125,8,0.98665,62.34824,0.0,0.0,3.25,4.087,2.61621,0.0,0.0,127.0,59.37099,9e-05,0.71,1.192,-1.0,0.0,0.01699554718930298,92.27291230424913,1.0692997685185186,69126.80923583743,0.22213688647786384,0.11024959099704094,0.22033313137031155,60990.95616038875,3.1060734211347008,0.15669132168512132,0.11695103742302317,89.91263847432381,0.2779827415773428,0.5273059117639666,0.15712449825052716,158.10160087554164,0.8562858823529413,2.2647420765614554,525.9784546330618,0.02333368413690874,32.013058886115935,0.042444261121638245
47,47,66.7341,2.99655,38,4.05967,0,107,131,10,125,8,0.98727,62.43436,0.0,0.0,3.64286,4.065,2.61889,0.0,0.0,127.0,59.40362,0.00015,0.72,1.221,-1.0,2e-06,0.016988149450853994,91.56339994175502,1.1318962191358024,69171.93565648719,0.2221004118739423,0.11024573292630281,0.22029549428854628,61168.93520284921,3.114943592649945,0.1566065517851028,0.11710145133954147,89.90233218310395,0.2779674116126122,0.5273059117639671,0.15715152630746745,158.1951040011606,0.8574545098039217,2.147540102562101,525.9375281744575,0.023288871772565264,31.98558892144097,0.04245183463073151
48,48,66.7304,2.91597,38,4.3,0,107,131,10,125,8,0.99291,62.43777,0.0,0.0,3.35714,4.075,2.50928,0.0,0.0,127.0,59.38164,0.00013,0.72,1.247,0.125,0.0,0.017004699224200028,91.60845774995545,1.1564911265432098,69178.69247274849,0.22211669517920649,0.11028099403206462,0.22024190070210656,61113.064975823014,3.0805410748833086,0.15650004125338313,0.11720228636487863,89.91916238221208,0.27794860671819677,0.5273059117639626,0.1571510929594337,158.28541848107773,0.855667843137255,2.0828296867325844,525.8955354555094,0.023340156761508725,31.968455185124906,0.042478247695158
49,49,66.7608,2.93354,38,4.05776,0,107,131,10,125,8,0.99007,62.47069,0.0,0.0,3.32143,4.084,2.44108,0.0,0.0,127.0,59.41056,0.00012,0.72,1.193,-1.0,0.0,0.01700819948807867,93.88533993646297,1.1556230709876543,69229.13148178165,0.22210397534261297,0.11030216776342765,0.220187747071894,61225.97462605588,3.0607448044088956,0.15641579006184608,0.11731737353605425,89.91575916340095,0.27795605045323357,0.5273059117639631,0.15713308627037795,158.94356776753767,0.8571568627450982,2.0989301038294204,525.8695929763444,0.023328135318959695,31.9036405586902,0.04245339530057927
50,50,66.758,2.93215,38,4.0783,0,107,131,10,125,8,0.99257,62.47606,0.0,0.0,3.89286,4.069,2.45507,0.0,0.0,127.0,59.3914,0.00012,0.72,1.196,-1.0,0.0,0.016996871065270508,91.56132105678401,1.181568287037037,69241.87667555045,0.22206860816416485,0.11027251844489276,0.22013271141511723,61118.493258330585,3.072881041852506,0.15634721567347765,0.11748778755493508,89.93403392224448,0.27796116393421655,0.5273059117639666,0.15715108955913787,158.6945827019899,0.8548949019607844,2.240528295517457,525.8433307542812,0.023298230862192383,31.95532490294657,0.042452263036612675
51,51,66.7951,3.004,38,4.10812,0,107,131,10,125,8,0.98914,62.50542,0.0,0.0,3.28571,4.075,2.45783,0.0,0.0,127.0,59.39786,0.00011,0.71,1.187,-1.0,0.0,0.017030483922727442,94.03370786716525,1.142988040123457,69236.32585632891,0.22201006602048798,0.11029916951840528,0.22009581216310622,61302.817152718,3.0697946318589655,0.15626520184698064,0.11762738309824518,89.90128280683685,0.2779601283194271,0.5273059117639648,0.15721690084070145,158.22175042502437,0.8563384313725491,2.1592694465048314,525.8323517882168,0.02334559133628733,31.950099050262825,0.04245043684544339
52,52,66.7448,3.02969,38,4.02149,0,107,131,10,125,8,0.98427,62.45043,0.0,0.0,3.25,4.081,2.51927,0.0,0.0,127.0,59.39122,0.00011,0.71,1.186,-1.0,0.0,0.01699245656621737,93.90392066017141,1.0981867283950617,69176.11844331128,0.2219771736364332,0.11027735550479788,0.22003065125758245,61117.259094000714,3.1023319573857457,0.15616883414418664,0.11772765933051883,89.90051782707845,0.2780122331896267,0.5273059117639649,0.15731279909324236,158.81069378569458,0.8548870588235296,2.230204029724122,525.8235751310137,0.023422456448911215,31.95803079487365,0.042472801478284715
53,53,66.7948,3.11338,38,4.21705,0,107,131,10,125,8,0.98548,62.50057,0.0,0.0,3.57143,4.092,2.54117,0.0,0.0,127.0,59.42819,0.00012,0.71,1.203,-1.0,0.0,0.01702325452499502,91.63319518763115,1.0460069444444444,69253.30834481008,0.22197854175695877,0.11028557267466448,0.219977942951741,61355.55294364106,3.1344903732012575,0.15606245911179237,0.1177451588798517,89.91949078657177,0.2779926731862997,0.527305911763965,0.1573842966983669,158.53374477618658,0.8571490196078433,2.5026374738588593,525.825313341738,0.023425915867483504,31.941615728684415,0.04249390197117174
54,54,66.759,3.18338,38,4.24442,0,107,131,10,125,8,0.99313,62.45526,0.0,0.0,3.5,4.076,2.61471,0.0,0.0,127.0,59.40395,0.00012,0.72,1.198,-1.0,0.0,0.01701297979896313,93.97876319443031,1.0032310956790123,69167.99570551935,0.22194729826624046,0.11025755139983247,0.21989024121788397,61222.164389705365,3.16790858017976,0.15601176509237216,0.11789499167273451,89.90760582673708,0.2780097452667648,0.5273059117639639,0.15747273726862557,158.7017555133993,0.8548870588235296,2.290229959891014,525.8373098237865,0.02349292680928535,31.937292593496817,0.04252177097576469
55,55,66.7689,3.28764,38,4.15664,0,107,131,10,125,8,0.99144,62.44891,0.0,0.0,3.03571,4.089,2.67511,0.0,0.0,127.0,59.4442,8e-05,0.72,1.248,-1.0,0.0,0.017069579946824558,90.96901330096527,1.0049672067901234,69217.2227268834,0.22194453294855904,0.11027409552893921,0.21983383336000087,61222.26135613347,3.1784110259607017,0.15596725666790978,0.1179821289621144,89.90478024662511,0.2779855500954332,0.5273059117639657,0.15753385625744928,158.364401656016,0.8568066666666667,2.8983814379068034,525.8524541154335,0.023504263279015003,32.05205074357398,0.04256126681258497
56,56,66.7441,3.3835,38,4.2658,0,107,131,10,125,8,0.98789,62.43503,0.0,0.0,3.28571,4.089,2.76543,0.0,0.0,126.0,59.43712,0.00012,0.72,1.228,0.125,0.0,0.0170403925557443,93.45485464675652,0.9766589506172839,69205.79252263028,0.22190241739938374,0.11025585527442847,0.21978277644508448,61219.10013701823,3.2040895303290444,0.15589462531313816,0.11818448949414008,89.91570349886098,0.2779489061420081,0.5273059117639711,0.15754771759143021,158.94974711138198,0.8548870588235296,2.6765340679158722,525.8736485040462,0.023470472992208728,31.981952055000967,0.042585264411988684
57,57,66.7386,3.47389,38,4.23625,0,107,131,10,125,8,0.97998,62.40737,0.0,0.0,3.03571,4.073,2.85019,0.0,0.0,127.0,59.46877,0.00011,0.71,1.177,-1.0,0.0,0.01706428776123524,93.75298155697465,0.9194155092592593,69202.92736347066,0.2218766349305638,0.11025508982611232,0.21975749036288256,61181.81068218114,3.1914292583672528,0.15584915083746806,0.11835913762265123,89.9206845339914,0.27794418802655074,0.5273059117639637,0.15758307801273025,158.93234606664066,0.8564713725490196,1.9875032894132658,525.8999633886557,0.023496461731405315,32.08209266191647,0.042633580552695206
58,58,66.7109,3.37693,38,4.40664,0,107,131,10,125,8,0.98042,62.36617,0.0,0.0,2.92857,4.086,2.92815,0.0,0.0,127.0,59.45534,0.00011,0.71,1.202,-1.0,0.0,0.01706179904622168,90.98616567215959,0.8851273148148148,69161.52378688031,0.22187024176818163,0.11026149362086529,0.21969386744699468,61104.365368160274,3.222341901912168,0.15578226008792023,0.11857752561132581,89.92804513617303,0.27793295293312836,0.5250882857207383,0.15760868022863123,158.74455946458087,0.8548870588235296,2.0512141877210643,525.9162104160056,0.023475238963925612,32.149853741681135,0.042636643433574185
59,59,66.7519,3.22745,38,4.40123,0,107,131,10,125,8,0.98447,62.41538,0.0,0.0,3.64286,4.081,2.84444,0.0,0.0,127.0,59.49699,0.00012,0.71,1.205,-1.0,0.0,0.017067175589242065,93.32694523283482,0.9056230709876543,69141.92246001837,0.2218400960722721,0.11022067310655205,0.2196457305515693,61168.920052836234,3.2269096054664828,0.15569929511413638,0.11878551556497882,89.91844426719933,0.27793595575823055,0.5273059117639654,0.15762961229797787,158.76709810985557,0.8563454901960785,2.0716085207099146,525.951356154059,0.023512396117405403,32.00347938066647,0.04262575526495232
60,60,66.7461,3.15357,38,4.29556,0,107,131,10,125,8,0.98857,62.40321,0.0,0.0,3.14286,4.083,2.71201,0.0,0.0,127.0,59.48609,0.00012,0.72,1.226,-1.0,0.0,0.017067478840912576,93.53600662031835,0.9697145061728395,69216.06328898932,0.2218586909956002,0.11024307254021999,0.21949951799352624,61239.056381756716,3.2076347293358642,0.15576287723539856,0.11879536695826913,89.90649493045161,0.2779047004494467,0.5273059117639652,0.15764233572896513,158.4537315917357,0.8546945098039217,1.990203439217169,525.9807382016928,0.023490079131591398,32.0168980727961,0.04245025949539088
61,61,66.7642,3.20304,38,4.3369,0,107,131,10,125,8,0.98619,62.43555,0.0,0.0,3.39286,4.084,2.64845,0.0,0.0,127.0,59.53923,0.0001,0.72,1.234,-1.0,0.0,0.017070846215870922,93.88673008165237,1.005883487654321,69219.28653334107,0.22180868581305238,0.11023486850548737,0.21939284838918702,61287.260265857025,3.1738544359268706,0.1558031537787069,0.11890886859937523,89.90824418539307,0.2779097543559138,0.5273059117639622,0.15768961161693473,158.68430774785932,0.8560101960784314,2.1102996335139173,526.024166025644,0.023488615043375655,32.0728253023124,0.0424655691589112
62,62,66.6926,3.22572,38,4.47219,0,107,131,10,125,8,0.98461,62.35197,0.0,0.0,3.85714,4.071,2.693,0.0,0.0,127.0,59.5067,0.00012,0.71,1.255,-1.0,0.0,0.017079811003617,93.95164151637269,1.0302372685185186,69167.61987121018,0.22183708212640552,0.11027827777705845,0.21925978896511578,61173.47640518262,3.136879785566328,0.15584361797423937,0.11897528661304492,89.92368172344669,0.27792461679297314,0.5273059117639639,0.15770361011986422,158.5401398047291,0.8548870588235296,2.2203895818491226,526.0675503325851,0.023372375454943247,31.996579770688662,0.04242027439872028
63,63,66.7303,3.25647,38,4.229,0,107,131,10,125,8,0.986,62.40134,0.0,0.0,3.46429,4.082,2.71119,0.0,0.0,127.0,59.54975,0.00012,0.71,1.218,-1.0,0.0,0.01711653139392461,93.88940179488098,1.0496720679012346,69233.96323744334,0.22183306738698133,0.11027733533513125,0.2191617277568232,61232.21216729957,3.1036562002601995,0.1558975083054901,0.11895351645071839,89.93017351467942,0.2779795433523145,0.5273059117639641,0.15767357427877257,159.1098420303799,0.8562333333333334,2.054656603876652,526.1257808691394,0.02336156949156343,32.005729769483025,0.04238525520156879
64,64,66.6992,3.12803,38,4.21013,0,107,131,10,125,8,0.9862,62.35635,0.0,0.0,3.89286,4.083,2.74077,0.0,0.0,127.0,59.51114,0.00012,0.71,1.22,0.125,0.0,0.017167535921264316,91.63816763088631,1.0750385802469136,69195.00320449927,0.22182060071710596,0.11030766209449436,0.21906763450333896,61097.799857913546,3.1034323381573143,0.15596183050555326,0.119018374560721,89.92357899098371,0.27798787325218327,0.5273059117639631,0.15766886819515802,158.60764494398936,0.8546270588235295,2.115506511459192,526.1706646341039,0.023321259016587353,32.06115534276138,0.04233809914496831
65,65,66.7512,2.9398,38,3.939,0,107,131,10,125,8,0.98679,62.41026,0.0,0.0,3.32143,4.076,2.62529,0.0,0.0,127.0,59.55581,0.0001,0.71,1.245,-1.0,0.0,0.017181608260125273,93.92192782894337,1.1168981481481481,69155.93461379097,0.2218146010853938,0.11026067593159604,0.21896247800865512,61197.708194873136,3.1030929143820467,0.1560149106782046,0.11904655942183526,89.92476330590335,0.27801852507309616,0.527305911763964,0.15765276192438105,158.6914947945312,0.8560400000000001,2.2195536056326888,526.2355800408569,0.02334131785232723,32.10939176582996,0.042303411316276726
66,66,66.6977,2.95554,38,4.06781,0,107,131,10,125,8,0.98786,62.36359,0.0,0.0,3.57143,4.07,2.46102,0.0,0.0,127.0,59.54434,0.00013,0.71,1.201,-1.0,0.0,0.017161967789784228,92.96850253509872,1.0984760802469136,69138.15202940803,0.22182294647342476,0.1102604639157503,0.21886732494249736,61083.91697219328,3.108360432477112,0.15601925628127888,0.11918271216779534,89.9490936429635,0.2780347540421981,0.5250882857207401,0.1576423738794909,158.9399698710582,0.8548870588235296,2.242526027945534,526.294513084777,0.023300286723162835,32.05986531575521,0.04226774052691586
67,67,66.7094,3.17196,38,4.15697,0,107,131,10,125,8,0.98974,62.34725,0.0,0.0,3.57143,4.074,2.47345,0.0,0.0,127.0,59.58356,8e-05,0.71,1.173,-1.0,0.0,0.017166434462063347,93.54880978947695,1.0442708333333333,69157.08143424279,0.22183071424642906,0.1102523201978536,0.21881655085337598,61117.32175884107,3.1016893959668974,0.15606177408364003,0.11933700649300526,89.9465297157392,0.2780392943541279,0.5273059117639621,0.15762837978545746,158.89366254736387,0.855899137254898,1.8545381339311826,526.3609704676559,0.023292792325627067,32.07555643717448,0.04224427451036762
68,68,66.6669,3.27536,37,4.37974,0,107,131,10,125,8,0.99076,62.30087,0.0,0.0,3.35714,4.071,2.66527,0.0,0.0,127.0,59.55744,0.00011,0.72,1.211,-1.0,0.0,0.01714635765008309,92.9791751997343,0.9802758487654321,69164.86629546249,0.2218123690311343,0.1102577008283206,0.21872263403232498,61033.58783786512,3.0985408928826894,0.15603412315185014,0.11954040234752873,89.91927657267388,0.27802358862847515,0.5273059117639608,0.15758328612734016,158.2160570502356,0.8548870588235296,2.278392759690683,526.4230901543402,0.023240957989399784,32.05098206319927,0.042185508584678975
69,69,66.6969,3.21093,37,4.13652,0,107,131,10,125,8,0.98926,62.32622,0.0,0.0,3.03571,4.09,2.75578,0.0,0.0,127.0,59.61727,8e-05,0.71,1.234,-1.0,0.0,0.017115477370667428,93.74991118562684,0.9518229166666666,69335.95326914858,0.22180945076405034,0.11025865374032884,0.2187012109379088,61179.56189616518,3.1204139445660712,0.15601239939414097,0.11981065113213601,89.92299671747148,0.2780194722072933,0.5273059117639635,0.15755927738410938,158.3473028040716,0.856092549019608,2.2874381483238486,526.4960162670229,0.02325743796880034,32.123176480516975,0.042129602978456054
70,70,66.6103,3.1281,37,4.30357,0,106,131,10,125,8,0.9899,62.23332,0.0,0.0,3.17857,4.079,2.69936,0.0,0.0,127.0,59.57776,0.00013,0.71,1.186,-1.0,0.0,0.017124194222819765,93.23714441594018,0.9407310956790124,69124.86781953118,0.2217837333363159,0.1102308531115742,0.2186029481328955,61025.53180539421,3.1165289507105953,0.15600257872239393,0.12012925028481657,89.95384917754875,0.27798703694459215,0.5250882857207353,0.15752705366056183,158.7672472106654,0.8544188235294118,2.5732681453065958,526.5559413280015,0.023251521977773252,32.0990306712963,0.04209714467653512
71,71,66.6299,3.18566,37,4.10673,0,107,131,10,125,8,0.9869,62.25538,0.0,0.0,3.82143,4.079,2.6289,0.0,0.0,127.0,59.59113,0.0001,0.72,1.23,-1.0,0.0,0.01713342228648269,93.55380078365553,0.9575617283950617,69131.76103548762,0.22178268719765867,0.11024542594122824,0.2185259077567615,61055.266801691716,3.105935908307244,0.15599615794007476,0.12039145379355456,89.94575923897622,0.27793868810953337,0.5273059117639595,0.15750659918758575,158.17522420227928,0.8557800000000001,2.700017807509006,526.6288998456694,0.02323882709358493,32.028225368923614,0.042078675108863685
72,72,66.5649,3.56021,37,4.2076,0,107,131,10,125,8,0.98583,62.18514,0.0,0.0,3.25,4.083,2.67892,0.0,0.0,127.0,59.56315,9e-05,0.71,1.204,0.125,0.0,0.017127071506684025,91.10496414607972,0.9096257716049383,69190.56320405191,0.2217456558195964,0.11022162318766796,0.21845179114257077,60998.448357720124,3.1119425249017985,0.15597425763194353,0.12058409125620297,89.98622073200691,0.27790704175174824,0.5273059117639635,0.15748761310610235,157.83628877360053,0.8548572549019609,2.603543133654569,526.6916943146459,0.023221082434906858,32.061795646761674,0.042014021261524266
73,73,66.5803,3.99297,37,4.21432,0,107,131,10,125,8,0.99143,62.19953,0.0,0.0,3.03571,4.081,3.00386,0.0,0.0,127.0,59.59333,8e-05,0.71,1.195,-1.0,0.0,0.01715179297562475,89.64019639121193,0.8543113425925926,69150.81900316161,0.2217390478781448,0.1102250025801351,0.21839473260932574,61141.881633496,3.2034788209179657,0.15591269971417832,0.12073357447625985,89.98946464712378,0.2778945784377698,0.522870659677509,0.1574896207566076,158.02136943126132,0.8557423529411766,2.0694636756215714,526.7640937390944,0.023223498851843313,32.08057676715615,0.04199153444777825
74,74,66.507,4.35701,37,4.27228,0,106,131,10,125,8,0.98527,62.11549,0.0,0.0,3.10714,4.079,3.37976,0.0,0.0,127.0,59.54908,0.00015,0.71,1.204,-1.0,0.0,0.01712357376226779,93.08262981277859,0.8440393518518519,69214.64315173936,0.22171558740010008,0.11019201668950714,0.21835145656292504,61033.16194253679,3.3071387820695266,0.15581627989234223,0.12097431102837276,89.98531450471005,0.27787494430092996,0.5228706596775127,0.15750207637421912,158.32171623559194,0.853212549019608,2.3714216248391753,526.8268127843431,0.023193539221000817,32.137898197880496,0.041963799655296265
75,75,66.4979,4.51737,37,4.53745,0,106,131,10,125,8,0.98656,62.10888,0.0,0.0,3.25,4.076,3.69532,0.0,0.0,127.0,59.5754,0.0001,0.71,1.219,-1.0,0.0,0.01709842609151206,90.34952087998197,0.8845968364197531,69228.80475325041,0.22171932442732595,0.11018596411185301,0.21831606309594995,61075.93474812309,3.418324180152796,0.15573312421473431,0.12123561178779257,89.97065553306606,0.27785766173240267,0.5250882857207345,0.1574349022728313,158.37154307987225,0.8554149019607845,2.312369722803875,526.891512936542,0.023189538460844424,32.200424005955824,0.04192489863447629
76,76,66.4043,4.45685,37,4.75588,0,106,131,10,125,8,0.99102,62.01492,0.0,0.0,3.25,4.08,3.8355,0.0,0.0,127.0,59.53928,0.0001,0.72,1.224,-1.0,0.0,0.017117165709354138,93.29285348942075,1.0103202160493827,69171.21324320538,0.22164869162259018,0.11013835126542491,0.21825377784289743,60841.4903328057,3.4820354153859574,0.15554888751890372,0.12152249003315933,89.97831153710644,0.27783055369293364,0.5273059117639641,0.15740063256997175,159.31285970565654,0.8532282352941177,2.4307843186121665,526.9502547069635,0.023169723204814065,32.13212189850984,0.041847522840596195
77,77,66.4804,4.25072,37,4.86895,0,107,131,10,125,8,0.98707,62.08768,0.0,0.0,3.53571,4.073,3.78516,0.0,0.0,127.0,59.54889,0.00013,0.71,1.198,-1.0,0.0,0.017087977495392148,93.53446106726018,1.109278549382716,69158.38153860114,0.2216282523959396,0.1101942700754598,0.21814585895808083,60974.32226362547,3.5145842709681365,0.15528712263967803,0.12183082333120221,89.95874017779478,0.2778409463911999,0.5273059117639657,0.15738947159070837,158.7995097988807,0.8560101960784314,2.3988286328340207,527.0083322457191,0.023172309222908048,32.16663859803,0.0417915872325326
78,78,66.5029,4.03848,37,5.09036,0,107,131,10,125,8,0.98346,62.1008,0.0,0.0,3.39286,4.088,3.60588,0.0,0.0,127.0,59.53725,0.00016,0.72,1.181,-1.0,0.0,0.017111838172690914,93.53174138030187,1.2334587191358024,69174.12514500356,0.22160395321855125,0.11018849430869598,0.21808998029294138,60976.795424956435,3.515902932543781,0.1550071176788563,0.1221584373405634,89.91874949180553,0.27788017948236315,0.527305911763965,0.15735986502552496,158.42918777468284,0.8539180392156862,2.0283983838570516,527.0734366531412,0.023221929080924186,32.04339787989487,0.04170514271565011
79,79,66.5969,3.89961,38,5.09744,0,107,131,10,125,8,0.98461,62.20773,0.0,0.0,3.53571,4.072,3.4241,0.0,0.0,127.0,59.5762,0.00014,0.72,1.192,-1.0,0.0,0.017120907952608122,91.24342597605165,1.4663387345679013,69200.27473322659,0.2215681791937327,0.11016994175288995,0.21803756067575109,61142.26446718243,3.501599658324902,0.15475079887957355,0.1224490553707181,89.90387556183144,0.27785052747569117,0.5273059117639641,0.15732276854246377,159.01230287210842,0.8548870588235296,2.236953642845154,527.140744524489,0.023206738981682528,32.19306305308401,0.04162780419351161
80,80,66.5425,3.97544,37,4.93998,0,107,131,10,125,8,0.99059,62.15859,0.0,0.0,2.67857,4.08,3.30146,0.0,0.0,127.0,59.55488,0.00015,0.71,1.219,0.125,0.0,0.017166812880806556,90.41928884158695,1.7915219907407407,69139.67245441473,0.2215527283283186,0.11013648297855867,0.217932839841179,60946.79102201434,3.4338751229972684,0.15449715495985444,0.12277935509228674,89.88431010513432,0.2778590295310378,0.527305911763969,0.15723893243813014,158.41889717886653,0.8529525490196079,1.933916956304481,527.2065279510227,0.023215393971067644,32.14272769880884,0.041593609967735805
81,81,66.5815,4.08862,38,5.19515,0,107,131,10,125,8,0.99025,62.21628,0.0,0.0,3.57143,4.067,3.36848,0.0,0.0,127.0,59.63007,0.0002,0.72,1.2,-1.0,0.0,0.017136325959661025,92.044066105099,2.0970293209876543,69226.6743456928,0.22152542487095647,0.11011879414891368,0.21787024306551858,61137.64926725959,3.4113607739796317,0.15424140219907642,0.1229717187992569,89.8973273864311,0.2778447367134386,0.5273059117639656,0.1571514169390207,158.84291148723563,0.8549396078431374,1.935510854881772,527.2838392032878,0.023235457338808867,32.1942440080054,0.0414726531257714
82,82,66.5802,4.09822,38,5.16062,0,107,131,10,125,8,0.99333,62.22082,0.0,0.0,2.71429,4.09,3.46667,0.0,0.0,127.0,59.61129,0.0002,0.72,1.217,-1.0,0.0,0.017183302836042528,91.22746401081274,2.3629918981481484,69117.677994064,0.2215293427218621,0.11011078380508237,0.21780126869554775,61049.592801138744,3.4029107353087333,0.15407386025829645,0.12323452962977662,89.89833782561539,0.2778303949216834,0.5273059117639629,0.1571277248088018,158.59838809981355,0.853212549019608,1.9606126066571583,527.3620278750093,0.023225724178658404,32.242531482084296,0.0413615886644277
83,83,66.6396,3.98858,38,5.26558,0,107,131,10,125,8,0.99288,62.29298,0.0,0.0,2.92857,4.081,3.48233,0.0,0.0,127.0,59.62281,0.00015,0.71,1.202,-1.0,0.0,0.01716481968062987,90.9530957701888,2.571132330246914,69227.84018250159,0.22156651462198287,0.1101086117405256,0.2177234932484079,61106.47090812826,3.392751645513986,0.15380019378940088,0.12338739917303596,89.90149983676667,0.2778360806524077,0.5273059117639637,0.15701644472668774,158.4736504934899,0.8543215686274511,2.0307577639459327,527.4502470988623,0.023260968946228883,32.28911939079379,0.04120784952002256
84,84,66.6313,3.86017,38,5.00191,0,107,131,10,125,8,0.98699,62.30497,0.0,0.0,2.89286,4.087,3.37689,0.0,0.0,127.0,59.60225,0.00013,0.72,1.21,-1.0,0.0,0.01722448776539563,93.18660386376764,2.7528452932098766,69123.09090071586,0.22152377856237213,0.11008664788119196,0.2177058725644077,61054.30717669861,3.3543582205098574,0.1535792993959878,0.12351506247681614,89.9117622455188,0.2778018301992411,0.5273059117639648,0.15691564418759985,159.21396790799855,0.8521192156862745,2.0646191528182998,527.5337910301898,0.023281987967848004,32.31142020519869,0.041101852282232176
85,85,66.7133,3.87833,38,5.00373,0,107,131,10,125,8,0.98565,62.38036,0.0,0.0,3.0,4.078,3.27673,0.0,0.0,127.0,59.59119,7e-05,0.72,1.233,-1.0,0.0,0.017189867130007235,93.80631502537481,2.9769483024691357,69162.68328398658,0.22152761274070468,0.11005719566145225,0.21765792028845304,61252.77473225939,3.324771580654648,0.15327451319911523,0.12372932051174841,89.90316255029951,0.27777093032509365,0.5273059117639641,0.15689534593454277,157.95788171765557,0.8532203921568629,1.9836683976163043,527.6203705283318,0.023291524267395416,32.283592506691264,0.04102731809328579
86,86,66.6589,4.38464,38,5.00964,0,107,131,10,125,8,0.98452,62.3431,0.0,0.0,2.67857,4.092,3.2835,0.0,0.0,127.0,59.5607,0.00011,0.71,1.221,-1.0,0.0,0.017214431996275936,93.47869812292569,3.2545814043209877,69109.3935196408,0.22150866904623032,0.11006292873402813,0.21759365502097014,61125.07078345028,3.2867196231068507,0.1530233210890293,0.12389161847192992,89.93159524222418,0.27772539380833483,0.527305911763965,0.15685676620802527,158.57567879173013,0.8510180392156863,1.8695998070790258,527.6962614918324,0.023320828583662252,32.23120098349489,0.041018937961281206
87,87,66.7693,5.02845,38,5.38557,0,107,131,10,125,8,0.98455,62.46801,0.0,0.0,3.39286,4.085,3.73229,0.0,0.0,127.0,59.6279,0.00013,0.72,1.22,-1.0,0.0,0.017223577669062955,92.33055661932598,3.501784336419753,69126.58240810312,0.2215187438673383,0.11005897811012638,0.21758491629182414,61382.377930336406,3.3344257469208087,0.15280633324821638,0.12392749139268548,89.90116909885992,0.27775766146043707,0.5273059117639656,0.15685638523810633,158.37250555093615,0.8554823529411766,1.9018362313772517,527.7766722761088,0.02328757159690985,32.26675132468895,0.040993215681139686
88,88,66.7472,5.32883,38,5.61871,0,107,131,10,125,8,0.99035,62.46847,0.0,0.0,2.89286,4.083,4.28616,0.0,0.0,127.0,59.56815,8e-05,0.72,1.163,0.125,0.0,0.017280395526553555,93.9095557126408,3.7332175925925926,69056.49516758455,0.22149143898949578,0.11007300809926203,0.21755906829898103,61389.62332400832,3.3933006726095627,0.15264443061779837,0.12394627136823637,89.8975632811167,0.2777636718134991,0.5349879937220899,0.15685909514678362,158.90023824110875,0.8544039215686275,1.8519792934318822,527.8545110110169,0.02327471231012084,32.215656986942996,0.04098394826593228
89,89,66.827,5.34562,38,5.75754,0,107,131,10,125,8,0.98833,62.55887,0.0,0.0,3.21429,4.084,4.55033,0.0,0.0,127.0,59.5986,0.00011,0.72,1.198,-1.0,0.0,0.01725876575787391,93.45256312014163,3.9615162037037037,69130.52774009366,0.22151301244917723,0.11004023439260215,0.21753118560125054,61496.2952405838,3.4176912655588065,0.15247814841641588,0.1240317882815232,89.89224558310197,0.27776200252728395,0.5327703676788581,0.15685264811785662,158.72080939002447,0.8538454901960786,2.1304558789143506,527.934679472489,0.023286557305081668,32.285671469606,0.041041293945989446
90,90,66.808,5.32666,38,5.78892,0,107,131,10,125,8,0.98822,62.57133,0.0,0.0,3.35714,4.082,4.55989,0.0,0.0,127.0,59.53671,7e-05,0.71,1.19,-1.0,0.0,0.017262212639982368,93.55304457425811,4.165075231481482,69018.89196837177,0.2214991770857356,0.1100652871548978,0.21760422496478435,61375.91357891892,3.39829043216855,0.15223378787082106,0.1241994838083493,89.87328408006508,0.2777504882576223,0.531146952743028,0.1568493732929377,158.7605535858744,0.8537929411764708,1.7457798522173,528.0026483953892,0.02327127440196732,32.32065667046441,0.04114547386853255
91,91,66.8426,5.16445,38,5.85741,0,108,131,10,125,8,0.99227,62.60119,0.0,0.0,3.75,4.09,4.54637,0.0,0.0,127.0,59.56763,0.00012,0.72,1.218,-1.0,1e-06,0.017290258918510125,91.17480014300827,4.400173611111111,69076.69196707598,0.2215263766136744,0.11007545625157163,0.21771879107170095,61416.317023335774,3.3802559192659527,0.15197422476500788,0.1242902356508281,89.8691790709376,0.27775761427274825,0.5295235378071953,0.15689909551154224,158.8332157175903,0.8541341176470588,1.994556874711535,528.0795042470452,0.023292123543997238,32.36061755521798,0.041177690636338894
92,92,66.8559,4.86401,38,5.71634,0,108,131,10,125,8,0.9829,62.63274,0.0,0.0,3.39286,4.084,4.40172,0.0,0.0,127.0,59.55075,0.00014,0.72,1.229,-1.0,0.0,0.0173550830167241,91.31846353641531,4.538917824074074,68969.04787522231,0.2215474974410113,0.11010166197738526,0.21784586474047613,61417.510423089596,3.299996224784285,0.15176066043110117,0.12431647791787391,89.87085670681587,0.2777386923232926,0.5349879937220892,0.1569593872691944,158.84819263093058,0.8535329411764707,2.31541308865081,528.1513299660407,0.023341124963470863,32.394146766191646,0.04125437501953617
93,93,66.8733,4.61582,38,5.76348,0,108,131,10,125,8,0.98542,62.64177,0.0,0.0,3.78571,4.078,4.1457,0.0,0.0,127.0,59.56659,9e-05,0.71,1.171,-1.0,0.0,0.017371503511306494,93.0307748729714,4.634211033950617,69075.97982858396,0.22155108341514684,0.11008027052833633,0.2180477609110458,61524.43751265581,3.217466532635839,0.15161846138225402,0.1241793568977138,89.88177113378158,0.277721883074796,0.5273059117639654,0.1570249949653361,158.13580588982663,0.8535627450980392,2.08999881187523,528.2274342633235,0.023349920941479314,32.420215559594425,0.041340846988461404
94,94,66.9102,4.52451,38,5.60659,0,108,131,10,125,8,0.98443,62.70017,0.0,0.0,3.07143,4.082,3.926,0.0,0.0,127.0,59.56514,9e-05,0.72,1.189,-1.0,0.0,0.017377755791681136,90.50135987689849,4.688368055555555,69102.83502213156,0.22151570820080477,0.11011199945400882,0.2182708485402346,61641.00042040882,3.185809610883929,0.1515020916086358,0.12399412029254217,89.86513794316889,0.2777084298873027,0.5273059117639646,0.1570727745881921,158.75291314066408,0.8531976470588236,1.807218143541942,528.295331971621,0.023373512400446085,32.474998191550924,0.04141763581733516
95,95,66.9141,4.50707,38,5.31378,0,108,131,10,125,8,0.98964,62.7213,0.0,0.0,3.21429,4.081,3.84791,0.0,0.0,127.0,59.59202,8e-05,0.72,1.222,-1.0,0.0,0.01740180781243511,93.9665813314301,4.7096836419753085,69319.44732513526,0.22153838848470972,0.1101046855042476,0.21851482722723375,61572.00788840899,3.2330625642320445,0.1514549514903625,0.12406257834863046,89.87149524069125,0.27766808644188,0.5289293266997959,0.15716936741898832,159.02631119674768,0.8535627450980392,2.0718246137416454,528.3704261717126,0.023380874322473603,32.515128618405186,0.04150335835870124
96,96,66.9099,4.51389,38,5.3902,0,108,131,10,125,8,0.99317,62.68804,0.0,0.0,3.53571,4.088,3.83028,0.0,0.0,127.0,59.60136,8e-05,0.72,1.165,0.125,0.0,0.017420390559208607,92.90532672927978,4.741657021604938,69130.27415127616,0.22153824522251128,0.11012096472530934,0.2187346309356679,61702.495761547405,3.2939349896513415,0.15144768017970733,0.12402411954260115,89.84319311015766,0.27766591660367257,0.5289293266997968,0.15722182559719095,158.8573669937532,0.8529972549019609,1.8097602639588897,528.4505935228897,0.023458872145686767,32.50331925757137,0.04159540814382542
97,97,66.8437,4.47663,38,5.31544,0,108,131,10,125,8,0.99071,62.63866,0.0,0.0,3.85714,4.071,3.84053,0.0,0.0,127.0,59.61015,0.00012,0.72,1.214,-1.0,0.0,0.017413753895787778,93.86956953268117,4.737750771604938,69209.72468438551,0.22155489711217252,0.11007560136194514,0.2190123920237287,61568.878622033095,3.293549186255452,0.15141839130881563,0.12396993450783204,89.90595948163163,0.2776466687597599,0.5321761565714614,0.15725043041994755,158.97413795140625,0.8530270588235294,1.7900484762474558,528.5334804751026,0.023438928858217908,32.456292234821085,0.04170746229720852
98,98,66.8447,4.41999,38,5.19129,0,108,131,10,125,8,0.99076,62.62503,0.0,0.0,3.53571,4.079,3.80474,0.0,0.0,127.0,59.58594,0.0001,0.72,1.164,-1.0,0.0,0.017411629058725644,92.9307760352755,4.5884934413580245,69193.87734267912,0.2215554026149611,0.1100762997002542,0.21925070566681432,61628.754392684365,3.2580279578489675,0.1513589975817663,0.12399316740565793,89.88500261615356,0.27762154620053797,0.5311469527430316,0.15731849320186986,158.29623643963046,0.8533325490196078,1.7379516525607364,528.6097365599032,0.023353056429180924,32.645500654055745,0.04172645584524454
99,99,66.8149,,38,4.95316,0,108,131,10,125,8,0.98474,62.60459,0.0,0.0,3.75,4.063,3.75637,0.0,0.0,127.0,59.59174,0.00012,0.71,1.191,-1.0,0.0,0.017437601604439204,91.71907781566384,4.481770833333333,69205.27926150743,0.22152729419175285,0.1100788811344878,0.21951351487904874,61568.62498135142,3.2173988334279637,0.1513160515924309,0.12398759588979993,89.91417541579749,0.27765515182580625,0.5273059117639648,0.15739531866889195,158.6968598877349,0.8527521568627451,2.001363550086394,528.6841935519145,0.023408808002341124,32.54426367488909,0.04178024108905463
