,frame_number,SITI.SI,SITI.TI,VCA. E,VCA. h,VCA. epsilon,VCA. L,VCA. avgU,VCA. energyU,VCA. avgV,VCA. energyV,AGH.Blockiness,AGH.Spatial Activity,AGH.Letterbox,AGH.Pillarbox,AGH.Blockloss,AGH.Blur,AGH.TemporalAct,AGH.Blackout,AGH.Freezing,AGH.Exposure(bri),AGH.Contrast,AGH.Interlace,AGH.Noise,AGH.Slice,AGH.Flickering,cambi,blur,color_fulness,contrast,cubrow.0.6,uhdhdsim,cubcol.0.6,cubcol.1.0,movement,noise,staticness,cubcol.0.5,temporal,blockiness,cubcol.0.3,fft,cubcol.0,cubrow.1.0,cubrow.0.5,cubrow.0,cubrow.0.3,tone,saturation
0,0,65.8702,3.05743,30,0.0,0,105,132,7,125,5,0.99457,59.09816,0.0,0.0,4.78571,3.912,0.0,0.0,0.0,126.0,58.27943,0.00026,0.28,1.439,0.0,8.354953,59279.71438959712,161.38672412854768,93.88012357973813,0.13960603480834424,89.86226239959973,0.22996332980090864,0.008152341400248639,0.0,0.19966023740101924,532.3446528809804,0.22227350774958152,0.0,1.798988398554679,0.04816122268133171,69374.56524505315,0.008558072443257783,0.12544784661911973,0.15062191787942156,0.1040721273539999,0.26748633492294766,0.854030980392157,33.07759697054639
1,1,65.8687,3.03195,30,4.01364,0,105,131,7,125,5,0.98755,59.08443,0.0,0.0,4.0,3.948,2.58452,0.0,0.0,126.0,58.33412,0.00029,0.29,1.453,-1.0,8.314137,59267.43688354185,162.14586099757972,93.63650836668695,0.13897710513670286,89.88790386199882,0.22838004554520935,0.006484987819473749,0.3200713734567901,0.19966023740101943,532.3823341528697,0.22361757792219422,2.097609343103649,1.7143563304246272,0.04066544714975128,69400.81392467159,0.006185175246767212,0.1179128253165499,0.14949958081438375,0.10401493858195186,0.2663943335130526,0.854366274509804,33.17389104395737
2,2,65.8846,3.08013,30,3.64071,0,105,132,7,125,5,0.98659,59.0985,0.0,0.0,4.39286,3.914,2.56402,0.0,0.0,126.0,58.32977,0.00026,0.29,1.559,-1.0,8.323852,59402.43509053694,161.88940551708842,93.85306964828995,0.13939639293713493,89.8790375172753,0.2279898992288644,0.006005704194825555,0.34384645061728397,0.19966023740101857,531.8341051355985,0.22362299788820902,2.099337026999738,2.0231834405993547,0.03812087631323631,69449.63604364665,0.0059564938579789685,0.11607524462354911,0.1490254131095086,0.10455273257685195,0.26574883167866525,0.8541211764705883,33.06419692804784
3,3,65.8975,3.21093,30,3.63597,0,105,132,7,125,5,0.98956,59.1068,0.0,0.0,4.07143,3.921,2.60665,0.0,0.0,126.0,58.39617,0.00031,0.29,1.434,-1.0,8.233908,59379.43483924953,162.2512605575115,93.75470404317775,0.13967122131030346,89.86662393239388,0.2280065900951382,0.005720388041526876,0.3431712962962963,0.19966023740101999,531.6880357056732,0.22277090848767384,2.1164468693598346,2.0394576173862164,0.03740496369434466,69410.49916594711,0.005876982577679114,0.112978270174753,0.1486474332107949,0.10455213887291595,0.2654447482689144,0.8554666666666666,33.133161003206986
4,4,65.8825,3.22484,30,3.56732,0,105,132,7,125,5,0.99035,59.09439,0.0,0.0,4.28571,3.92,2.71983,0.0,0.0,126.0,58.39754,0.00029,0.28,1.416,-1.0,8.317325,59284.60436515036,162.12575166868044,93.9553687486278,0.1401722778596605,89.84268293598277,0.2276636035110306,0.005641006269301818,0.36159336419753085,0.1996602374010189,531.2801903753399,0.22256189047751143,2.1531956359697695,2.0735225612504866,0.03621792488959946,69530.14794172275,0.005710749486704156,0.11260461406921994,0.14871376021600854,0.10436114670211148,0.2656267549302432,0.854366274509804,33.04935992205584
5,5,65.9304,2.95176,30,3.69886,0,105,132,7,125,5,0.99039,59.13442,0.0,0.0,4.25,3.925,2.72867,0.0,0.0,126.0,58.4713,0.00026,0.29,1.448,-1.0,8.265357,59454.448087949655,162.35913399506785,93.88073571352018,0.14010516121960112,89.86767333293018,0.22728644015767896,0.005595604059000529,0.34442515432098764,0.19966023740101982,531.038754019304,0.2225245330422481,2.18322049792071,2.2333106201942643,0.03535188710410681,69426.83707847969,0.005495740532207302,0.11170058628711459,0.14867869232872777,0.1041963825892153,0.2652298026761523,0.856270980392157,33.10214515968605
6,6,65.9367,2.79133,30,3.61789,0,105,132,7,125,5,0.9843,59.13645,0.0,0.0,3.57143,3.944,2.49392,0.0,0.0,126.0,58.48598,0.00032,0.28,1.497,-1.0,8.239379,59468.0393452654,162.96003383492106,93.46278856659669,0.14068164980424366,89.85382350789699,0.22693975570700944,0.005579365252847472,0.2709297839506173,0.19966023740102032,530.6722860682281,0.22260598505884324,2.153309858080673,1.6612853951965847,0.03436838057603034,69532.81690027818,0.005339381515063806,0.11220928302741165,0.14853707200889435,0.10414532025014199,0.2651395135872041,0.8554227450980394,33.17075677565586
7,7,65.9384,2.82479,30,3.67783,0,105,132,7,125,5,0.9778,59.11901,0.0,0.0,4.67857,3.945,2.35486,0.0,0.0,126.0,58.53622,0.00023,0.29,1.447,-1.0,8.226802,59472.30597979826,162.75393105545345,92.84083000013177,0.14075184893349252,89.86340163590286,0.22667612020497252,0.005528649902278187,0.2170138888888889,0.19966023740101937,530.4823948080675,0.22259845116079818,2.1048025334909,1.8179966788075894,0.0334842698284834,69502.54041811138,0.0053585916700364805,0.11196916424446161,0.1487777785285426,0.10403379744441729,0.2648461019227655,0.8555725490196078,33.054066975911454
8,8,65.8983,2.8633,30,3.77593,0,105,131,7,125,5,0.98783,59.10494,0.0,0.0,4.35714,3.959,2.38601,0.0,0.0,126.0,58.56847,0.00026,0.29,1.531,0.46065,8.20238,59228.21815388978,162.34528322193128,90.60656770082824,0.14115469631411906,89.88195545085246,0.2266204178681352,0.005551105847726747,0.20153356481481483,0.1996602374010191,530.1665391109489,0.2227199679197915,2.088963495700275,1.7083277247744966,0.032736831320276764,69470.5596566401,0.005306503736820165,0.11209041943998778,0.14862803964112728,0.10393309734245057,0.26461327117964933,0.854366274509804,33.10970127435378
9,9,65.981,2.96494,30,3.90763,0,105,132,7,125,5,0.9919,59.16554,0.0,0.0,4.5,3.949,2.41861,0.0,0.0,126.0,58.6218,0.00025,0.28,1.396,-1.0,8.256421,59530.44501908115,162.40457312902765,91.03427399805759,0.141244231923697,89.85369356795601,0.22638881185857618,0.005552585215263466,0.21397569444444445,0.19966023740101868,529.9442985876224,0.22257198930155844,2.101888511264574,1.754569151432292,0.03218302095811834,69619.9173322607,0.005263504906969516,0.11088366743118873,0.14864056517526034,0.10386380468916595,0.26462270846186103,0.8548494117647061,33.09993207013166
10,10,65.946,3.14338,30,3.82947,0,105,131,7,125,5,0.98281,59.12277,0.0,0.0,4.03571,3.949,2.50461,0.0,0.0,126.0,58.64378,0.00027,0.29,1.575,-1.0,8.248175,59422.22596640128,162.41330087116907,90.84845969154387,0.14143457861663505,89.8765198242544,0.22629750177769337,0.005472675714794427,0.5770158179012346,0.19966023740101893,529.6514265504401,0.2226397701409129,2.101946405321416,1.9413941586689412,0.03179438282126849,69545.64847589974,0.005271964349646497,0.11015833367868288,0.14861104529018346,0.10389591505193041,0.26447485587630615,0.854366274509804,33.082976353021316
11,11,65.9951,3.28318,30,3.88309,0,105,132,7,125,5,0.98659,59.14822,0.0,0.0,4.57143,3.945,2.66109,0.0,0.0,126.0,58.73276,0.00024,0.29,1.396,-1.0,8.196528,59574.46914146962,162.8113331939308,93.7764057717309,0.14150938204317481,89.88241630329624,0.2262246408326484,0.0054260206396145915,0.7126736111111112,0.19966023740101882,529.428239196041,0.22262074725880823,2.15417416629542,1.7765800689732116,0.031410181953976955,69542.81522619346,0.005301581569300534,0.10911736161872333,0.14853661231194518,0.10385613143781772,0.2644327520130257,0.856270980392157,33.17112543553482
12,12,65.9908,3.44297,30,3.93535,0,105,131,7,125,5,0.98688,59.15448,0.0,0.0,4.53571,3.928,2.78537,0.0,0.0,126.0,58.75131,0.00032,0.28,1.46,-1.0,8.277184,59567.87546871951,163.22527050063943,93.18373872563916,0.1417318040497377,89.86383574520003,0.22621436438557604,0.005427018814139245,0.8274016203703703,0.1996602374010187,529.1332720644674,0.22253706751648372,2.2322087887088182,1.8629125523354355,0.031102580706252207,69475.94125717205,0.0052339669949409305,0.1086470382473543,0.1485107415443585,0.10392845962163166,0.2644482548750385,0.8558027450980392,33.147609192648055
13,13,66.0807,3.4335,30,3.82116,0,105,131,7,125,5,0.99343,59.22565,0.0,0.0,4.10714,3.926,2.92337,0.0,0.0,126.0,58.80561,0.0003,0.28,1.565,-1.0,8.216243,59761.34642168129,162.64274338359718,92.84653515800971,0.14187106496968613,89.84748757351453,0.22600489361358297,0.005408855853007596,0.8583622685185185,0.19966023740101843,528.8968115598273,0.2226435806303113,2.299630837087274,1.9076498011570924,0.03081471834149029,69625.4787608544,0.005190693451753202,0.10827549908470323,0.14850912208412445,0.10390743114060685,0.2645441242669536,0.8565835294117649,32.994052086347416
14,14,66.0547,3.44888,30,4.05098,0,105,131,7,125,5,0.98685,59.20103,0.0,0.0,4.32143,3.94,2.91491,0.0,0.0,126.0,58.81765,0.00026,0.29,1.404,-1.0,8.195459,59735.66994399532,162.47786151044613,89.68168993670605,0.1421621063105175,89.87813394716669,0.2257977958758279,0.005392874156242785,0.9267939814814815,0.19966023740101901,528.5815719778922,0.22274761038999963,2.276584170944953,1.8598930269655798,0.030583083548667074,69657.27795593705,0.0051527610328326034,0.107266933038979,0.14836324763791778,0.10387789253332251,0.26465752729598746,0.856270980392157,32.8697620909891
15,15,66.0979,3.43898,30,4.14529,0,105,131,7,125,5,0.98365,59.24415,0.0,0.0,4.03571,3.942,2.92885,0.0,0.0,126.0,58.85901,0.00025,0.29,1.537,-1.0,8.136148,59918.639037396926,162.52655271113068,90.75124381294046,0.14238284572533474,89.85583072688217,0.22566874619297486,0.005372776865665949,1.4997106481481481,0.19966023740101915,528.2979805690159,0.2227186751319961,2.2945151348853874,1.7134165883127817,0.03039837269286786,69666.81109987562,0.005162212086024737,0.10665830952151449,0.1483992204628663,0.10388914188653407,0.26480025159142934,0.8565835294117649,32.77849512924383
16,16,66.0819,3.36194,30,4.18276,0,105,131,7,125,5,0.98246,59.23573,0.0,0.0,4.89286,3.955,2.9171,0.0,0.0,126.0,58.86137,0.00025,0.29,1.407,0.45653,8.05298,59815.76020224514,162.5373329205137,93.45833605697092,0.14284586961109302,89.84858444758171,0.22553877811175535,0.005334584822526499,1.4890046296296295,0.19966023740102037,527.9183506519595,0.2227240723025969,2.278065841089201,1.8657773647684497,0.030194558452109905,69536.5463340191,0.005131754296650775,0.10615122295359355,0.148450411473784,0.10390503762041282,0.2648540506074898,0.856270980392157,32.701405089578515
17,17,66.1749,3.22946,30,4.14082,0,105,131,7,125,5,0.98945,59.31973,0.0,0.0,4.17857,3.946,2.85433,0.0,0.0,126.0,58.90792,0.00028,0.29,1.585,-1.0,8.043112,60067.85909528804,162.72223254286533,93.50736966606996,0.14359538118562182,89.83140549996287,0.22551423028221543,0.005333119766476369,1.4407793209876543,0.19966023740102057,527.5794865971152,0.2227603157708081,2.2849219981891378,1.8966726507266676,0.030031476916696977,69665.61603809148,0.005121910025364145,0.10550534742030772,0.14841639217472946,0.10386253626798582,0.2648417581081993,0.8568435294117648,32.6626752688561
18,18,66.0965,3.3047,30,3.76746,0,105,131,7,125,5,0.97891,59.23803,0.0,0.0,4.28571,3.963,2.73614,0.0,0.0,126.0,58.89517,0.00025,0.29,1.501,-1.0,8.008237,59873.92209620634,162.80705824410336,93.39974298450582,0.1442259266899965,89.90264533794281,0.22542584707069957,0.005344895442924568,1.3946759259259258,0.19966023740102198,527.1878837364412,0.22282169162179583,2.2512292666813285,1.7857542471707788,0.029904579950498045,69614.8550257056,0.005090582229569375,0.10482715722228259,0.14850339853056155,0.10393484603142449,0.2648286530886517,0.856270980392157,32.58690633891541
19,19,66.1577,3.35913,30,4.03222,0,105,131,7,125,5,0.98412,59.29125,0.0,0.0,4.0,3.97,2.80422,0.0,0.0,126.0,58.92988,0.00032,0.29,1.493,-1.0,7.893377,60059.80226605642,162.84185926443325,90.14535904932201,0.14454388122788747,89.87314246240787,0.22535217303685315,0.005348587782975038,1.2963927469135803,0.19966023740102254,526.8400056279593,0.22286299009233246,2.2509504808257397,1.6852199820648774,0.029784006163915532,69755.0633968942,0.0050928248117017285,0.10420847511024704,0.14854400335451767,0.10391500123969606,0.2649291142037803,0.8571490196078433,32.50887891981337
20,20,66.177,3.40426,30,3.92192,0,105,131,7,125,5,0.98211,59.30927,0.0,0.0,4.25,3.987,2.84762,0.0,0.0,126.0,58.92638,0.00029,0.29,1.376,-1.0,7.884043,60012.89748035686,162.21053857839783,89.03854919152349,0.14508968227982408,89.86570206309719,0.22529706134081873,0.005321919329690919,1.8244116512345678,0.2018778634442484,526.4652567368239,0.22291033249828876,2.252258954048254,1.9272271227735822,0.029673520025731998,69631.07829610263,0.0050884594399087275,0.10382138151471712,0.1486570030008784,0.10396023358631129,0.2649539474414917,0.8565835294117649,32.2956068250868
21,21,66.2015,3.40081,30,4.11413,0,105,131,7,125,5,0.98257,59.33623,0.0,0.0,4.42857,3.969,2.88681,0.0,0.0,126.0,58.97646,0.00035,0.29,1.443,-1.0,7.890991,60066.46043734424,162.74899899137168,93.74058185886027,0.14554525695348983,89.87333365455869,0.2252046780958402,0.005302401616821666,1.7997202932098766,0.2018778634442467,526.1378379349109,0.2229074233850548,2.260201993845581,1.6641289938770296,0.02960635203154859,69690.03019746637,0.005082674838045546,0.10365001925762173,0.1487952569684901,0.10398858814898117,0.2649861401242793,0.8571490196078433,32.33297748330199
22,22,66.2072,3.42721,30,4.12903,0,105,131,7,125,5,0.98515,59.36004,0.0,0.0,4.39286,3.978,2.88414,0.0,0.0,126.0,58.97121,0.00026,0.29,1.57,-1.0,7.867907,60050.22448612582,162.11106874762322,92.37409567202472,0.14591010416216763,89.8590555737247,0.2250894970154019,0.005313451213293193,1.7623456790123457,0.20409548948747935,525.7911525032813,0.22289186563915556,2.2642142532043166,1.7905976147506033,0.02957445165282075,69638.66788104433,0.00502139028272216,0.10342524601934848,0.14888214356517163,0.10397952348056229,0.2649203980807893,0.8571490196078433,32.17097322440442
23,23,66.2698,3.36197,30,3.98837,0,105,131,7,125,5,0.98404,59.44174,0.0,0.0,4.14286,3.955,2.91097,0.0,0.0,126.0,58.98472,0.00027,0.29,1.47,-1.0,7.815299,60213.218563580245,162.18014212410088,91.18827557346248,0.14619093282969967,89.8253433623244,0.22500499230401688,0.005303103912607405,1.7298900462962963,0.2063131155307142,525.4632647078885,0.2228654489143282,2.281351011067694,2.205993164145033,0.029473067186648952,69678.38455331385,0.005037529017275733,0.10306208780653374,0.14896704881755335,0.10394797768059817,0.26490402177009476,0.8571490196078433,32.02509920096691
24,24,66.3011,3.30112,31,3.92369,0,105,131,7,125,5,0.98911,59.48331,0.0,0.0,3.96429,3.964,2.85051,0.0,0.0,126.0,58.99963,0.00032,0.29,1.437,0.45576,7.755182,60232.73043179568,162.06456975601392,93.6967305160133,0.14659649900276026,89.82605584557264,0.22492980062247628,0.005288973014005894,1.6996045524691359,0.20409548948747913,525.1012629099233,0.22287378884590034,2.2678106298203864,2.087946831133085,0.029420821830254407,69703.48610427185,0.005076111128243778,0.10282018284547176,0.14908398846183726,0.10398805938640224,0.26487621806456374,0.8577145098039217,32.04694432388117
25,25,66.3611,3.20634,31,3.98164,0,105,131,7,125,5,0.9885,59.55174,0.0,0.0,4.39286,3.949,2.80049,0.0,0.0,126.0,59.03927,0.00031,0.29,1.53,-1.0,7.813105,60281.6351535874,161.97725841245517,91.29567476014532,0.14695627702027445,89.82152372912266,0.22484299801493643,0.005287013817708019,2.1246141975308643,0.2040954894874791,524.7946384241998,0.2228404807947245,2.2316463939370004,2.1514310886108894,0.02932766014360494,69787.79399322493,0.005054863806324963,0.10279671109201334,0.14896958711435915,0.10394439705777704,0.2648821762125312,0.8577294117647061,31.919525900004825
26,26,66.3602,3.18344,31,3.85594,0,105,131,7,125,5,0.98204,59.56637,0.0,0.0,4.5,3.953,2.71727,0.0,0.0,126.0,59.04545,0.00028,0.29,1.506,-1.0,7.72061,60292.73960484087,162.33786686031746,93.83488030100511,0.1472476664803933,89.8244719302901,0.22477172321633643,0.005284557122200061,2.0402681327160495,0.20793653046654295,524.4626899563128,0.22280309392241437,2.1985572613957096,2.455609229117703,0.029266545446488056,69710.06828228614,0.005056465129515747,0.10274093203225458,0.14899574537985197,0.10391289638095644,0.26496051120255515,0.8577749019607843,31.917599901740935
27,27,66.3734,3.17334,31,3.85763,0,105,131,7,125,5,0.97676,59.5848,0.0,0.0,4.32143,3.964,2.70068,0.0,0.0,126.0,59.08115,0.00029,0.29,1.424,-1.0,7.670683,60266.49592509695,162.47460353016868,93.62032431786764,0.1473894426985598,89.82875509925026,0.22463527912263423,0.005260794913267509,1.9563560956790123,0.21399519748883375,524.1912644321778,0.22273926942258657,2.1665098916452488,2.150964785558508,0.02919811437194585,69725.04638380457,0.005049526943808328,0.10267019327533684,0.14895516177925236,0.10389193304083007,0.2649403459067332,0.8580200000000001,31.870393729504244
28,28,66.4043,3.11177,31,3.81539,0,105,131,7,125,5,0.98375,59.62675,0.0,0.0,4.39286,3.926,2.68749,0.0,0.0,126.0,59.07298,0.00025,0.29,1.471,-1.0,7.739836,60204.90858793075,161.87725591605314,93.82091524393837,0.14743817345498156,89.7792742397379,0.22450021750171784,0.005238017392506963,1.8311631944444444,0.20793653046654403,523.8826860410461,0.2226805126025555,2.132051775257004,2.15296192076773,0.029141827047771088,69664.85314800827,0.005056032551363823,0.10280320017017093,0.14891775363380413,0.10386808269857212,0.2649881757716512,0.8577145098039216,31.84800644862799
29,29,66.4349,2.87716,31,3.68783,0,105,131,7,125,5,0.99155,59.65682,0.0,0.0,4.35714,3.939,2.63757,0.0,0.0,126.0,59.11814,0.00029,0.29,1.398,-1.0,7.661028,60229.52583306608,162.10067076547892,93.55070481948134,0.14747695594647048,89.78526854848694,0.22437706826958337,0.005234600653617882,1.7685185185185186,0.20793653046654278,523.6181745563499,0.22270183819876468,2.105386327546601,2.0198467207227004,0.029093154743276468,69665.03274913922,0.005099723920614608,0.10257155194368815,0.14887120875814036,0.10384667909100345,0.26508743491490755,0.8577670588235295,31.893549977997203
30,30,66.4479,2.83607,31,3.58595,0,105,131,7,125,5,0.99022,59.67891,0.0,0.0,4.25,3.937,2.42972,0.0,0.0,126.0,59.12524,0.00032,0.29,1.419,-1.0,7.677636,60269.77027581961,162.54253448548613,93.40028024981409,0.14755434969454262,89.73067289573046,0.22421262385762905,0.005240111652548804,1.9187403549382716,0.21177757144560536,523.3460686330712,0.22265584293757426,2.0951086971025865,1.914855503808399,0.029056478228077633,69756.42351685233,0.0050989411532668906,0.10257882129875506,0.14884005056949803,0.10380226241424335,0.26512395208314377,0.8577145098039216,31.92103030357832
31,31,66.3567,2.75231,31,3.58657,0,105,131,7,125,5,0.99365,59.58883,0.0,0.0,4.14286,3.942,2.39378,0.0,0.0,126.0,59.10647,0.00025,0.29,1.478,-1.0,7.652244,59909.52557865357,162.00942318225384,93.819740762578,0.14773209702251672,89.80948847402452,0.22405370975962358,0.005269598780924149,1.6944444444444444,0.21399519748883375,523.1217340903532,0.2226338819933468,2.1143422215515137,1.9784204909688317,0.029029133260460575,69650.72032363254,0.005092888115598885,0.10241334404490245,0.14875736270280712,0.10380168666846053,0.26517376808548904,0.8568890196078432,31.846232284734278
32,32,66.4138,2.72687,31,3.50844,0,105,131,7,125,5,0.98822,59.6476,0.0,0.0,4.35714,3.943,2.32218,0.0,0.0,126.0,59.13386,0.00029,0.28,1.467,0.46219,7.680064,60065.63609567839,162.624421993914,93.76979788385901,0.1477663396515994,89.75837318684363,0.22393009591674912,0.005267099496022374,1.4819155092592593,0.20793653046654403,522.8740939856243,0.22260022961424572,2.097167417115649,2.0829583648325776,0.028978517671709968,69758.40953906512,0.005094177615069608,0.10261918433437457,0.14872922504569136,0.10378360753492223,0.2651882310260789,0.8568741176470589,32.057954387900274
33,33,66.4207,2.67429,31,3.41223,0,105,131,7,125,5,0.98009,59.66401,0.0,0.0,5.03571,3.937,2.29918,0.0,0.0,126.0,59.13436,0.00027,0.29,1.338,-1.0,7.66155,60148.16674189148,162.3023374749946,93.70464805682874,0.1477273383945153,89.7895061265664,0.22378018830245744,0.005276121473390584,1.2902681327160495,0.2117775714456077,522.6813253339665,0.22259742762835186,2.0891283215197003,1.870037487251968,0.02890680523059801,69760.48548095835,0.005074278597593271,0.10257557250904677,0.14869350318606225,0.10377836757614672,0.2652525292130399,0.8562035294117648,31.841892006956503
34,34,66.388,2.75001,31,3.60272,0,105,131,7,125,5,0.98223,59.62086,0.0,0.0,4.57143,3.923,2.25063,0.0,0.0,126.0,59.14273,0.00029,0.29,1.494,-1.0,7.71715,59999.95634252779,162.52268070465766,92.81155734499664,0.14771774459483522,89.79276027490249,0.2236546390611289,0.0052740694281537106,1.1801697530864197,0.207936530466544,522.4684251575843,0.22257758220893256,2.034793798513534,1.7269765893778355,0.028856667752320857,69695.67485239852,0.0050904464800045355,0.1027956120327899,0.14868281667006467,0.10375945584249915,0.26526158081425416,0.8549317647058824,32.082455293631845
35,35,66.4232,2.65404,31,3.56991,0,105,131,7,125,5,0.98521,59.65271,0.0,0.0,4.17857,3.934,2.31897,0.0,0.0,126.0,59.17208,0.00034,0.29,1.377,-1.0,7.715353,60115.55039734226,162.65690333537032,93.9072816589464,0.14763002839238143,89.77054323544968,0.22351723008787983,0.005278873696511952,1.2709780092592593,0.20793653046654823,522.2969329101737,0.2225708072918722,2.0593106107664347,1.8101625969274369,0.028780607286591556,69654.09727991103,0.005086503230351074,0.10285363416316086,0.14865171031556046,0.10376346945912837,0.2652496581916418,0.8549317647058824,32.007796487690484
36,36,66.4527,2.58168,31,3.21757,0,105,131,7,125,5,0.9899,59.69157,0.0,0.0,4.25,3.931,2.23309,0.0,0.0,126.0,59.17699,0.00028,0.29,1.424,-1.0,7.70754,60236.41847992487,162.35095560014213,93.90018546241963,0.14759719468765456,89.75459164027137,0.22341312095948507,0.005264965792768887,1.205198688271605,0.2117775714456077,522.1180682735076,0.2225581876464129,2.075345605298077,1.9545033194104282,0.028720525338867545,69714.80504446967,0.0051087927091673846,0.1028497285261584,0.1485950179904166,0.10374133784530656,0.2652840450608398,0.8548870588235296,32.04443453565056
37,37,66.4558,2.46257,31,3.18489,0,105,131,7,125,6,0.98376,59.70112,0.0,0.0,4.28571,3.933,2.1705,0.0,0.0,126.0,59.20498,0.00031,0.29,1.382,-1.0,7.621041,60183.63185140122,161.53431489469088,93.87248840174004,0.14750490324101173,89.77009955489922,0.22327109965450595,0.005290196648523821,1.1673900462962963,0.21177757144560583,521.9841848497601,0.2225175917215748,2.0592170530080547,1.8782246934508455,0.028651504924635553,69785.82114277393,0.005109840620861878,0.10303795384844464,0.14860267009499933,0.1037391711144649,0.2653064051543922,0.8550945098039215,31.979532877604168
38,38,66.4691,2.28886,31,3.06394,0,105,131,7,125,6,0.98528,59.72507,0.0,0.0,4.57143,3.935,2.06418,0.0,0.0,126.0,59.20664,0.00028,0.29,1.395,-1.0,7.62859,60181.89317295308,162.53412235055194,90.55123776632601,0.1474188558915786,89.73240241389165,0.2231692696700976,0.00528928538141139,1.1251446759259258,0.21399519748883442,521.8321812913326,0.22249245222698624,2.0130881230468436,1.8175104556747357,0.028628170661610414,69560.05072134628,0.005149051248144099,0.10302902616661197,0.14854624621414092,0.10371593313906372,0.2653239354795351,0.8548870588235296,32.017706223476075
39,39,66.4273,2.17544,31,3.05969,0,105,131,7,125,5,0.98051,59.6868,0.0,0.0,4.03571,3.93,1.91669,0.0,0.0,126.0,59.22373,0.00029,0.29,1.455,-1.0,7.692447,60085.49263272205,161.9005406727496,90.37604173541504,0.14734045468142315,89.75987162758572,0.2231083391531603,0.005287930644145814,1.0739293981481481,0.2117775714456066,521.7137239534832,0.22246319475530466,1.9626947345784507,1.7957065856937346,0.028589880269847264,69750.54663009988,0.0051561876257534885,0.10302224970336013,0.1484650753979192,0.10367996154694882,0.265328822829174,0.8546639215686276,31.963541478286555
40,40,66.4332,2.20041,31,3.01021,0,105,131,7,125,6,0.97802,59.69692,0.0,0.0,4.39286,3.933,1.81211,0.0,0.0,126.0,59.22302,0.00026,0.28,1.37,0.45409,7.685573,60068.595863222115,161.85899854842174,93.90681954528478,0.1472396621509582,89.77852065112658,0.2230356338475784,0.0053125771436571935,1.1495466820987654,0.21399519748883447,521.5880876284596,0.22244167911048207,1.9522553516577006,1.960262286337098,0.0285745417749953,69594.06413744409,0.005150542255154857,0.10313261643650606,0.14840532662842218,0.10366399348675158,0.26531503893640107,0.8548870588235296,31.98692642023534
41,41,66.4681,2.12109,31,3.11939,0,105,131,7,125,6,0.98219,59.72887,0.0,0.0,3.64286,3.926,1.83963,0.0,0.0,126.0,59.23872,0.00031,0.28,1.317,-1.0,7.695286,60122.73642487278,161.76299082608918,93.78622424576885,0.14718583864446735,89.75667189334939,0.22296690589116255,0.005299222282120888,1.1089891975308641,0.2139951974888298,521.4838636596505,0.2224313868520127,1.9552087546945356,1.9911035844689249,0.028575245694240452,69733.86647592079,0.005150235681645921,0.10309214101942378,0.14832162295150392,0.10364519284636413,0.26534319421264485,0.8549019607843138,31.962722778320312
42,42,66.4909,2.01482,31,3.12495,0,105,131,7,125,6,0.98185,59.75128,0.0,0.0,4.0,3.943,1.7658,0.0,0.0,126.0,59.24105,0.00033,0.29,1.431,-1.0,7.656159,60193.87651891146,161.34985323769303,93.54977843468541,0.14711458562758128,89.73667098719201,0.22289114984580893,0.005297599110261321,1.046923225308642,0.21177757144560605,521.3759683078447,0.2224864697981533,1.9380463520131401,2.0293303918867007,0.028597096132653717,69816.6681221907,0.005173873479076196,0.10323636075632985,0.14824569456501663,0.10363571572624782,0.2653025567356009,0.854857254901961,31.857831036603006
43,43,66.571,2.09355,31,3.06964,0,106,131,7,125,6,0.98172,59.82755,0.0,0.0,4.53571,3.932,1.67104,0.0,0.0,126.0,59.28182,0.00025,0.29,1.479,-1.0,7.674926,60374.539441534296,161.41337342412726,93.21685905867893,0.1470328214974932,89.74016764240505,0.22284893311002882,0.005296996641205917,0.9667245370370371,0.2117775714456073,521.2955948927478,0.2224688758583759,1.8967312349334093,2.148148143608722,0.028596279323424668,69771.95966724526,0.0051689891272677126,0.10317806717228506,0.14824749386348327,0.10364648663617508,0.26529142760843394,0.8549317647058824,31.953424524377894
44,44,66.479,2.28896,31,2.99728,0,105,131,7,125,6,0.98922,59.74118,0.0,0.0,4.39286,3.935,1.73931,0.0,0.0,126.0,59.2645,0.00031,0.28,1.412,-1.0,7.617744,60163.52490683566,162.0113147988047,90.32835020922266,0.14694177631082905,89.76706175496346,0.22277430527511938,0.005301950714939112,0.8888888888888888,0.21177757144560472,521.2040846631324,0.22248178775254943,1.8945782119195413,2.109368937835948,0.028602822987637482,69700.22652196916,0.0051736480972346425,0.1032548894025394,0.14819192065300835,0.10364593158488909,0.2652748429719353,0.8548870588235296,31.93202096444589
45,45,66.5529,2.31963,31,2.93723,0,106,131,7,125,6,0.98629,59.80461,0.0,0.0,4.42857,3.922,1.91419,0.0,0.0,126.0,59.29471,0.00023,0.29,1.395,-1.0,7.649078,60311.89015360058,161.72226461470962,93.28355703041773,0.1468813215117209,89.76024179436693,0.22270477093750773,0.005294397054149102,0.9539930555555556,0.21177757144560502,521.1401415795978,0.2224622503875211,1.9441279090901638,2.074675921432927,0.028601798820344488,69700.18621517124,0.005176605078822149,0.10340796670223303,0.14814618354767092,0.10362640042535691,0.26524790840543355,0.8548941176470589,32.07924152892313
46,46,66.5262,2.32148,31,3.0396,0,106,131,7,125,6,0.98102,59.789,0.0,0.0,4.25,3.922,1.93538,0.0,0.0,126.0,59.28911,0.00026,0.29,1.329,-1.0,7.645897,60214.34686666452,161.4825457124806,93.46061453777155,0.14684241863820457,89.74508283892777,0.22262229490101468,0.005293641095221563,1.0061246141975309,0.2117775714456052,521.0678642907968,0.22247323370952782,1.9826513345266765,1.9857317525733569,0.02861220136874796,69633.03574487394,0.005183760785202071,0.1035415687441217,0.14818625496807358,0.10360671257552485,0.2652657498677043,0.8548870588235296,32.02672567485291
47,47,66.5957,2.17918,31,3.00493,0,106,131,7,125,6,0.98235,59.85464,0.0,0.0,4.39286,3.922,1.94195,0.0,0.0,126.0,59.31951,0.00032,0.29,1.472,-1.0,7.625505,60416.631083512504,161.67686577012628,93.75718400783965,0.14680781620333808,89.73839683170532,0.22260396055838735,0.005290949085278083,1.0595100308641976,0.21177757144560863,521.022476061882,0.22243481034512233,1.9829291721722822,1.8279879301521258,0.02863277438027554,69729.4147611883,0.005213955050534737,0.10363793488493794,0.14819025636855968,0.10358651247955929,0.2652312796261488,0.8553403921568627,32.02638583713108
48,48,66.5995,2.04954,31,3.12072,0,106,131,7,125,6,0.9891,59.85962,0.0,0.0,4.71429,3.935,1.81276,0.0,0.0,126.0,59.29584,0.00029,0.28,1.408,0.45383,7.633641,60366.33459753087,161.85921106392377,93.06469526218456,0.1467192970466168,89.75216523783628,0.22254980315545228,0.00529852820799116,1.0786554783950617,0.21399519748883464,520.9737362546316,0.22245071197227534,1.9329259944313852,1.8457079714978604,0.028664360887388784,69793.43932892237,0.0052185863583747594,0.10373666523851015,0.14814848971929737,0.10361483168761731,0.26522457391006066,0.8548870588235296,32.010445488823784
49,49,66.6409,2.04076,31,2.90978,0,106,131,7,125,6,0.98713,59.89723,0.0,0.0,4.21429,3.939,1.7028,0.0,0.0,126.0,59.32774,0.00032,0.28,1.408,-1.0,7.617496,60493.163377909004,162.54020769412716,93.37268682724341,0.14660946371535535,89.73788536854144,0.22250583057875148,0.005286265463826604,1.0941840277777777,0.21399519748883397,520.957439194771,0.22245678239424263,1.904959338416051,1.9127475140873618,0.02869128628021694,69820.04084981754,0.005202948782115574,0.10376446993534137,0.14812589258812148,0.10362446085320581,0.2652604673902585,0.8545290196078431,32.04588186005015
50,50,66.6134,2.048,31,2.95054,0,106,131,7,125,6,0.99078,59.88018,0.0,0.0,4.0,3.935,1.69561,0.0,0.0,126.0,59.30628,0.00031,0.29,1.396,-1.0,7.690402,60346.632626620325,162.30482916915918,93.02577164899692,0.14650925829892544,89.7511057164775,0.22245194199944798,0.005292136552834818,1.1310281635802468,0.2139951974888319,520.930668733591,0.2224301765021252,1.9073151918332591,1.868137734141776,0.0287042049349262,69713.05339432128,0.0052228535743670135,0.10376563600785634,0.14811508559630715,0.10362971056114909,0.26526450300573196,0.8543215686274511,32.058044245213644
51,51,66.6698,2.11177,31,3.06392,0,106,131,7,125,6,0.99047,59.92801,0.0,0.0,4.5,3.932,1.70521,0.0,0.0,126.0,59.31298,0.00029,0.28,1.482,-1.0,7.584276,60564.23730133314,161.7744395410462,93.21025311530911,0.1464062483967952,89.70535086932925,0.22240830955662405,0.005273687859367806,1.0883969907407407,0.21399519748883744,520.9294024957265,0.22240706414367498,1.9095677126047754,1.8805299275494871,0.028711842833513863,69861.46786382246,0.005216361222355345,0.1038574135613816,0.14814754916711254,0.10365141951600237,0.2652803682307472,0.8546639215686276,32.00492180718316
52,52,66.6133,2.12644,31,2.95144,0,106,131,7,125,6,0.98531,59.86998,0.0,0.0,4.25,3.918,1.75813,0.0,0.0,126.0,59.30715,0.00031,0.29,1.489,-1.0,7.716598,60359.18644198948,162.42079714490006,93.84560881056625,0.14630694368909067,89.71851051541023,0.22232991343507857,0.005272106536777907,1.050733024691358,0.21399519748883314,520.9131230607957,0.22235548761683935,1.9427884399960549,1.735034034958431,0.028734569269116723,69797.8624243219,0.005225931557239475,0.10388783386497216,0.14820984401087134,0.10363860046105988,0.2653206031602911,0.8543215686274511,32.076934249312785
53,53,66.6934,2.21235,31,3.10035,0,106,131,7,125,6,0.98901,59.94094,0.0,0.0,4.53571,3.946,1.77106,0.0,0.0,126.0,59.34331,0.00026,0.28,1.4,-1.0,7.613253,60632.6199370711,162.10487627227818,93.02617654029044,0.14620896667142488,89.73289605093666,0.22225756980930947,0.005276984476136442,1.0033757716049383,0.21399519748883344,520.9224705777525,0.22238578191177996,1.9780364706751459,1.964680672742687,0.028774771628764913,69882.96488519786,0.005207294620802708,0.1037883275751666,0.14826073921359145,0.10364521698872207,0.2653091875471027,0.8548941176470589,32.03402936017072
54,54,66.6236,2.29058,31,3.16411,0,106,131,7,125,6,0.99707,59.88168,0.0,0.0,4.25,3.947,1.84717,0.0,0.0,126.0,59.31769,0.00026,0.29,1.499,-1.0,7.619367,60449.610900197076,162.27869797240947,90.59965059444713,0.14616453330424287,89.73847632976373,0.2221713912571479,0.005276051053055968,0.9552951388888888,0.21399519748883433,520.9272392582783,0.22234962886994175,1.9954292871769366,2.0501861691709617,0.02880274903537362,69814.35819748304,0.005212671447983358,0.10388771590999495,0.14829201083941945,0.10362796909364169,0.26533599456137874,0.8538007843137256,32.048310644832654
55,55,66.6365,2.41807,31,3.13069,0,106,131,7,125,6,0.99069,59.88434,0.0,0.0,4.46429,3.925,1.91439,0.0,0.0,126.0,59.36225,0.00029,0.29,1.356,-1.0,7.590753,60467.18090960766,161.82897230335604,93.5677010381275,0.14612053829353772,89.74169052055439,0.222081073364936,0.005267873911128074,0.9525945216049383,0.21399519748883403,520.9442838335702,0.2223679703176698,2.0102065232716027,2.4295061268958924,0.02882488604630458,69801.17286108538,0.005217336099068865,0.10381139968683949,0.14832370193443767,0.10363724069529828,0.2652899571844644,0.8545964705882354,32.0958172833478
56,56,66.6305,2.56534,31,3.15577,0,106,131,7,125,6,0.98491,59.88102,0.0,0.0,4.07143,3.948,2.02625,0.0,0.0,126.0,59.35413,0.00032,0.29,1.416,0.45692,7.666725,60503.810369729494,162.47082150107488,90.94845568460272,0.14604831599871484,89.74877964212858,0.22201685573381422,0.005267288646510024,0.9136766975308642,0.2139951974888372,520.9680965489466,0.22235223664637555,2.0337699626702306,2.315334427309487,0.028850871113082557,69843.78494104843,0.005234919497670119,0.1038587255332978,0.1482961784062308,0.10364317421911166,0.26528813111423843,0.8543215686274511,32.105065804940686
57,57,66.6217,2.64658,31,3.09521,0,106,131,7,125,6,0.97553,59.86349,0.0,0.0,4.85714,3.955,2.15557,0.0,0.0,126.0,59.38901,0.00025,0.28,1.425,-1.0,7.687091,60460.523442063204,162.44965602648836,90.50566346535467,0.14600203926612595,89.74954937648246,0.22198424083792706,0.0052627568337922925,0.8544560185185185,0.21177757144560605,520.9915210377472,0.22232451741926393,2.017741087438181,1.9695641177794727,0.028892784200836026,69911.33333808508,0.005239502254414515,0.103910253629939,0.14829935930236487,0.10366128037235949,0.2652516125832302,0.854841568627451,32.18682484567901
58,58,66.5837,2.51562,31,3.3906,0,106,131,7,125,6,0.97349,59.82236,0.0,0.0,4.60714,3.947,2.22609,0.0,0.0,126.0,59.37076,0.00031,0.28,1.479,-1.0,7.632922,60422.63405059994,162.1726676887696,93.90279737527015,0.14594547326159016,89.76277351744383,0.22192947688170958,0.005269865867490527,0.822241512345679,0.21177757144560552,521.0055142516517,0.22231456497841945,2.0516390444656,1.8492981360017828,0.028937977909922866,69894.70352112716,0.005221526045520106,0.10401263341202548,0.14830084496444387,0.10366895803661151,0.2652479999012083,0.8543215686274511,32.212994987581986
59,59,66.6224,2.30097,31,3.28807,0,106,131,7,125,6,0.98113,59.85538,0.0,0.0,4.32143,3.941,2.11354,0.0,0.0,126.0,59.41744,0.0003,0.29,1.51,-1.0,7.619034,60457.36445530795,162.26378828031798,90.90942765876785,0.14587370198021443,89.7571431766464,0.2218815365590894,0.005277164404554,0.8513695987654321,0.21177757144560624,521.0388285288847,0.22229489998635193,2.056949563289202,1.9802703724313762,0.02896183228241187,69810.69262728949,0.005227138568752072,0.1041684049868036,0.1482986363386053,0.1036620060291401,0.2652233209018067,0.8541360784313725,32.10445074387538
60,60,66.6161,2.25562,31,3.09556,0,106,131,7,125,6,0.98304,59.85519,0.0,0.0,4.89286,3.948,1.92227,0.0,0.0,126.0,59.40221,0.00034,0.28,1.429,-1.0,7.643733,60514.76438591768,161.8678633612568,92.73462127627984,0.14595092229903825,89.7276280867083,0.2217266148194202,0.00525899677179925,0.9211516203703703,0.21621282353205637,521.0695302355828,0.22232118890552438,2.0088088866301135,1.832492682789519,0.02871897238517964,69782.71560313765,0.005211959583024709,0.10407385959404979,0.14827407296486642,0.10366567531473585,0.2652180631295269,0.8540913725490198,32.098790675033754
61,61,66.6443,2.37724,31,3.2668,0,106,131,7,125,6,0.98476,59.87496,0.0,0.0,4.35714,3.937,1.88488,0.0,0.0,126.0,59.45826,0.00029,0.29,1.438,-1.0,7.631406,60586.28963489755,162.15809230318337,92.05005975900531,0.1459848322392779,89.74902430634295,0.22159090879886295,0.005282659701511188,0.9503279320987654,0.21399519748883375,521.1118171745402,0.2222472718850838,1.9864510198645693,1.9822078443453786,0.028634458411482502,69781.88522368312,0.005227967462068089,0.10410110583191118,0.14827750465596085,0.10364309733841635,0.26519098970293553,0.8538454901960785,32.1921735221957
62,62,66.5745,2.4527,31,3.35182,0,106,131,7,125,6,0.98471,59.80922,0.0,0.0,4.5,3.935,1.98985,0.0,0.0,126.0,59.42594,0.00029,0.28,1.408,-1.0,7.707937,60496.20917219332,162.0439789476615,93.8847152478823,0.1460298438874569,89.74727752499611,0.2214519165976355,0.005274331392198111,0.9689429012345679,0.20793653046654373,521.153824746318,0.22224019487318133,1.9707466278267571,2.1007701209959153,0.02855800786276416,69822.02174562549,0.0052422933020502905,0.10416171719594766,0.14828485460916596,0.10361771039317076,0.2652012937991441,0.8540913725490198,32.09428537627797
63,63,66.6143,2.48679,31,3.2967,0,106,131,7,125,6,0.98702,59.84832,0.0,0.0,4.32143,3.949,2.05454,0.0,0.0,126.0,59.46928,0.00035,0.29,1.409,-1.0,7.631181,60575.3245984215,162.6828111662763,92.35627830210888,0.14606792577579256,89.75622127106085,0.22130542120293548,0.005287196650096758,1.0036651234567902,0.2139951974888322,521.2132017518924,0.22227640037940344,1.9569347925135896,1.9282532794217646,0.028471751656426313,69815.588470169,0.005223174101723607,0.10426967314050245,0.14823557528900158,0.1035924420700579,0.2652363987189305,0.8541360784313725,32.1648599130136
64,64,66.5652,2.31327,31,3.27078,0,106,131,7,125,6,0.98722,59.8049,0.0,0.0,4.32143,3.954,2.08513,0.0,0.0,126.0,59.42973,0.00031,0.29,1.392,0.45563,7.669844,60404.945321905965,162.117659540534,93.85175246593701,0.14608793327151515,89.74894239324237,0.2211955885802007,0.005301150749964153,1.0299479166666667,0.2117775714456013,521.2579019141734,0.22229858384383044,1.9629985720258996,1.8395289808444013,0.028422571481262225,69787.79350255943,0.005220392393388194,0.10427151754640186,0.148201757442048,0.10358217433749428,0.26523139398265994,0.8538022745098037,32.160484596535014
65,65,66.6106,2.01467,31,2.95836,0,106,131,7,125,6,0.98565,59.84644,0.0,0.0,4.35714,3.942,1.93006,0.0,0.0,126.0,59.47428,0.00032,0.29,1.372,-1.0,7.65791,60447.77208716508,162.14352037938815,93.8738626772769,0.14611019349336668,89.74873794750783,0.22109244027567526,0.005305437340558024,1.064043209876543,0.2139951974888353,521.3182913514788,0.22228211002637854,1.9584270728812545,1.8825426889546608,0.028398156203440366,69777.28759320361,0.005233505033886974,0.10432034472239085,0.14815702060175626,0.10357434436517102,0.2652368284236382,0.8540913725490198,32.18086845492139
66,66,66.5623,2.03494,31,2.96392,0,106,131,7,125,6,0.98439,59.80547,0.0,0.0,4.35714,3.955,1.67036,0.0,0.0,126.0,59.4647,0.00026,0.29,1.396,-1.0,7.739625,60292.87129987091,162.56507738539534,93.76757473626583,0.14608376261304748,89.76711511408945,0.22099973628683153,0.005294811292512916,1.0574363425925926,0.21399519748883308,521.3765801885754,0.22228970706524648,1.9472487218834023,1.8943785936179534,0.028387655912452233,69781.90689333214,0.005250866690741609,0.10423290722390392,0.14815054897383265,0.10357492758846705,0.26525642375712066,0.8540913725490198,32.17484707302518
67,67,66.5712,2.38198,31,3.0515,0,106,131,7,125,6,0.98452,59.80842,0.0,0.0,4.28571,3.943,1.68687,0.0,0.0,126.0,59.50001,0.00027,0.29,1.433,-1.0,7.678338,60349.84471428465,162.41759229363316,92.24320671887641,0.14606351617494076,89.76638734854458,0.22094048726625062,0.00528744556201966,1.017602237654321,0.2079365304665439,521.4444921645165,0.22225839938416664,1.9366128245607295,1.9949360550091497,0.028408667662561667,69781.8072921783,0.00525078871759008,0.10429388475903302,0.14808153116746464,0.10357763250723938,0.26529360764386956,0.8543286274509805,32.184170569902584
68,68,66.5094,2.50444,31,3.16411,0,106,131,7,125,6,0.98712,59.75226,0.0,0.0,3.75,3.949,1.99365,0.0,0.0,126.0,59.4773,0.00026,0.29,1.332,-1.0,7.71096,60269.07718683104,161.76380514483125,90.55038470597577,0.14604142806504494,89.75391033094411,0.22083379408975903,0.005285552665597856,0.9621431327160493,0.20793653046654356,521.5046968168939,0.22224271189176176,1.9535724076033043,2.100719687432096,0.028441607595278636,69834.52622893536,0.0052356842575646545,0.10431178336978149,0.14803853596337918,0.10359585195940166,0.26527543414528093,0.8540913725490198,32.10550397708092
69,69,66.559,2.40281,31,3.04303,0,106,131,7,125,6,0.98515,59.7965,0.0,0.0,4.28571,3.946,2.10085,0.0,0.0,126.0,59.53518,0.00032,0.29,1.317,-1.0,7.741078,60433.804592904955,161.80105874438837,92.14768311871353,0.14601522228576702,89.745415179102,0.22076945830617742,0.005285832057710386,0.9497492283950617,0.21399519748883356,521.5800997274782,0.22226039515620552,1.984083520522628,2.1172110502585526,0.02847374767755197,69919.65221988775,0.005231233974484927,0.10441868569244347,0.14800256258597472,0.10359149336113793,0.2652859932917165,0.8543215686274511,32.203225406599636
70,70,66.4754,2.2561,31,3.21405,0,106,131,7,125,6,0.98874,59.71013,0.0,0.0,4.32143,3.945,2.01278,0.0,0.0,126.0,59.49836,0.00029,0.28,1.378,-1.0,7.724205,60253.346878808785,162.3166716548444,93.81382608867685,0.146000982764788,89.77335534355119,0.22068395887216796,0.005282471049678094,0.937548225308642,0.2079365304665428,521.6388394819832,0.2222418592012427,1.964035114586081,2.295806820911193,0.028478233039263053,69645.75396158014,0.00524595981048089,0.10455293006849792,0.14795356081084815,0.10356654895000786,0.2652688118273297,0.8543215686274511,32.215409078715766
71,71,66.5045,2.30344,31,2.95324,0,106,131,7,125,6,0.98743,59.72554,0.0,0.0,4.25,3.947,1.88663,0.0,0.0,126.0,59.50969,0.00029,0.29,1.394,-1.0,7.816859,60311.29449443776,161.6406157577471,93.8533635320773,0.1459717285791942,89.77344342350298,0.22058251795160727,0.005288784870976948,0.9672067901234568,0.21177757144560028,521.7160651410064,0.22222622865553926,1.9392436233648718,2.4412488261331653,0.028503362285136793,69642.76648747866,0.005221012499711118,0.10469830615867698,0.14791823364604095,0.10356790357163335,0.26522283859407236,0.8540756862745099,32.093794646086515
72,72,66.4343,2.66562,31,3.00123,0,106,131,7,125,6,0.98843,59.66614,0.0,0.0,3.78571,3.95,1.92813,0.0,0.0,126.0,59.4795,0.00026,0.28,1.436,0.45383,7.713208,60244.659151103064,161.19413336465442,93.31240406441842,0.14594305361227522,89.79628101947776,0.22050832324009736,0.005291751430870527,0.9205246913580247,0.20793653046654245,521.7760938441032,0.22222173059618028,1.9615542284112215,2.170779297395453,0.028514959113900184,69705.25468090503,0.0052241479285547844,0.10465732017019418,0.1479090117665378,0.10352635084996938,0.26520110373125794,0.8538007843137256,32.11366253134645
73,73,66.4685,3.04977,31,3.11046,0,106,131,7,125,6,0.98873,59.69562,0.0,0.0,4.28571,3.959,2.24151,0.0,0.0,126.0,59.5129,0.00032,0.29,1.393,-1.0,7.808676,60446.73525412569,161.31001895609919,90.46617733401673,0.14584096053189632,89.77987301427994,0.2204434137098264,0.00529391354965064,0.8839699074074074,0.2079365304665429,521.8548545165617,0.22218600171875416,2.0663326794170267,1.982436679750624,0.028529033799651618,69693.28331451872,0.005226236483244901,0.10470977326785097,0.14789673673530715,0.10352708873577522,0.2651709341747674,0.8541360784313725,32.13308866524402
74,74,66.3867,3.36396,31,3.23818,0,106,131,7,125,6,0.98382,59.61103,0.0,0.0,4.03571,3.949,2.57676,0.0,0.0,126.0,59.46873,0.00028,0.29,1.412,-1.0,7.717916,60322.2367356605,161.7392390854781,90.18417232892591,0.14572111693896683,89.78285714840624,0.22040704840757322,0.005296357109392674,0.8894675925925926,0.20793653046654123,521.9145587321327,0.22212362736059404,2.181364632277377,2.1443993746387786,0.02853102562691667,69714.56555199237,0.005247949281661712,0.10484787521279357,0.14789023341953528,0.1035285642594961,0.2651319069331819,0.8538007843137256,32.21098063904562
75,75,66.3939,3.51767,31,3.41631,0,106,131,7,125,5,0.98234,59.61746,0.0,0.0,4.21429,3.962,2.85113,0.0,0.0,126.0,59.49456,0.0003,0.28,1.463,-1.0,7.777369,60407.80731465383,161.68812310646928,92.42559986338044,0.14565006748729914,89.77573427781445,0.22034981765216993,0.005290265716271072,0.9467110339506173,0.20793653046654323,521.9813216014674,0.22210232700946167,2.2821358348313536,2.097324189262154,0.02851676634333279,69808.26820851806,0.005246198257065677,0.10498166618600083,0.14786291820219152,0.1035110357128047,0.26508995063685065,0.8540913725490198,32.281757684401526
76,76,66.2916,3.47807,31,3.58399,0,106,131,7,125,5,0.98773,59.51703,0.0,0.0,4.17857,3.952,2.98452,0.0,0.0,126.0,59.46446,0.00032,0.29,1.484,-1.0,7.759858,60139.24873432412,162.79134787878974,93.80689349673808,0.14544997728830564,89.7990165234787,0.22030512803879984,0.005305186382993513,1.0748939043209877,0.20793653046654328,522.0396107390441,0.22207333008478022,2.3467076331607606,2.1830045058102496,0.028511561703684733,69846.14901688001,0.005257387284459313,0.10503198831968577,0.14781576342882963,0.10348565132979544,0.265076025554846,0.8543215686274511,32.31157656069155
77,77,66.3529,3.28644,31,3.92252,0,106,131,7,125,6,0.98515,59.57366,0.0,0.0,4.39286,3.916,2.95292,0.0,0.0,126.0,59.46863,0.0003,0.29,1.511,-1.0,7.818923,60244.13430141409,162.13407790503916,93.80295622915935,0.14513852126370613,89.79850582955305,0.22017910403520602,0.005299139355201302,1.1750096450617284,0.20793653046654334,522.1000418582994,0.22203827696263972,2.3689246735167195,2.0353603222909915,0.028498093857454027,69720.6975805875,0.005257413315984522,0.10524891038531099,0.14780673048885964,0.10351370411039316,0.26503911139050523,0.8538454901960785,32.25273245352286
78,78,66.3862,3.07575,31,4.04409,0,106,131,7,125,5,0.97905,59.60879,0.0,0.0,4.35714,3.93,2.78456,0.0,0.0,126.0,59.45911,0.00037,0.29,1.45,-1.0,7.854836,60291.460158000555,161.75664876880117,93.98839869660185,0.14481744073293112,89.75787322541089,0.22010404497959435,0.005315823613644251,1.3096064814814814,0.2079365304665414,522.1591843141988,0.22201144531457995,2.3603326943972838,2.0121191067322233,0.028475350089724967,69703.54389564288,0.005260881008832723,0.10550738942493856,0.14777766151927352,0.10348856073564537,0.26505645759096774,0.8538007843137256,32.125988618827165
79,79,66.4834,3.04108,31,3.95812,0,106,131,7,125,5,0.98392,59.70461,0.0,0.0,4.35714,3.93,2.60425,0.0,0.0,126.0,59.49822,0.00035,0.28,1.426,-1.0,7.803518,60510.256615975,162.3568477646453,93.81262630533837,0.14456823621183357,89.74453897526703,0.22004814824096447,0.005304177151632285,1.5353973765432098,0.20793653046654378,522.229463112404,0.22196737927746504,2.3472044158868752,1.990643232047955,0.028442650098528453,69727.29815641152,0.005275315781301225,0.10567340623181165,0.14775640171754895,0.103484049639992,0.26499542958344735,0.8540913725490198,32.289657781153544
80,80,66.4128,3.22656,31,3.77993,0,106,131,7,125,5,0.99009,59.63736,0.0,0.0,3.21429,3.934,2.57233,0.0,0.0,126.0,59.47367,0.00036,0.28,1.389,0.4546,7.862808,60223.47090460362,161.80726381586334,93.74751682619585,0.1442404571157933,89.73939681100617,0.21992005756951663,0.005322153619960652,1.8698881172839505,0.20793653046654262,522.2974625697386,0.22191232218016327,2.2927992781952353,1.8588498784733485,0.02842844564017493,69612.17420315467,0.005260684756904336,0.10589816088377454,0.14768744034165804,0.10347829720453079,0.26495338272694674,0.8530058823529412,32.18749189965519
81,81,66.4865,3.36785,31,4.10169,0,106,131,7,125,5,0.99254,59.71308,0.0,0.0,4.28571,3.93,2.73411,0.0,0.0,126.0,59.54976,0.00046,0.28,1.469,-1.0,7.904116,60463.683116455,162.21135106515845,93.88476117035243,0.14390132229469998,89.74458068318043,0.21985517076127198,0.005323167083359171,2.1806520061728394,0.20409548948748077,522.3795186887371,0.22187988010275272,2.2799314076323065,1.8496568599147418,0.028403896686207967,69803.61943816034,0.005264438923993928,0.10599507102786991,0.147646474020318,0.10346957955702235,0.26489493543846937,0.8542611764705884,32.299054557894486
82,82,66.4809,3.40061,31,4.23712,0,106,131,7,125,5,0.99357,59.70322,0.0,0.0,4.32143,3.938,2.85718,0.0,0.0,126.0,59.53072,0.00042,0.28,1.4,-1.0,7.891869,60345.205566328485,161.88391606607078,91.88397591824774,0.14360551461436388,89.7455636658546,0.2197779679677155,0.00532140315929009,2.445360725308642,0.2040954894874817,522.459214938956,0.22185480383989964,2.2583865051141006,1.7844983738967792,0.028361607300227767,69715.80260271711,0.005289907412832619,0.10618727956791343,0.14762848589818664,0.1034625521441407,0.2648721897761259,0.8535627450980392,32.31839196475936
83,83,66.5366,3.28664,31,4.27361,0,106,131,7,125,6,0.99519,59.76048,0.0,0.0,4.28571,3.935,2.89286,0.0,0.0,126.0,59.54083,0.00035,0.29,1.45,-1.0,7.920565,60414.0206944844,161.7736163888511,93.87074696215659,0.14329430137787405,89.75593128696914,0.21968292650905183,0.005330259463843531,2.653935185185185,0.20793653046653873,522.5478709387542,0.22187757731971425,2.2545918293850065,1.8151191270831415,0.028337848911032564,69732.37618768145,0.00528999946227746,0.10640015876900287,0.1475441281683619,0.10346469722391285,0.26481847971450273,0.8532203921568629,32.36073548116802
84,84,66.5364,3.15687,31,4.08178,0,106,131,7,125,6,0.98716,59.77864,0.0,0.0,4.25,3.937,2.78313,0.0,0.0,126.0,59.52128,0.00035,0.28,1.337,-1.0,7.947559,60385.91081217793,162.5962020818514,92.40409322217916,0.14294661940053102,89.75111590183803,0.2196404247087993,0.005335167323942223,2.8132233796296298,0.20793653046654312,522.6304423523371,0.22183593975107094,2.202587446823701,1.956815873438776,0.028295780141411937,69721.07616453954,0.005287423263076333,0.10655229008994267,0.14746170487479446,0.10344843923942813,0.26481498647533414,0.8524239215686276,32.46047069408276
85,85,66.6034,3.20448,31,3.91708,0,106,131,7,125,5,0.98746,59.83926,0.0,0.0,4.42857,3.947,2.68057,0.0,0.0,126.0,59.50797,0.00033,0.29,1.44,-1.0,7.918026,60601.298961090186,160.9721764261645,92.0974500810374,0.1426013517718499,89.75088512477554,0.21958051635484213,0.005348376534251907,3.0244984567901234,0.20793653046654223,522.7169982677915,0.22182830979239188,2.193355442107323,1.8864429207226,0.02824957398731022,69709.92125651467,0.00528640080153026,0.10664068680483721,0.1474989381111259,0.10345578006093818,0.26477405292948447,0.849634117647059,32.27042869285301
86,86,66.5443,3.78209,31,3.9906,0,106,131,7,125,6,0.9891,59.79216,0.0,0.0,4.17857,3.946,2.71251,0.0,0.0,126.0,59.4803,0.00028,0.29,1.49,-1.0,7.918794,60452.863807278,161.8818786989165,94.02563907729579,0.14225415301992841,89.7733240936609,0.21949167150798338,0.005334708419491058,3.3013599537037037,0.20793653046654295,522.7974191431834,0.221816965443266,2.153111682587662,1.7858247723315872,0.02823235032104808,69666.56899875496,0.0052839674826272685,0.10677809330181015,0.14746535366901686,0.10347147003031328,0.26472761039929893,0.8493435294117648,32.358289742175444
87,87,66.6924,4.47633,31,4.35531,0,106,131,7,125,6,0.98403,59.9436,0.0,0.0,4.21429,3.948,3.22547,0.0,0.0,126.0,59.54396,0.00032,0.29,1.478,-1.0,7.838291,60744.682826663025,161.54489827577373,93.88550311297892,0.14197351861482616,89.73058809384898,0.21946703394490702,0.005367926345445429,3.544608410493827,0.2117775714456068,522.8830690043337,0.22183242656999075,2.2037709465892465,1.787663778594421,0.02824002084692793,69688.79781178517,0.005282843714628479,0.10692733250129913,0.14747603627059794,0.10349086032827486,0.26472755786761726,0.8495290196078433,32.3226778006848
88,88,66.6799,4.79507,31,4.63268,0,106,131,7,125,6,0.99065,59.93214,0.0,0.0,4.17857,3.939,3.82206,0.0,0.0,126.0,59.4848,0.0003,0.29,1.442,0.44972,7.780308,60744.390261189896,162.23052081252848,93.99136425913251,0.14172904251274696,89.72951020085218,0.21942022906154374,0.005367294201957075,3.799238040123457,0.21399519748883764,522.9583495108433,0.22184433046336374,2.262325991421419,1.7202793240872236,0.028291052552963856,69588.22290936134,0.005287962346884632,0.10692441208340603,0.14754346696707193,0.10350969530181996,0.2647405370425405,0.8481976470588237,32.3571572009428
89,89,66.7664,4.8295,32,4.67947,0,106,131,7,125,6,0.98888,60.02571,0.0,0.0,4.07143,3.957,4.10276,0.0,0.0,126.0,59.51378,0.00037,0.29,1.411,-1.0,7.879274,60888.847229585284,162.04203492554643,93.9315932512712,0.14151355351217526,89.73179955273145,0.21937145214752043,0.005377193049955711,4.0207851080246915,0.21399519748883392,523.0430165041743,0.2218403576888345,2.290190882838239,1.6100420674205684,0.028362702523133453,69686.76139854963,0.00527070030630916,0.10712741648547155,0.1475728560971202,0.10350002684679768,0.2647161444362623,0.8492549999999969,32.38231724868586
90,90,66.7543,4.82627,32,4.88603,0,107,131,7,125,6,0.9886,60.0311,0.0,0.0,4.07143,3.946,4.12707,0.0,0.0,126.0,59.45333,0.00033,0.29,1.475,-1.0,7.845216,60729.983828110715,161.97052849561186,93.91102964931163,0.14123139649420044,89.71909598100318,0.21941296627044607,0.0053722627011364085,4.2473476080246915,0.20793653046654917,523.1095044385528,0.2218486867019607,2.267716742287499,1.5263458424960192,0.02843868216801006,69626.17428986698,0.005257311030643322,0.10720034303455718,0.14761932193543106,0.10353917379073335,0.2646909923998994,0.8481976470588236,32.41826808599778
91,91,66.8026,4.69856,32,4.87982,0,107,131,7,125,6,0.99248,60.08244,0.0,0.0,4.42857,3.948,4.12668,0.0,0.0,126.0,59.48109,0.00034,0.29,1.424,-1.0,7.828327,60814.88549171181,161.97047647186943,91.70570251016936,0.14092797463381238,89.72211906311925,0.21948797385780827,0.00536278990982478,4.479938271604938,0.21621282353206195,523.1943366326603,0.22185351403341563,2.252282257292,1.6717513007555989,0.02848115991656001,69601.22187025027,0.0052669639526655284,0.10728051502985254,0.14769538940276838,0.10351460860629613,0.26465845285986034,0.8482494117647059,32.44863722059462
92,92,66.8109,4.39774,32,4.78508,0,107,131,7,125,6,0.98282,60.09766,0.0,0.0,4.03571,3.95,4.01112,0.0,0.0,126.0,59.466,0.00032,0.29,1.564,-1.0,7.782557,60814.930944604224,161.93968781533832,91.39367132430706,0.14068784160485717,89.71017378462054,0.21967327318482177,0.005361412852126354,4.64110725308642,0.21621282353206292,523.2656184604319,0.22183749179904882,2.1837712194007706,1.7560420669958277,0.028574297491419466,69602.44608211865,0.005252827737759951,0.10721821406281408,0.1477699383192417,0.10351796003850222,0.26460065942112215,0.8479070588235296,32.47208809558256
93,93,66.8399,4.14882,32,4.86743,0,107,131,7,125,6,0.98632,60.10639,0.0,0.0,4.78571,3.965,3.75615,0.0,0.0,126.0,59.47959,0.00029,0.29,1.62,-1.0,7.879428,60920.317477561286,161.07339130136148,94.1182143436906,0.1404993611580643,89.73178035507925,0.21987538021485434,0.005357306232439257,4.721643518518518,0.21399519748883522,523.3480237174668,0.22183982023518795,2.1178672882326324,1.7554177404621254,0.02870491563168928,69743.66162814276,0.005261070870602565,0.1070296388857927,0.1478286792779252,0.10348980023622238,0.264568128145615,0.8476392156862746,32.43255577558352
94,94,66.8919,4.05256,32,4.82309,0,107,131,7,125,6,0.98352,60.16211,0.0,0.0,4.39286,3.964,3.53628,0.0,0.0,126.0,59.47842,0.00032,0.29,1.481,-1.0,7.873694,61048.98883103542,161.7668218103495,94.1463010067244,0.14030051208132022,89.70457953572657,0.22011537739959494,0.0053397624451128,4.768614969135802,0.2139951974888367,523.4144358106792,0.22182960261514223,2.0951935552474903,1.830949765566664,0.028779889075031786,69717.24208813328,0.005272327379167171,0.10680266084090068,0.14786162312605983,0.10348927432339938,0.26450632237833144,0.8473266666666668,32.53496673960745
95,95,66.8898,4.03088,32,4.37397,0,107,131,7,125,6,0.99001,60.16971,0.0,0.0,4.46429,3.96,3.45585,0.0,0.0,126.0,59.5054,0.00031,0.29,1.54,-1.0,7.850946,60942.1438053621,162.15035278239353,91.91494776740664,0.14018551708428484,89.73303802488614,0.2203821812416299,0.005341803722083153,4.788242669753086,0.2162128235320635,523.4931502216905,0.22184279655805283,2.145014863985354,1.8367773984660019,0.028882234893047292,69812.74169561357,0.0052780577971724245,0.10692275993443513,0.1479368294867343,0.1034569385320156,0.2644675484022268,0.8479368627450982,32.60966491699219
96,96,66.9066,4.06221,32,4.47462,0,107,131,7,125,6,0.9907,60.17319,0.0,0.0,4.64286,3.949,3.43085,0.0,0.0,126.0,59.5141,0.00025,0.29,1.565,0.46438,7.891235,61139.3188035542,162.0305078544825,91.71938880771035,0.14003115027345958,89.7067420475375,0.2206849247713468,0.005356656073081332,4.819637345679013,0.21399519748882886,523.572653919405,0.22183667825045436,2.2027515425671353,1.867000460867517,0.028989664188006123,69774.76386014302,0.00525882875338883,0.10697045957590479,0.14796353772913384,0.10346485736378114,0.2643973299258089,0.8476243137254903,32.60211803294994
97,97,66.845,4.0359,32,4.37067,0,107,131,7,125,6,0.98902,60.11765,0.0,0.0,4.82143,3.955,3.46348,0.0,0.0,126.0,59.52199,0.00028,0.29,1.469,-1.0,7.872156,61021.90393169839,162.11849633592215,93.9096899662147,0.13988173562010578,89.75810228542555,0.22099051752421608,0.005335542799820509,4.832899305555555,0.21621282353205626,523.6633883522089,0.22186753081200447,2.202798320568822,1.7573332501469339,0.029076158514178493,69809.14264210685,0.005268386984662956,0.1068698004625287,0.1480074173762185,0.10343855325570968,0.26437068196565605,0.8472592156862746,32.550628662109375
98,98,66.8508,3.99256,32,4.1573,0,107,131,7,125,6,0.99003,60.11547,0.0,0.0,3.78571,3.956,3.43683,0.0,0.0,126.0,59.49968,0.00036,0.29,1.446,-1.0,8.002201,61038.73815492016,161.0642316689704,93.85696156655126,0.13974435039008115,89.72584152220952,0.2212783167191659,0.005328584571275012,4.650752314814815,0.20793653046654426,523.7393908590659,0.2218921746054917,2.17678534052494,1.8008028018129796,0.029132973080620985,69772.79623083828,0.005244103554509804,0.10698287076417835,0.14803643327204338,0.10345021754639705,0.26433093197350965,0.8473713725490197,32.65917441285687
99,99,66.7829,,32,4.15082,0,107,131,7,125,6,0.98281,60.06124,0.0,0.0,4.21429,3.949,3.39771,0.0,0.0,126.0,59.50484,0.00034,0.29,1.521,-1.0,7.874799,60916.92144429555,161.776790191547,94.02328003791726,0.1395637815192707,89.75776198116455,0.22155426378968943,0.005338660790528625,4.530044367283951,0.213995197488834,523.8193062590102,0.2218798149824055,2.1529093448446317,1.9391866573853387,0.029213613346027057,69827.4703187201,0.0052330976530963426,0.10700626071380195,0.14812875694626176,0.10347865965974726,0.26432799275861,0.8476392156862746,32.606823956524885
