,frame_number,SITI.SI,SITI.TI,VCA. E,VCA. h,VCA. epsilon,VCA. L,VCA. avgU,VCA. energyU,VCA. avgV,VCA. energyV,AGH.Blockiness,AGH.Spatial Activity,AGH.Letterbox,AGH.Pillarbox,AGH.Blockloss,AGH.Blur,AGH.TemporalAct,AGH.Blackout,AGH.Freezing,AGH.Exposure(bri),AGH.Contrast,AGH.Interlace,AGH.Noise,AGH.Slice,AGH.Flickering,cambi,cubcol.0,cubcol.1.0,cubrow.0,blur,staticness,blockiness,color_fulness,tone,noise,movement,saturation,cubrow.1.0,cubrow.0.5,cubrow.0.3,temporal,cubcol.0.5,cubcol.0.3,contrast,fft,cubrow.0.6,cubcol.0.6,uhdhdsim
0,100,58.7477,11.9184,64,0.0,0,95,123,17,128,10,1.00335,57.30569,0.0,0.0,0.35714,4.613,0.0,0.0,0.0,130.0,34.90692,0.00237,0.45,1.472,0.0,0.565832,0.3261145237687075,0.0721918435840445,0.30337253331291203,23563.014587814167,248.8542859533206,3.3201893354716474,152.4541482973044,0.48139176470588235,0.6425798035739093,0.0,34.806673591519576,0.11732075058573505,0.19112122172398494,0.12854863254793167,0.0,0.15785398933793893,0.13540647887689886,93.06062611056767,73756.64091151989,0.16407335299216005,0.1796736828499685,84.59285029048311
1,101,58.6187,11.8592,64,18.9159,0,95,123,17,128,10,1.00905,57.196,0.0,0.0,0.0,4.64,10.24127,0.0,0.0,130.0,34.92734,0.00225,0.45,1.379,-1.0,0.579955,0.2957836453927456,0.07143037303324011,0.2434097494152317,23257.539567804724,246.6293537438507,3.1643540390712452,152.51888760287508,0.4819274509803923,0.641985592466512,3.0418113425925926,34.72407456386237,0.0909541328678798,0.1840899242319531,0.12042426104842698,4.331838777314322,0.14541599082769763,0.12787397282956336,92.4810358793444,73546.58044981373,0.15646942097606276,0.17466946739433342,84.61620907150889
2,102,58.4179,12.3659,63,18.9142,0,95,123,17,128,9,1.00139,56.99387,0.0,0.0,0.32143,4.616,10.19174,0.0,0.0,130.0,34.97302,0.00213,0.45,1.393,-1.0,0.6266,0.29889186535272855,0.0716313356202976,0.21977384001018546,23071.96663247787,244.88638654092716,3.106837702713898,152.44405065798503,0.4822854901960786,0.6419855924665094,2.828944830246914,34.915797104070215,0.08304504020916884,0.1813799757711974,0.11651636873181709,4.174093920431638,0.14451930679810074,0.11981305882638137,92.34115769478159,73678.51828321385,0.15398828779839827,0.17919150443975498,84.64558023999203
3,103,58.4801,11.5598,63,20.3724,0,95,123,17,128,10,1.00391,57.03662,0.0,0.0,0.10714,4.599,10.62518,0.0,0.0,130.0,35.01688,0.00204,0.45,1.423,-1.0,0.636224,0.30482761304926215,0.07025338585243318,0.21388048726905953,23024.621082792688,243.19001105938747,2.6667053583904115,152.5334893353123,0.4828239215686275,0.6381445514874461,2.6121720679012346,34.72781146014178,0.08099211494676008,0.17472922346508798,0.11209025203975326,4.522592214878342,0.14022936005783274,0.11118649143362373,92.91974390115615,73948.65774160689,0.1490752183741571,0.18400822917527493,84.61677175848662
4,104,58.2982,11.2003,63,18.4074,0,95,123,17,128,9,1.00258,56.83959,0.0,0.0,0.03571,4.627,9.93076,0.0,0.0,128.0,35.03244,0.00215,0.45,1.412,-1.0,0.596149,0.3136417457814352,0.07040608012125933,0.20756414154482175,22754.1638633253,241.81753752681783,2.458656569622895,152.50751015994268,0.4828509803921569,0.638144551487445,2.103009259259259,34.6986417417173,0.0818418757588139,0.1728764675584946,0.11176321982598472,4.411254928298553,0.13947726278858072,0.10771444701824825,92.96768836532978,73785.59957637147,0.1459998261437797,0.18778395525838346,84.66193415238037
5,105,58.3395,11.6357,63,17.8184,0,95,123,17,128,9,1.00976,56.89809,0.0,0.0,0.21429,4.629,9.62269,0.0,0.0,129.0,35.06803,0.00252,0.45,1.388,-1.0,0.623695,0.3183647770476378,0.06910078108276795,0.20103272227154365,22883.392188757458,240.57949312753394,3.2547092549524548,152.38666368195067,0.48286588235294126,0.6403621775306765,1.86328125,34.93528238932292,0.0842044732942193,0.17065401403417174,0.11153634284717684,4.422331327607869,0.1370373674240552,0.10921245831111338,91.65061167296608,73783.32914998506,0.14481287272774715,0.18848542851907638,84.60902120822277
6,106,58.2351,11.1329,63,19.5562,0,95,123,17,128,9,0.9927,56.78242,0.0,0.0,0.28571,4.646,9.99286,0.0,0.0,129.0,35.09426,0.0023,0.44,1.391,-1.0,0.580524,0.3207772191227364,0.06889897409550304,0.19795555122478156,22735.466431252404,239.32042438794414,3.6936464009871597,152.35791264062237,0.48396000000000006,0.6403621775306746,1.8933738425925926,34.8462215470679,0.08499458936444922,0.16677661280306205,0.11023321250881274,4.530571131919087,0.13501231044114506,0.11260754327972264,91.18945788513521,73782.63147924602,0.14117693863419828,0.18723860372399467,84.65827952300175
7,107,58.2461,11.0329,63,18.9786,0,95,123,17,128,9,0.98796,56.78089,0.0,0.0,0.32143,4.616,9.56054,0.0,0.0,129.0,35.12666,0.0023,0.44,1.343,-1.0,0.653555,0.3294756294529338,0.06899024431932493,0.19752447229399675,22792.77543610254,238.06868700307967,3.8568629927120432,152.21385026964128,0.48453254901960796,0.6400864031959993,1.6981095679012346,34.734861585828995,0.08601121017815912,0.16390036026853438,0.10964494221969898,4.461766698922892,0.13602271346510922,0.11857283240903019,92.28778759872597,73856.18459835913,0.13899653917379778,0.1825099292317148,84.63220567219535
8,108,58.1975,11.3116,63,19.0316,0,95,123,17,128,9,0.99657,56.74864,0.0,0.0,0.5,4.622,9.47383,0.0,0.0,129.0,35.14366,0.00246,0.45,1.4,0.13027,0.62405,0.33054351888444083,0.06894995029054327,0.19719190198081893,22666.04531381098,236.83388587666377,4.0412904188288,152.09787877186554,0.48454039215686273,0.6381445514874469,1.6063850308641976,34.47009183153694,0.0847678502833187,0.16268164365491763,0.11003910458641641,4.441938656317956,0.13633114214681336,0.1247291075894723,92.22674053552069,73696.76664595798,0.13769204286504916,0.17804828953359095,84.67644644276126
9,109,58.1479,11.2227,63,19.0723,0,95,123,17,128,9,0.9843,56.67061,0.0,0.0,0.32143,4.644,9.71471,0.0,0.0,129.0,35.17488,0.00255,0.45,1.404,-1.0,0.610666,0.33077026810512616,0.0685669498028086,0.19736543101726084,22741.07358004455,235.63605672809072,3.9295294941311307,152.2301940175742,0.48454039215686273,0.6381445514874452,1.6365740740740742,34.55488812481916,0.083195730404749,0.1605160497183003,0.11011297495290505,4.43617804020802,0.13549855302341926,0.12820544917751586,88.23244284041095,73938.61309202548,0.1366154477687879,0.17788661795874314,84.6768154408382
10,110,58.164,11.1005,63,19.2613,0,95,123,17,128,10,0.99272,56.67582,0.0,0.0,0.32143,4.653,9.63445,0.0,0.0,130.0,35.23447,0.00228,0.45,1.428,-1.0,0.60728,0.3327839302483401,0.06827391978269026,0.20002966733551297,22755.18435719769,234.4719072282617,4.0410389771211035,151.89883480699788,0.48510588235294116,0.6343035105083835,3.5125868055555554,34.52618690773293,0.08205504427878296,0.1582942698191951,0.10994143435297313,4.5095178801130915,0.1355305955351758,0.1312406955209838,89.53605272619606,74018.91192800165,0.13491572462919638,0.17754517163253858,84.7076506930616
11,111,58.0228,11.3981,63,17.9915,0,95,123,17,128,9,1.00922,56.55664,0.0,0.0,0.07143,4.65,9.52843,0.0,0.0,130.0,35.2426,0.00217,0.45,1.388,-1.0,0.643315,0.3331004955718559,0.06801193514930128,0.19888152043840768,22464.157316280507,233.44342076088884,4.3297225369582755,151.86822852773844,0.48483803921568625,0.635926925444215,3.890625,34.55734045711564,0.08073562141448272,0.1576821426538517,0.11024584837900621,4.471999829126542,0.13565762856558403,0.13367283134604305,92.38975908104368,73561.74448651649,0.1337714128536253,0.17823137818578885,84.65990182476362
12,112,57.9983,11.3861,63,18.806,0,95,123,17,128,9,1.00567,56.52776,0.0,0.0,0.14286,4.603,9.78495,0.0,0.0,130.0,35.28678,0.00211,0.45,1.386,-1.0,0.608522,0.32985792528859864,0.06748836299871488,0.19777736565675377,22444.235654387285,232.40935102406675,3.824828467858118,151.81140611117354,0.485641568627451,0.634303510508382,3.416329089506173,34.40464989932967,0.08016431151548382,0.15701551530361793,0.11036228202187953,4.489862659953745,0.13489151860331633,0.136446142641597,91.10768714203006,73690.76953024429,0.13350806132742055,0.17781475372172975,84.69982850723453
13,113,58.0731,11.1792,63,19.2086,0,95,123,17,128,9,1.00981,56.58379,0.0,0.0,0.10714,4.631,9.77393,0.0,0.0,130.0,35.32011,0.00211,0.45,1.363,-1.0,0.587856,0.32967612125248363,0.06758530164799254,0.19791692845743764,22606.77156734054,231.42618463411463,3.8546417723282076,151.69545430207208,0.485641568627451,0.6320858844651528,3.2743055555555554,34.40257903675974,0.0796184850642251,0.15676876925095257,0.11014763465372931,4.489341408078937,0.13366408607296032,0.14202709344086187,92.43506721439128,73655.56038805695,0.13327690247479984,0.17659784777765922,84.64733637595997
14,114,57.8964,11.5161,63,19.6258,0,95,123,17,128,9,0.98802,56.40336,0.0,0.0,0.35714,4.603,9.59967,0.0,0.0,130.0,35.35253,0.00228,0.45,1.27,-1.0,0.650219,0.32972920814735857,0.06794565453210782,0.19894120094165774,22460.9865263372,230.50884753260488,4.247283925293032,151.7593334902061,0.48617999999999995,0.6343035105083832,3.0710358796296298,34.52468250415943,0.07866933333919318,0.1576338950294982,0.1104158934721124,4.428898647425415,0.1332349793442876,0.14878301993311688,91.07768375594667,73445.0458302361,0.13291327411117212,0.1750215573143782,84.62448310448592
15,115,57.6729,11.2419,63,18.4224,0,95,123,17,128,9,0.98602,56.21166,0.0,0.0,0.07143,4.608,9.89062,0.0,0.0,130.0,35.38053,0.00232,0.44,1.292,-1.0,0.643681,0.32915942715782637,0.06828297300737282,0.20050528577585905,22058.691459275316,229.5993424789367,4.145537150341757,151.47732483654505,0.48620705882352944,0.6341442921220194,4.718557098765432,34.53110626597463,0.07763482804177914,0.1597379583115331,0.11118344824725895,4.4891067748561815,0.13258127286472432,0.1504170620372864,92.77719808401402,73233.89162003646,0.13242671868354716,0.17305853962522194,84.66610021780836
16,116,57.3797,11.1833,62,18.422,0,95,123,17,128,9,1.00012,55.91204,0.0,0.0,0.32143,4.636,9.65161,0.0,0.0,130.0,35.39739,0.00236,0.44,1.399,0.13117,0.66771,0.3279830902253567,0.06858478314885075,0.19994955736327652,21777.722232579155,228.70441904216466,4.043321873770308,151.70468415208597,0.48627454901960776,0.6276506323786933,4.7289255401234565,34.477048143928435,0.07662570228339169,0.16255186213800873,0.11085990211684693,4.378986756415242,0.1322749332702486,0.14902221985751885,92.92084667975233,73260.82575619864,0.13218769060871813,0.17227216219763544,84.77834101139399
17,117,57.2793,11.1424,62,17.7345,0,95,123,17,128,9,0.98596,55.83012,0.0,0.0,0.35714,4.591,9.60401,0.0,0.0,130.0,35.41222,0.00231,0.45,1.289,-1.0,0.631182,0.32543376222556897,0.0684525152761534,0.20034414731080094,21598.9786447639,227.82408330255726,4.114139629667038,151.3975346174641,0.4890529411764706,0.6320858844651526,4.643663194444445,34.397754056954085,0.07576506159654992,0.16516493771134258,0.11062400665666167,4.375901986678456,0.13203055714478024,0.15033300137823327,92.8851433149911,73254.4577711156,0.13233839698557642,0.1715331773090803,84.69155385020265
18,118,57.1768,10.7093,62,18.0695,0,95,123,16,128,9,0.99025,55.73022,0.0,0.0,0.0,4.588,9.57222,0.0,0.0,130.0,35.42151,0.00228,0.44,1.464,-1.0,0.683919,0.32313495745041476,0.06831128356445496,0.19959777837891196,21494.780687084898,226.98279537179397,4.183221767043917,151.51964207467392,0.48925368627450283,0.6320858844651484,4.36328125,34.43072057653357,0.07514821172177803,0.16680643729268246,0.11162944941909736,4.374760263125866,0.1320233937719344,0.1520275396937423,92.95489207802382,73237.35071684602,0.1325546923703124,0.17045325405901032,84.71656840643645
19,119,57.1761,10.6485,62,17.291,0,95,123,16,128,9,0.98964,55.70956,0.0,0.0,0.17857,4.566,9.1965,0.0,0.0,130.0,35.42633,0.00211,0.45,1.307,-1.0,0.668354,0.32143838635249705,0.06837762417515952,0.19924276268171823,21364.39997438966,226.18244899425537,3.8869060419280452,151.32550324845582,0.49014352941176476,0.6292740473145266,4.026138117283951,34.51674718032648,0.07471104370708206,0.16879423689042608,0.11298684883891774,4.1926474719530225,0.13240053674691693,0.15206304495544645,91.48202234474059,73435.88954041553,0.13290412592232048,0.16923739432641666,84.70390656374607
20,120,56.941,10.6554,62,18.9425,0,95,123,16,128,9,0.9956,55.51078,0.0,0.0,0.03571,4.575,9.14156,0.0,0.0,129.0,35.41626,0.00228,0.45,1.312,-1.0,0.688052,0.3191353008737323,0.06848963007032789,0.19938305160598976,21181.07136424351,225.4109891884286,4.0044535528384015,151.04145804022735,0.49014352941176476,0.632085884465149,5.165123456790123,34.31477977611401,0.07407057607909717,0.1711962245226749,0.11464979821213882,4.189098567794698,0.13266650714081804,0.1511784461784648,92.33763219877589,73317.0634813097,0.133172663340365,0.16975514049154816,84.72604925556948
21,121,56.8411,10.437,62,18.0575,0,95,123,16,128,9,1.01138,55.42462,0.0,0.0,0.07143,4.573,9.14792,0.0,0.0,129.0,35.43163,0.00232,0.45,1.274,-1.0,0.649372,0.31525413178777695,0.06831128456618317,0.20043403561985845,21072.54139686374,224.64208138029582,4.140773302337717,150.69958170105173,0.49067921568627454,0.6320858844651498,5.001398533950617,34.465718587239586,0.07375752699570343,0.17331194298590166,0.11585887531702249,4.184082141955099,0.13223341179736264,0.15300174216865586,91.4010018360603,73115.67708994848,0.13381072770497654,0.16988747250992567,84.76782145837802
22,122,56.8553,10.5853,61,16.4157,0,95,123,16,128,9,0.99897,55.41664,0.0,0.0,0.0,4.562,8.95975,0.0,0.0,129.0,35.43094,0.00228,0.45,1.323,-1.0,0.672455,0.31258841942055693,0.06812245754624985,0.20116206520959193,21278.967490470317,223.8872937964363,3.946457462330234,150.61221570551004,0.49014352941176476,0.6292740473145244,4.792679398148148,34.373104330934126,0.07344648256331886,0.1747715301311335,0.11667755799140812,4.189387530647463,0.13258423516755044,0.15532565759055608,92.29842035530554,73221.12241195173,0.13415339504122276,0.1687176876235408,84.75421979614141
23,123,56.8602,11.2617,61,17.3412,0,95,123,16,128,9,0.99818,55.40962,0.0,0.0,0.46429,4.54,9.08374,0.0,0.0,129.0,35.41615,0.00224,0.44,1.375,-1.0,0.658571,0.31220579179757035,0.06816818870399065,0.2019243790809857,21295.485358193233,223.164492302529,4.356645397386881,150.55768580941768,0.4913663137254901,0.6276506323786908,4.73828125,34.52026988841869,0.07303003960070022,0.1759789520791682,0.11730866564845426,4.154774328830416,0.13275594168301094,0.15831072615911235,92.26845178370473,73313.55172228593,0.13475531258415746,0.1675375465932805,84.79615086086598
24,124,56.5509,10.4927,61,18.2396,0,95,123,16,128,9,1.0019,55.11799,0.0,0.0,0.25,4.497,9.66512,0.0,0.0,129.0,35.40334,0.00225,0.45,1.312,0.13027,0.640593,0.3100343333945135,0.06814308815919827,0.20198117412484928,20902.752317569666,222.41834180273247,4.764336844221426,150.3469550581967,0.49124470588235297,0.6276506323786938,4.988667052469136,34.33269736207561,0.07277637680925982,0.17602550292990288,0.11761556134751422,4.428933691014496,0.1324192747104183,0.15887290780025315,93.04692867167084,73190.76208784604,0.13555089292167827,0.16689627253202796,84.8078664051956
25,125,56.4728,10.3941,61,17.8538,0,95,123,16,128,9,0.98479,55.05095,0.0,0.0,0.10714,4.509,9.00335,0.0,0.0,130.0,35.38441,0.00225,0.45,1.365,-1.0,0.646242,0.30827130113978723,0.06822353922696711,0.2015107862904843,20696.59764024344,221.68781333057558,4.036627099639857,150.15654279387314,0.4912525490196079,0.6260272174428595,5.944155092592593,34.423350393036266,0.07233415812310642,0.17610532698086517,0.11700210181028393,4.242830470783223,0.13274883163736267,0.15989410305360752,92.62983994043888,73135.75281638466,0.13597578143972863,0.16777446065578294,84.73625708523105
26,126,56.2889,10.8394,61,17.2902,0,95,123,16,128,9,0.99889,54.89389,0.0,0.0,0.14286,4.529,8.91795,0.0,0.0,130.0,35.37525,0.00215,0.44,1.304,-1.0,0.71849,0.30718077937395816,0.0681727328135128,0.20126678006920518,20520.26625123072,220.96560529632478,4.3285894631830155,150.03863688298105,0.49181019607843135,0.6260272174428576,5.946518132716049,34.297894324785396,0.07173923704072978,0.17603118206440177,0.1158674215581374,4.277329954162975,0.1340623163277487,0.158152028181461,92.67025804181938,73192.38997346151,0.13605321176825716,0.16838734100887262,84.8080594150046
27,127,56.0232,10.2274,60,18.5614,0,95,123,16,128,9,1.00934,54.62447,0.0,0.0,0.32143,4.538,9.30363,0.0,0.0,130.0,35.37398,0.00214,0.44,1.33,-1.0,0.67492,0.3065165913106028,0.06804185892556167,0.2006532791876238,20210.75650973824,220.24924422402776,3.95944357966353,150.1276740768306,0.49181019607843135,0.6238095913996274,6.0859375,34.34914558316454,0.07161006512095429,0.17585453095118886,0.11474215625908012,4.391173990508427,0.13535822313732654,0.1566841097014167,92.98653941907502,72973.16503429317,0.13609323303872076,0.1683468425431193,84.86704733950957
28,128,56.0466,10.8056,60,16.4928,0,95,123,16,128,9,0.9902,54.6667,0.0,0.0,0.42857,4.549,8.77383,0.0,0.0,130.0,35.389,0.00204,0.45,1.333,-1.0,0.670472,0.3052835374470188,0.06808262818878712,0.20043357442681514,20138.828061690863,219.5461027905126,4.1936010178038785,150.03131004855896,0.49181803921568634,0.6260272174428604,6.073881172839506,34.14837985568576,0.07116917957527694,0.17599366666908586,0.11377599392106996,4.258587381588584,0.1368863261647503,0.15572390172997908,92.92914790748843,72916.9089675095,0.13613800898353973,0.16742048987072813,84.90695607922127
29,129,55.9293,10.229,60,17.7831,0,95,123,16,128,9,0.99996,54.54083,0.0,0.0,0.25,4.573,9.2705,0.0,0.0,130.0,35.37384,0.0022,0.45,1.326,-1.0,0.660773,0.304446132193958,0.06780057226036008,0.2001232658591349,20175.37877871374,218.87108545753026,4.322548386342714,150.04158036707764,0.49181803921568634,0.6238095913996257,5.971547067901234,34.488715654538,0.07128845819910362,0.1761972391468044,0.11279106254862308,4.514524278642054,0.13848138220494108,0.15546868757930077,92.39663690661672,73009.49836359573,0.13613570838075575,0.16616895082820052,84.87978268766827
30,130,55.8765,10.2407,60,17.8647,0,95,123,16,128,9,1.0092,54.48961,0.0,0.0,0.25,4.574,8.77522,0.0,0.0,130.0,35.37011,0.00234,0.45,1.285,-1.0,0.685589,0.30305504080891077,0.06763320107236753,0.20015446739105844,20152.142052185554,218.21755076571682,3.5113512363440793,149.84141610148762,0.49181803921568634,0.6238095913996293,6.648099922839506,34.37116608796296,0.07155687785965198,0.1762553276017614,0.11193307977588882,4.359172299187319,0.13879902947254769,0.15621750564706238,90.7337346823601,72941.35036311611,0.13706859424875786,0.16682946007684615,84.86922448971865
31,131,55.7654,10.2691,60,18.0652,0,95,123,16,128,9,0.99237,54.40348,0.0,0.0,0.25,4.544,8.78485,0.0,0.0,130.0,35.3728,0.00223,0.44,1.297,-1.0,0.663378,0.3014111532651117,0.06751578921784196,0.20042290245540298,20069.34061883928,217.5514063402444,3.677440924112232,149.68326245027887,0.49181803921568634,0.6276506323786902,6.661072530864198,34.111934332200036,0.07247822402543062,0.17604039052797665,0.111131186917837,4.366590296989089,0.1384486470533487,0.15880909844032057,92.8108762779884,72861.16099325378,0.13733392151401203,0.16731553655147963,84.85824846912197
32,132,55.7176,10.4894,60,16.9294,0,94,123,16,128,9,1.00084,54.35032,0.0,0.0,0.03571,4.575,8.80933,0.0,0.0,130.0,35.39455,0.00257,0.44,1.285,0.13014,0.657917,0.2999345067802784,0.06741172401126712,0.20081078863150897,20042.89158380474,216.88360915874958,3.592395269567001,149.45328476184437,0.49181803921568634,0.6238095913996295,6.633198302469136,34.088381166811345,0.07307763371333381,0.17567412134472957,0.11036152711292543,4.331679112081267,0.13850239511848988,0.16156303205345637,92.15561814108497,72681.3477300825,0.1378073929167275,0.1660510264604942,84.94565814617238
33,133,55.6382,10.4403,60,17.2959,0,94,123,16,128,9,0.97864,54.28203,0.0,0.0,0.21429,4.586,8.99734,0.0,0.0,130.0,35.40588,0.00224,0.44,1.287,-1.0,0.668536,0.2996470605243226,0.0673638292731678,0.2017621221732185,19924.241455699084,216.2370821028245,3.6027997719993756,149.65511860714082,0.4923835294117648,0.6260272174428584,6.625434027777778,34.10153480812355,0.07300828949580848,0.1755384482996331,0.10954400743918406,4.415478981499025,0.13909955749780134,0.1626398158376846,93.01208168426558,72754.75151941345,0.1379431561149677,0.1650870505948436,84.94625151025913
34,134,55.5355,11.4436,60,18.0651,0,94,123,16,128,9,1.00883,54.19864,0.0,0.0,0.10714,4.563,8.95855,0.0,0.0,130.0,35.41607,0.0021,0.45,1.338,-1.0,0.673837,0.2990239185693684,0.06740924346748094,0.2029143694509576,19786.24852743648,215.61527349097932,3.592028283470707,149.58347615168177,0.4923835294117648,0.6238095913996281,6.844955632716049,34.25908783335744,0.07272289166702604,0.17529903139664982,0.10886546593849884,4.360188110040468,0.14145414405129295,0.16154542077391865,92.97125809977624,72816.34403018437,0.13811470633714526,0.1638681207570822,84.94393339452536
35,135,55.2407,10.8522,59,20.1986,0,94,123,16,128,9,0.98003,53.89283,0.0,0.0,0.32143,4.566,9.81931,0.0,0.0,130.0,35.37358,0.00204,0.45,1.333,-1.0,0.653726,0.29811661928022076,0.06713855001581338,0.20433733004690283,19524.742280247818,214.97565558861328,3.645821228820672,149.1610610987669,0.4923835294117648,0.6171567132699413,7.439573688271605,33.97125696252893,0.0726615866550656,0.17533325825999468,0.10802644674992216,4.698770555559858,0.1405284433413659,0.16027313065183862,92.71786472027213,72952.57294638464,0.13702329970584068,0.16256242615706845,85.09726160705364
36,136,55.3405,11.2721,60,17.7438,0,94,123,16,128,9,1.00403,54.01496,0.0,0.0,0.14286,4.541,9.30847,0.0,0.0,130.0,35.34516,0.00213,0.45,1.284,-1.0,0.648241,0.29715476936162244,0.0668345963175028,0.20530108864686422,19624.384511881726,214.35698153316133,3.716582725796994,149.28803735112257,0.4923835294117648,0.6238095913996263,7.534239969135802,34.16040020224489,0.07272259248977649,0.17567972782251998,0.10738838141772322,4.496326697205633,0.14014665248669725,0.15968007766105644,92.68456207286536,72947.39346076075,0.13656522682763503,0.16137030421282417,85.01806907826702
37,137,55.1346,10.853,59,17.5423,0,94,123,16,128,9,0.9977,53.79155,0.0,0.0,0.10714,4.582,9.67184,0.0,0.0,130.0,35.33323,0.00234,0.45,1.241,-1.0,0.695334,0.29697049653377056,0.06710241181263703,0.20620149874249763,19259.62635772058,213.7238001422306,3.9774760690885715,148.78339407721265,0.4926811764705883,0.6177509243773353,7.445939429012346,33.867634149245276,0.0727413914399703,0.1749672324990133,0.10659499413136687,4.603252974810626,0.13996708672012612,0.1591364954401176,92.54342351437367,72743.480535428,0.13593045527927183,0.1606957387613589,85.02950769153804
38,138,54.7488,10.9109,59,17.6891,0,94,123,16,128,9,1.00804,53.3911,0.0,0.0,0.28571,4.607,9.31126,0.0,0.0,130.0,35.31841,0.00221,0.44,1.26,-1.0,0.67356,0.29721370186637064,0.06736845976513302,0.20669839316684283,18915.312153352435,213.11195098781982,4.073610495316369,148.88666014345532,0.4929192156862745,0.6113155426081661,7.4478684413580245,34.07999373070988,0.07301676072187796,0.17455693939090766,0.1058767536645168,4.458969213047029,0.13932538632161287,0.15862176803201947,92.55924074932133,72850.92806198106,0.13547385868499193,0.16041251530237377,85.18119087012025
39,139,54.5762,11.0261,59,17.4638,0,94,123,16,128,9,0.99256,53.24025,0.0,0.0,0.21429,4.628,9.36255,0.0,0.0,130.0,35.29583,0.00236,0.44,1.263,-1.0,0.703286,0.29778972066404397,0.06752631717327005,0.20701209072525875,18763.192625489504,212.52400396752265,3.638155074977671,149.1960922753919,0.4929192156862745,0.6094746313118121,7.586130401234568,34.06975677866995,0.07311315525134525,0.17432714071129451,0.1052065388493016,4.515676818269617,0.13924561131342544,0.15746758183131782,92.61164620712344,72942.69734673496,0.13483838045889196,0.16096463859980084,85.18950342990935
40,140,54.3418,11.5252,59,16.6998,0,94,123,16,128,9,1.01539,53.04664,0.0,0.0,0.03571,4.574,9.46229,0.0,0.0,130.0,35.29002,0.00215,0.44,1.268,0.13117,0.672701,0.29775256530268124,0.06745650793831284,0.20615789187920883,18299.197381394217,211.94572018886342,3.529846263079677,148.97972212676336,0.4929192156862745,0.6155332983341019,7.8215663580246915,34.09373153874903,0.07301143133721452,0.17378656821128455,0.10463118820063742,4.537836280462518,0.14009974755723698,0.1563438942088793,92.47181766280477,72625.62319330157,0.13458650080384016,0.16055737430921052,85.17020170112261
41,141,53.9923,10.6676,58,18.4615,0,94,123,16,128,9,0.99921,52.72714,0.0,0.0,0.39286,4.624,9.89276,0.0,0.0,130.0,35.27971,0.00225,0.45,1.289,-1.0,0.666945,0.2968399628751494,0.06739807466942058,0.20560505705601392,18020.967137926607,211.3553540365483,3.3927935663435855,148.75941788310504,0.4929192156862745,0.6094746313118107,7.82884837962963,33.96454592104312,0.07301836115811795,0.17289591248166353,0.10382285233524173,4.691039216014201,0.14016926985294148,0.15597953000689588,92.47498785572172,72216.8273132651,0.13449662078369645,0.16011271093745127,85.29348038197897
42,142,54.0506,10.602,58,17.8551,0,94,123,16,128,9,1.00331,52.79008,0.0,0.0,0.21429,4.655,9.15102,0.0,0.0,130.0,35.29392,0.00227,0.45,1.332,-1.0,0.700629,0.29638928788198904,0.06742513377782293,0.20505281177147505,17919.96034262068,210.77076209710512,3.6155590463551888,148.71020589437296,0.4929192156862745,0.6116922573550454,7.897762345679013,33.902530434690874,0.07288025431841241,0.1723549917332759,0.10322191214277981,4.474496560526626,0.14059018615848698,0.15552681740714444,92.41631006237118,72237.21096056404,0.13435406613077422,0.1597920570673619,85.21063318995886
43,143,54.1074,10.7917,58,16.5811,0,94,123,16,128,9,1.00435,52.82672,0.0,0.0,0.35714,4.598,9.09273,0.0,0.0,130.0,35.30713,0.00192,0.44,1.403,-1.0,0.708583,0.29568029807865737,0.06769164148290245,0.20448427247628095,17972.714955820797,210.1989695179159,3.354189459492827,148.81921594976308,0.49291137254901957,0.6155332983341032,7.76953125,33.99795871310764,0.07353645880492088,0.17201474185978435,0.10260883731983263,4.457891080811025,0.14072960125252607,0.15453660227374524,92.99084578424196,72434.12705617724,0.13402413102237123,0.1588908626885272,85.23497777746476
44,144,54.1592,10.549,58,18.3022,0,94,123,16,128,9,1.0094,52.87835,0.0,0.0,0.03571,4.626,9.25551,0.0,0.0,130.0,35.307,0.00215,0.44,1.323,-1.0,0.652529,0.29506604343769044,0.06768996955831735,0.20361678305918787,18072.570343870848,209.6431192256348,3.141997635086793,148.58810979793282,0.49297286274509683,0.6155332983341067,7.82740162037037,34.05462175534095,0.07346897031392935,0.17169878327551927,0.10197173776491562,4.507834829014813,0.1410918304530114,0.15343569039193997,92.94482958357776,72206.8976709361,0.13374848808320952,0.15804913818845978,85.21025137194573
45,145,54.3124,10.5394,58,16.7847,0,94,123,16,128,9,1.0094,53.04117,0.0,0.0,0.14286,4.646,9.04998,0.0,0.0,130.0,35.31046,0.00207,0.45,1.415,-1.0,0.66489,0.2953229769068734,0.06792212353460428,0.20290774733197314,18168.483304122863,209.08037396775376,3.471764190577944,148.69323787652152,0.4931713725490196,0.6171567132699373,8.17602237654321,33.81740372269242,0.07313391974837163,0.17147894699679747,0.1014692553677335,4.378369697304662,0.14096988690741558,0.152511127085103,92.56461938816778,72109.21348391702,0.13362619621696806,0.15734707863087394,85.14685524525503
46,146,54.2217,10.5767,58,16.6749,0,94,123,16,128,9,1.01461,52.95587,0.0,0.0,0.10714,4.62,9.0409,0.0,0.0,130.0,35.31155,0.00212,0.45,1.319,-1.0,0.66266,0.296367240099605,0.06846606853284495,0.20258064742042256,18071.795948903073,208.52968353351426,2.90703525830257,148.6670298312426,0.49291137254901957,0.6155332983341042,8.251157407407407,33.894637873143324,0.0732278906068054,0.17125414245757817,0.10098748992364594,4.364944554721421,0.14068976836409,0.15135749804466703,88.76287042665815,72321.04617595588,0.13351283899799765,0.15683604899161152,85.2169612503717
47,147,54.0739,10.3074,58,16.2303,0,94,123,16,128,9,0.99189,52.83696,0.0,0.0,0.0,4.657,9.07155,0.0,0.0,130.0,35.29955,0.00241,0.45,1.416,-1.0,0.691976,0.2970186040560665,0.06850562848029387,0.20229437570842052,17641.75745713351,207.98600994165042,3.0730387966718222,148.5558179418689,0.49291137254901957,0.6155332983341042,8.343557098765432,33.65201163586275,0.07342756150138423,0.17116898354154128,0.10054212606957862,4.401343180372267,0.1412379445847221,0.1504595413152564,92.9152430719673,72066.87828145974,0.13333231079649246,0.15633798075794325,85.24435557604441
48,148,54.1217,10.2926,59,15.3658,0,94,123,16,128,9,1.01091,52.88794,0.0,0.0,0.0,4.62,8.8401,0.0,0.0,130.0,35.29799,0.00228,0.45,1.363,0.13014,0.658156,0.29684771004518296,0.06864572349520184,0.20214315401840885,17756.089496646327,207.44177146279472,3.5208558313431997,148.75098194029357,0.49260588235294117,0.6183451354847328,8.345582561728396,33.862862481011284,0.07369380149269543,0.17129502407921748,0.10026461041702645,4.3626376080800195,0.14169898846609696,0.1495621675837165,92.54465693376862,72089.93568744064,0.133176230915758,0.15569077037862233,85.16293310623
49,149,54.0226,10.396,59,16.746,0,94,123,16,128,8,0.9946,52.78312,0.0,0.0,0.17857,4.612,8.82804,0.0,0.0,130.0,35.28689,0.00235,0.45,1.309,-1.0,0.675942,0.297207527345809,0.06875097391633604,0.20183358350708974,17596.25815943897,206.90261074882469,3.3095501416102024,148.6173067180755,0.4923756862745098,0.6193743393131653,8.453317901234568,33.7632676112799,0.07384688237900658,0.1712148009876782,0.09997171502649166,4.346265166511788,0.14126267356881597,0.1491711444437145,91.94789109656838,71666.63247006827,0.13305736335820245,0.1548437274612081,85.18323994232833
50,150,53.8154,10.409,58,16.6979,0,94,123,16,128,8,1.00652,52.58911,0.0,0.0,0.03571,4.642,8.91622,0.0,0.0,131.0,35.26352,0.00239,0.44,1.311,-1.0,0.686742,0.2979916792412292,0.06911228685938635,0.20121419374611613,17394.190159547543,206.36076415124822,3.2983776378806295,148.76602190732785,0.4923607843137254,0.6110980462476449,8.748360339506172,33.62588218406395,0.07449946162532309,0.1710349125662663,0.0995409794297932,4.372881302829026,0.14107045817164127,0.14842796769442654,92.36130769857903,71761.68701619946,0.13275087837718189,0.15476956449955123,85.28054189431344
51,151,53.7373,10.3372,58,18.4856,0,94,123,16,128,8,1.00116,52.52451,0.0,0.0,0.39286,4.63,8.92817,0.0,0.0,131.0,35.26242,0.00223,0.46,1.288,-1.0,0.658779,0.298502232326602,0.0693296231849544,0.20057121092564192,17100.822692492202,205.81656134594098,3.0320314680774443,148.56762779385102,0.4923607843137254,0.6171567132699369,8.786361882716049,33.76291873131269,0.07461423539987912,0.1708677088700522,0.0990850970013169,4.380398088071383,0.14128825077192073,0.1479577172899229,92.43514496120173,71338.70504081197,0.13255155649832304,0.15457371966464384,85.20885307844912
52,152,53.6292,10.2345,58,16.8579,0,94,123,16,128,8,1.01538,52.42155,0.0,0.0,0.10714,4.641,8.86512,0.0,0.0,130.0,35.24625,0.00221,0.44,1.378,-1.0,0.62898,0.298740043874411,0.0696337807078925,0.20000521437849064,16904.276448685592,205.26617775259783,3.717093662104243,148.50400362842913,0.4920482352941176,0.6155332983341038,8.810522762345679,33.483977329583816,0.07462596782465682,0.17067462884346604,0.09862659883497212,4.377530591612595,0.14172158258165848,0.14740183501820844,92.4562065709555,71475.47201452397,0.1323007185784658,0.15517919264888974,85.2273368702209
53,153,53.3411,10.6093,57,16.9011,0,94,123,16,128,8,0.99525,52.17936,0.0,0.0,0.5,4.642,8.77766,0.0,0.0,130.0,35.22338,0.00242,0.45,1.428,-1.0,0.667484,0.2990006328006809,0.06963939042789849,0.1995094313486855,16312.124006701482,204.723520487384,3.6928498366187035,148.41785523486584,0.4920325490196078,0.612721461183474,8.77170138888889,33.5805584942853,0.07465315080988096,0.1706088503946792,0.09827123521040385,4.299138325534337,0.1423849941979211,0.14704354097723954,92.42867439693059,70957.58410099955,0.13220411106180405,0.1558936518428598,85.33089231658798
54,154,53.3839,10.3439,58,18.2318,0,94,123,16,128,8,1.0071,52.22125,0.0,0.0,0.21429,4.647,9.10075,0.0,0.0,131.0,35.19946,0.00229,0.44,1.373,-1.0,0.661856,0.29851784825444505,0.06961837019810015,0.19906934151708935,16172.47780819113,204.19265247840963,3.906210131009569,148.66552400125272,0.4909392156862745,0.6155332983341054,8.749228395061728,33.683637830946175,0.07489446268053666,0.17032058377943302,0.0978589909298374,4.38909441545846,0.1432344327371028,0.14656260317688807,92.47533297654522,70731.89017967695,0.1318827017846178,0.15588946650421953,85.2612856979004
55,155,53.5193,10.3622,58,16.4007,0,94,123,16,128,8,1.009,52.32174,0.0,0.0,0.14286,4.681,8.87294,0.0,0.0,131.0,35.17802,0.00221,0.44,1.353,-1.0,0.66564,0.2974838814549731,0.06972300427656561,0.1986469165979077,16382.074859587721,203.64079561249054,3.6517804113892254,148.3441720687489,0.4909392156862745,0.6122864684624365,8.976514274691358,33.452489405502504,0.07552790793225117,0.17025627436357113,0.09750070027170515,4.283644553532451,0.14303270956942743,0.14606880327714983,90.90464554052915,70699.21827585733,0.13177038024924487,0.15575868979993157,85.27035852630098
56,156,53.3924,10.3806,58,16.2819,0,94,123,16,128,8,1.00799,52.21417,0.0,0.0,0.03571,4.671,8.88848,0.0,0.0,131.0,35.13259,0.00237,0.45,1.405,0.13169,0.686177,0.2966317314984821,0.06991955344869429,0.1980683979040744,16000.698426622183,203.10609507745914,3.184152793414875,148.37611587050873,0.49069411764705884,0.6094746313118123,9.03587962962963,33.47526682159047,0.07600388896550685,0.1702985527925364,0.09719532885741178,4.276174073339872,0.1430153485574219,0.14641491004000007,89.50407059586026,70581.56800026272,0.13162385384180073,0.15573736930681467,85.33233082434194
57,157,53.1647,10.072,58,17.326,0,94,123,16,128,8,1.01491,52.00861,0.0,0.0,0.25,4.643,8.90598,0.0,0.0,131.0,35.07998,0.00196,0.44,1.308,-1.0,0.665703,0.2956153151609308,0.06993108690724602,0.19750404849791645,15714.980789625906,202.56449095719614,3.6231315804703152,148.5513996219458,0.49069411764705884,0.6094746313118143,9.042534722222221,33.40193364649643,0.07636091196201202,0.17040787005684685,0.09679457588279759,4.303734064375044,0.1428783637260415,0.14718776721208002,90.41451556110482,70418.85921375942,0.13160301851977926,0.15507862469184633,85.36749729499968
58,158,53.0651,10.1062,57,16.6474,0,94,123,16,128,8,1.00572,51.88255,0.0,0.0,0.17857,4.63,8.64545,0.0,0.0,131.0,35.00421,0.00216,0.44,1.364,-1.0,0.689677,0.29450859606537705,0.06984581389782152,0.19672130841263136,15744.118651643064,202.03544483244852,3.7895957863769243,148.20099723833127,0.49069411764705884,0.6094746313118093,9.026813271604938,33.50025299449026,0.07650186991920664,0.17071018150489034,0.09654915475565948,4.182612600688507,0.14260092784638445,0.1479611687617537,91.1155162099527,70453.52445282911,0.13169726939473972,0.15461347419399124,85.43806140722553
59,159,53.0121,10.1261,57,16.3954,0,94,123,16,128,8,0.99954,51.8193,0.0,0.0,0.10714,4.598,8.67895,0.0,0.0,131.0,34.97124,0.00213,0.44,1.379,-1.0,0.713515,0.29323794798540154,0.06984559496820539,0.19596432644085374,15576.194026455672,201.52558959021596,4.173727545212601,148.21319455323703,0.49069411764705884,0.6094746313118088,8.950810185185185,33.610862072603204,0.07647949216341109,0.17098316109780118,0.0962550621226383,4.2638869850098295,0.14234824828157688,0.1485185193388857,89.18819476100917,70474.55995768968,0.13169775000226386,0.15426018358592053,85.39957333493903
60,160,52.8596,10.1669,57,16.6772,0,94,124,16,128,8,0.98899,51.69226,0.0,0.0,0.21429,4.637,8.68899,0.0,0.0,131.0,34.92157,0.00221,0.45,1.349,-1.0,0.678407,0.29266478715623123,0.06989704817289004,0.19476684906018513,15343.53339811933,201.035924734736,3.7154472431696095,148.29778882879302,0.49069411764705884,0.6094746313118095,9.08275462962963,33.42074547284915,0.07617797762771221,0.17120856855869515,0.09589098729177097,4.232861724301611,0.14216136377154148,0.14857548973129214,91.92218099593885,70339.05811104375,0.13143567090667208,0.153512133435543,85.38529985608051
61,161,52.8193,10.0355,57,15.1719,0,94,124,16,128,8,0.99501,51.67284,0.0,0.0,0.0,4.624,8.72487,0.0,0.0,131.0,34.88388,0.00251,0.44,1.473,-1.0,0.725452,0.2926481762148231,0.06988351562485659,0.19399314450690736,15121.80036357489,200.57825629675017,2.911933054896526,148.3328962759636,0.49069411764705884,0.6094746313118092,9.139467592592593,33.2485050154321,0.0760067318002845,0.17134786258055826,0.09532217203990832,4.2791324815012075,0.14183581199458417,0.14852938034711496,91.96749041214596,70450.026603005,0.13088187467878398,0.1528557685098046,85.40865219700888
62,162,52.8019,10.0517,58,16.0073,0,94,124,16,128,8,1.00333,51.70328,0.0,0.0,0.28571,4.599,8.61164,0.0,0.0,130.0,34.8614,0.00222,0.44,1.464,-1.0,0.704077,0.2907164103978927,0.06992355656942474,0.19356258242095437,14992.266917505589,200.14277162235658,3.741356696867485,148.4918961382044,0.49069411764705884,0.6139098833982697,9.054494598765432,33.411804952739196,0.0759487004014554,0.17174596206711196,0.09494233513275503,4.230922292657011,0.14156510895212537,0.14926835562843596,91.86831165929406,69941.16710905076,0.13075330333540428,0.1524235159279924,85.38540426704651
63,163,52.898,10.3394,58,16.9332,0,94,124,16,128,8,1.0073,51.78703,0.0,0.0,0.32143,4.599,8.62783,0.0,0.0,131.0,34.84755,0.00231,0.44,1.491,-1.0,0.741324,0.28846920536991116,0.0699272110708529,0.19310210053174554,15038.218932254997,199.71950737093493,2.98434095314275,148.655269904381,0.49069411764705884,0.6094746313118106,9.049913194444445,33.42225006480276,0.07571959019217853,0.1723059422453197,0.09463513458944368,4.200795049094383,0.14146058993959076,0.1506594721643474,90.82762294452552,70015.84908200342,0.13088440336298962,0.15121311628670658,85.37514500703169
64,164,52.9972,10.0667,58,18.1783,0,94,124,16,128,8,1.00132,51.89597,0.0,0.0,0.0,4.633,8.87694,0.0,0.0,131.0,34.88209,0.00238,0.45,1.624,0.13259,0.713712,0.28640744452166833,0.07019686147809782,0.1923792370195108,15237.834558481047,199.32558357252168,3.51480944006283,148.65017973649734,0.49069411764705884,0.6094746313118122,8.934895833333334,33.355117986231676,0.07556569743448327,0.1726630161834687,0.09417159014919048,4.251264922358052,0.14121368826587702,0.15139060503264737,92.91115805018165,70081.81250916164,0.13095372991706705,0.15043339520577073,85.378374990261
65,165,53.0655,10.2323,58,16.3696,0,95,124,16,128,8,1.00513,51.97614,0.0,0.0,0.07143,4.572,8.64515,0.0,0.0,131.0,34.88081,0.00224,0.44,1.574,-1.0,0.749235,0.2825738194933002,0.07065537725682601,0.1917261362526048,15163.629507681755,198.9457405441163,3.5241381783049044,148.7721560075957,0.4906345098039215,0.611098046247645,8.99826388888889,33.20523561077353,0.07530564636585177,0.1733766773940285,0.09373300048083717,4.202831306573266,0.14153761343344132,0.15213734213694383,92.79775947690894,69953.02635756116,0.1309935084800104,0.14962461380064745,85.3058594534494
66,166,53.1395,10.474,58,15.3002,0,95,124,16,128,8,1.01976,52.04875,0.0,0.0,0.21429,4.61,8.77898,0.0,0.0,131.0,34.88422,0.0022,0.45,1.622,-1.0,0.742822,0.2791390308320152,0.07090870646160992,0.19120395472177162,15253.875959769319,198.58898493471455,3.356243410763905,148.53036421026658,0.49181019607843135,0.6094746313118122,8.99194637345679,33.32012920615114,0.0750620593331972,0.1740857132799325,0.09346204295559211,4.21874592287564,0.14203786644818786,0.15251561081409853,89.65721507227019,69951.69326261121,0.13124917345258424,0.14863342079923453,85.33904580836115
67,167,53.0659,10.5185,58,16.987,0,95,124,16,128,8,1.0017,51.97432,0.0,0.0,0.25,4.606,8.98915,0.0,0.0,131.0,34.86536,0.00201,0.45,1.789,-1.0,0.73036,0.27465677532745975,0.07099987293885207,0.19084737996521398,15284.189814717161,198.24173418486305,3.7397480861326415,148.60689446643332,0.4915423529411764,0.6072570052685835,8.849681712962964,33.01272130895544,0.074628071340725,0.17439834330363962,0.09298737748123966,4.301837103974975,0.14238942364848492,0.152400582922456,92.27064176489236,70065.62192448799,0.13133966248521828,0.14813765800805598,85.40647457202311
68,168,53.2839,10.6767,58,17.319,0,95,124,16,128,8,0.97548,52.19184,0.0,0.0,0.0,4.608,9.02441,0.0,0.0,131.0,34.83444,0.00235,0.45,1.925,-1.0,0.701933,0.2713491126583838,0.07118826768964559,0.19063802401799984,15588.291169816846,197.90215510444452,3.4427345517013017,148.72927193226178,0.4907090196078431,0.6094746313118137,8.885030864197532,32.84952780641156,0.07453406061866683,0.1749838303583332,0.09267347157816701,4.243386208853693,0.1431213982089802,0.1526357257121675,90.3038940732783,70161.48178758904,0.13145150325757068,0.14885593726927984,85.354909129577
69,169,53.4298,10.7336,58,17.4084,0,95,124,16,128,9,0.99242,52.3498,0.0,0.0,0.03571,4.637,9.15781,0.0,0.0,131.0,34.77492,0.00218,0.45,2.219,-1.0,0.717197,0.26761599427236454,0.07138903744953275,0.18996085984717556,15745.115282424315,197.58754260463644,3.252724662318345,148.85736704990146,0.4890274509803921,0.609474631311811,8.805314429012345,32.61906489619502,0.07448494267454642,0.17555823796722939,0.09246054699075798,4.312328752489463,0.14336399822895662,0.1527118669905665,89.84649145134334,70313.92838522719,0.1317580808735757,0.1481700123073357,85.37737425042978
70,170,53.8748,10.6193,59,17.5573,0,95,124,16,128,9,1.01216,52.8169,0.0,0.0,0.0,4.616,9.20765,0.0,0.0,131.0,34.77629,0.00206,0.45,2.127,-1.0,0.701057,0.2634382552126734,0.07149433457191341,0.1890312141250968,16056.518205801849,197.29193143405814,3.9317282878382427,149.35459788126332,0.48878941176470575,0.6171567132699388,8.58154899691358,32.77128563398196,0.07447180157785675,0.17614085426616286,0.09229085837319104,4.305454635914026,0.14362772476639768,0.15298025681508431,88.61301243878107,70613.48474919503,0.13220900876935274,0.14761481719581604,85.28488625930402
71,171,54.0106,10.676,59,16.3546,0,95,124,16,128,9,1.00362,52.98154,0.0,0.0,0.0,4.607,9.11081,0.0,0.0,131.0,34.87009,0.00233,0.45,1.9,-1.0,0.687564,0.2601767076607748,0.07186555081124311,0.1885586406545134,16180.440844144545,197.01592768489513,4.211929361292907,149.75344159500514,0.4898160784313725,0.6215919653563975,8.621913580246913,32.80884617934992,0.07449719963966459,0.17680755103077558,0.09197659190727062,4.334896497351109,0.14390765710028117,0.15357651278351434,92.86631782138849,70605.72901733972,0.13235704097939344,0.14714268588050083,85.25866782932272
72,172,54.1852,11.1028,59,15.9767,0,95,124,16,128,9,0.99861,53.17072,0.0,0.0,0.03571,4.597,9.15898,0.0,0.0,131.0,34.96107,0.00231,0.45,1.935,0.13156,0.668646,0.2573559890439003,0.07226283231871593,0.18810181496984185,16211.558609982838,196.777066374693,3.997727671026947,150.09980156734127,0.4915423529411764,0.6238095913996263,8.479793595679013,32.90238293306327,0.07457573924378476,0.17751209659901312,0.09176198354673247,4.29066132747128,0.14483120445156436,0.1539052095364322,92.3349857865573,70676.52902946227,0.1326169224147406,0.146930263676797,85.22962587314622
73,173,54.1524,11.2808,59,16.4214,0,95,124,16,128,9,1.00682,53.1652,0.0,0.0,0.03571,4.604,9.53,0.0,0.0,131.0,35.0132,0.00206,0.45,2.18,-1.0,0.687235,0.2543208935279533,0.07245221978859642,0.18754237828430748,16158.137440991142,196.5407396233287,4.922713893828278,150.35038305325935,0.49181803921568623,0.623809591399625,8.496141975308642,32.76871386869454,0.07445557169263613,0.17787929786377268,0.09178130577978821,4.369658978951949,0.14554472740649166,0.15305277352671157,92.5047922084631,70753.54104033193,0.13286753053215045,0.1466939747130599,85.23273718578496
74,174,54.4618,11.083,60,19.3592,0,95,124,16,128,9,1.02324,53.45093,0.0,0.0,0.14286,4.615,9.68173,0.0,0.0,131.0,35.06785,0.002,0.45,2.08,-1.0,0.646927,0.2507116722990659,0.07248653396606314,0.1866432891731583,16486.773519707127,196.32183819555334,4.527782762178242,150.51426577715307,0.49181803921568623,0.6238095913996277,8.488088348765432,32.62173970540365,0.07450054482384018,0.17785752067463415,0.09156374800298135,4.414255798737455,0.14597986136152524,0.15177629097736575,92.7542388939726,70859.48842975231,0.13285297534895035,0.14664820936873926,85.17027728848208
75,175,54.3242,11.1815,60,18.2761,0,95,124,16,128,9,0.99546,53.35606,0.0,0.0,0.21429,4.613,9.50898,0.0,0.0,131.0,35.09163,0.00259,0.45,2.252,-1.0,0.573838,0.2468603211218425,0.07252489521661289,0.185605875763266,16335.220033550286,196.12340093998256,3.7321054303760595,150.87511521194136,0.4920403921568626,0.6282448434860867,8.439429012345679,32.70422740041474,0.07485330353280997,0.17771847794542214,0.09116019914634496,4.317934526793441,0.14633832826438067,0.15140351444587113,93.0589895608523,70931.23247758957,0.13301878625216665,0.14677686512898774,85.22159033256145
76,176,54.3953,11.3512,60,16.8767,0,96,124,16,128,9,0.9835,53.43701,0.0,0.0,0.14286,4.623,9.59331,0.0,0.0,131.0,35.13838,0.00229,0.44,1.942,-1.0,0.599287,0.24362051432310705,0.07266705929482374,0.18504760978127807,16381.236555945969,195.92702756253695,3.3437942723263716,150.80633435108325,0.4921156862745098,0.6283827306534276,8.602961033950617,32.62234120310089,0.07509780733716866,0.1773057641343529,0.09131301118326646,4.264616994324566,0.1467142123260646,0.1514036218872609,93.01219881579254,70695.92399808124,0.13322372218161596,0.14794887293421013,85.21805147312779
77,177,54.4761,11.3264,60,18.0294,0,96,124,16,128,9,0.98731,53.50638,0.0,0.0,0.0,4.624,9.7404,0.0,0.0,131.0,35.15691,0.00206,0.44,1.835,-1.0,0.556114,0.24108822889719494,0.07273789947938329,0.18435049619559657,16451.340282068926,195.7503293671768,4.473118438333318,151.30150669653355,0.49181019607843124,0.6254330063354612,8.626060956790123,32.48328013478974,0.07527022364111524,0.17712776013496184,0.09137314115611986,4.352016865468825,0.14698302974758182,0.15090814671198893,93.18193236041509,70864.58448941528,0.13328739886363236,0.14816822270108243,85.26718182487113
78,178,54.5627,11.4291,60,16.9394,0,96,124,16,128,9,0.99712,53.61326,0.0,0.0,0.0,4.669,9.71555,0.0,0.0,131.0,35.21086,0.00222,0.45,2.228,-1.0,0.546386,0.23810586349206325,0.07283833661724932,0.18398531839802598,16632.153831994932,195.58496266623365,3.3378882487759576,151.36484273284808,0.49146705882352926,0.6282448434860851,8.704330632716049,32.35031259795766,0.07557733909526862,0.17666089708046845,0.09084075467501324,4.34999652629822,0.14695571769528123,0.15032834971019637,89.70880700414989,71026.44644892012,0.13318715822586175,0.1483795584786292,85.21108961251346
79,179,54.6688,11.6576,60,16.8639,0,96,124,16,128,9,0.98171,53.74552,0.0,0.0,0.42857,4.669,9.80827,0.0,0.0,132.0,35.2772,0.00217,0.45,1.846,-1.0,0.527689,0.2353293695661682,0.07294228392458905,0.18360381698614484,16669.136970331252,195.44010510779586,3.1016779119944964,151.63361050604084,0.4910066666666667,0.6298682584219212,8.780864197530864,32.31858185191213,0.07583930433530851,0.1761330429122373,0.09043403932349686,4.2901618668622055,0.14725446445702173,0.15123980891325262,91.4999187710265,70824.56931553484,0.1331715069553909,0.14941767135427986,85.23052917140234
80,180,54.6737,11.8258,61,17.6286,0,96,124,16,128,9,0.99126,53.77451,0.0,0.0,0.14286,4.679,10.00288,0.0,0.0,132.0,35.31911,0.00238,0.44,1.954,0.13542,0.49172,0.23269206770964343,0.07296148149957671,0.1830436902545522,16579.93682166481,195.30569537949233,3.7810972046249605,152.01846488159725,0.4923835294117647,0.6298682584219258,8.815538194444445,32.38126608766155,0.07627793569158375,0.17544426237692076,0.08988051818192569,4.337826029747142,0.14777400440416966,0.15173679950687657,92.23342449845188,70943.83102530388,0.1332174746456018,0.14951243705892603,85.20229861407272
81,181,54.6152,11.8474,61,18.1746,0,96,124,16,128,9,1.00427,53.75992,0.0,0.0,0.03571,4.697,10.14908,0.0,0.0,132.0,35.34821,0.00239,0.45,1.991,-1.0,0.467509,0.23073301238555488,0.07299977201678393,0.18220674554295696,16417.65788429051,195.18770460100606,3.3334237949377465,152.02870950819488,0.49268117647058823,0.6359269254442139,9.009066358024691,32.219415735315394,0.07641813394591435,0.174522444004437,0.08926340094280136,4.412365732140374,0.1488549298095742,0.15082105850001667,91.3805773555765,70900.68963164212,0.1331298329215026,0.1494577706086341,85.19501525354441
82,182,54.8118,12.1799,61,18.3107,0,96,124,16,127,9,1.00111,53.94196,0.0,0.0,0.10714,4.72,10.16611,0.0,0.0,132.0,35.3926,0.00212,0.44,1.947,-1.0,0.463587,0.22854310327287214,0.07316552252771608,0.18123647924911573,16674.665455101942,195.07282026834898,3.8161984242812275,152.34732818867639,0.4926286274509804,0.6359269254442156,9.063560956790123,32.14532376513069,0.07649599458786345,0.17377951196650518,0.0888271276826688,4.400103756258893,0.1496082872990739,0.1498708545596218,92.25743228629618,71235.89284658819,0.13300481279451618,0.14971633823818425,85.18485718172174
83,183,54.7693,12.5331,61,19.1069,0,96,124,17,127,9,1.0005,53.92802,0.0,0.0,0.21429,4.754,10.45407,0.0,0.0,132.0,35.44001,0.00233,0.44,1.76,-1.0,0.439078,0.22550125905813015,0.07329913251036685,0.18045826827925027,16601.17352282074,194.96505287527836,4.130823840639594,152.26742166725884,0.4926741176470589,0.6343035105083824,9.114583333333334,32.04011140046296,0.07671063391980233,0.17333009825164736,0.0882596060865863,4.427878251073212,0.14991342376288,0.14935180244973859,92.45594812016886,70799.35895979695,0.13279339241021193,0.1506793859152441,85.21513111319614
84,184,54.7296,13.2382,61,19.4266,0,96,124,17,127,9,0.99737,53.89393,0.0,0.0,0.10714,4.794,10.75748,0.0,0.0,132.0,35.5006,0.00208,0.44,1.864,-1.0,0.441638,0.22299531087316388,0.07341603174883049,0.18001303072041902,16723.125433164198,194.87780880999543,4.568915691917467,152.3703258875138,0.4932787843137227,0.6343035105083815,9.187934027777779,32.02268661687403,0.07697482121981557,0.17292061109419046,0.08779572789482666,4.560232415388054,0.15015445001722386,0.14890259624214994,92.92032220725739,71132.3766587603,0.13231141516738595,0.15151855445682672,85.29154382281368
85,185,54.7994,13.1626,61,20.1017,0,97,124,17,127,10,0.99194,53.96739,0.0,0.0,0.21429,4.787,11.36347,0.0,0.0,132.0,35.5336,0.00238,0.44,1.84,-1.0,0.401264,0.22027370364455548,0.0734964088195,0.17981779165135756,16816.404022754283,194.78321653255315,4.31164673861206,152.51698130006469,0.4948529411764706,0.6343035105083826,9.293402777777779,31.780866458092206,0.07716240293705598,0.1729846014960783,0.08768936821874714,4.809261593460193,0.15017989367909731,0.14813031487260267,93.06308314642195,70992.57341324374,0.1320650432780349,0.15065899072139038,85.22519312115799
86,186,54.6645,13.8037,61,21.489,0,97,124,17,127,10,0.98576,53.83407,0.0,0.0,0.21429,4.863,11.29584,0.0,0.0,132.0,35.54067,0.00211,0.43,1.821,-1.0,0.377062,0.21738730933081707,0.07366131130936826,0.17989917332418245,16825.06345414198,194.70877432061607,3.518223011297262,153.03136275626505,0.4943556862745098,0.6298682584219261,9.511091820987655,31.80313675491898,0.07788338801845107,0.17283321043829034,0.08762851459335032,4.752487723713046,0.1503341780241609,0.14860274785026933,93.05844213673635,71025.79218422595,0.13172164868530156,0.15006581855612824,85.35461267834049
87,187,54.3498,14.3221,60,23.4961,0,97,124,17,127,9,1.00287,53.47655,0.0,0.0,0.17857,5.014,11.84455,0.0,0.0,132.0,35.55817,0.00222,0.44,1.785,-1.0,0.38828,0.2139203369487422,0.07388851546301624,0.18002710703854977,16980.343578859385,194.63511032702735,3.8988473705061737,152.9688012801314,0.49436274509803924,0.6232153802922281,9.609278549382717,31.80966921205874,0.0785489266264578,0.17203787206605256,0.08745762247056563,5.010940640834521,0.1502804559610629,0.14879862516490625,92.71229596505562,71258.76763169366,0.1312637243238449,0.14946771453094762,85.5667340557231
88,188,54.5141,13.9551,60,23.552,0,97,124,17,127,10,0.9927,53.64474,0.0,0.0,0.14286,4.94,12.29003,0.0,0.0,132.0,35.56224,0.00203,0.43,1.682,0.13503,0.372478,0.2112574931284564,0.07395316729286133,0.17982308573531022,17096.28612258631,194.56474122194342,2.721221591778789,153.11533761547196,0.4943556862745098,0.6260272174428573,9.803530092592593,31.567771440670818,0.07917578138188087,0.17127582404703878,0.0876333356113942,5.194669716223366,0.15042443701038785,0.14888256180858622,93.10269492965175,71412.562937424,0.13091781592132934,0.14946075106047396,85.48339443409236
89,189,54.9189,13.9894,61,23.3364,0,97,124,17,127,10,0.97596,54.05043,0.0,0.0,0.5,4.902,11.9762,0.0,0.0,132.0,35.63044,0.00231,0.44,1.498,-1.0,0.358293,0.20799726601301485,0.07410599681663975,0.17970386979540473,17449.570251529658,194.4975372580482,3.2900504446352072,153.19890357428272,0.4942952941176471,0.6320858844651499,9.83154899691358,31.624167171525368,0.07958404014733539,0.17074382500534085,0.08769544091020788,5.016734357880747,0.14968791986376542,0.14851598681350764,93.02647316702769,71441.92447566775,0.13078430184174805,0.1501663644712426,85.33480339543203
90,190,54.9742,13.8376,61,22.2931,0,97,124,17,127,10,0.99749,54.107,0.0,0.0,0.17857,4.918,12.00845,0.0,0.0,132.0,35.72441,0.00238,0.44,1.707,-1.0,0.380264,0.20517673688371368,0.07420025187111419,0.17977139512226914,17542.460836163973,194.43648128828463,2.528373741520329,153.42283467293078,0.4950980392156863,0.6298682584219225,9.764998070987655,31.455306818455824,0.07996483207412064,0.17017515526161306,0.08780093056300575,4.955046114405473,0.1494489603741909,0.14791871022313374,89.80292265765553,71603.5223623641,0.1301247428152599,0.14923090493760519,85.28649344568215
91,191,55.0027,13.9278,61,21.4688,0,97,124,17,127,10,0.9947,54.12719,0.0,0.0,0.21429,4.969,11.87605,0.0,0.0,132.0,35.76909,0.00233,0.44,1.709,-1.0,0.360826,0.20271258545284737,0.07422543683763887,0.1797038881563883,17546.910291180397,194.37965181219525,3.2174699524895596,153.5645445611496,0.49538862745098045,0.6320858844651491,9.805700231481481,31.426572258089795,0.08023740232572409,0.16974245207132269,0.08783534098141643,4.859921845264406,0.15015304125816778,0.14600230227597918,93.21644858580653,71560.94720350165,0.12946175708664107,0.1491028950759076,85.27734768330676
92,192,55.2746,13.9926,62,22.8872,0,97,124,17,127,10,0.99073,54.40551,0.0,0.0,0.42857,4.954,11.95407,0.0,0.0,132.0,35.82783,0.00231,0.44,1.654,-1.0,0.305758,0.2003775699392107,0.07430752085639677,0.17951666155181906,17937.091831596506,194.33432410528619,3.220385427372246,153.82139250632423,0.4968478431372549,0.6381445514874452,9.80762924382716,31.385187973210844,0.08012780112268232,0.16946436118265534,0.08798790971197941,4.882442565204488,0.15135854101079213,0.1439778339958216,92.82811569697338,71667.18269933548,0.12912036295852514,0.1502758426741761,85.2610415627392
93,193,55.328,14.0753,62,23.3864,0,97,124,17,127,10,0.98727,54.47289,0.0,0.0,0.17857,4.927,12.00993,0.0,0.0,132.0,35.92609,0.00228,0.44,1.631,-1.0,0.317236,0.19697327031714826,0.07430698496959864,0.17917594219198418,17974.803242847658,194.28059672135657,2.928375853053075,153.9153645906936,0.4968705882352941,0.6381445514874448,9.776475694444445,31.36866703739873,0.0803535446434373,0.16911400856794087,0.088189615261556,4.819719012351725,0.15133272950433585,0.1432936164975714,92.398243993116,71684.3667835084,0.12851436927979704,0.1509656765977464,85.17986071357775
94,194,55.2242,14.2032,62,21.5991,0,97,124,17,127,10,0.99379,54.38355,0.0,0.0,0.07143,4.964,12.0792,0.0,0.0,132.0,35.98785,0.00257,0.43,1.716,-1.0,0.323878,0.1936173836789008,0.07446250718287444,0.17825098501289957,17786.540354111854,194.23445771492058,3.5664266408877636,154.06824541650872,0.4968705882352941,0.637550340380045,9.754340277777779,31.19971117561246,0.08032450871343239,0.16868425710067544,0.08834678331179185,4.820986751562884,0.15045118766424342,0.1439006675327364,93.09779126119531,71832.13766202376,0.12810736513748086,0.15190219942371144,85.19567532770559
95,195,55.3722,14.4408,62,21.7157,0,97,124,17,127,10,0.98736,54.55198,0.0,0.0,0.10714,4.921,12.18804,0.0,0.0,132.0,36.04156,0.0021,0.43,1.649,-1.0,0.316903,0.19043724676972928,0.07456869078406955,0.1770355493033701,17891.09153594802,194.19196273742762,3.417682407088948,154.18419265182303,0.4968705882352941,0.6403621775306824,9.744405864197532,31.31894768608941,0.08061456269843328,0.16807389378013524,0.08868314452769921,4.852784154445767,0.15165506066840112,0.1446250759806159,92.33323037126308,71723.7814331466,0.12800396787434296,0.15276925212816858,85.16574420356547
96,196,55.0969,14.2316,62,21.2752,0,97,124,17,127,10,0.99983,54.26339,0.0,0.0,0.25,4.986,12.39453,0.0,0.0,132.0,36.07661,0.00221,0.42,1.599,0.13374,0.309782,0.18796970116910777,0.07495073573708332,0.17572385796370224,17816.99864081786,194.1468771175803,3.5736918455878395,154.1807113597357,0.4968705882352941,0.6320858844651558,9.887827932098766,31.036254694432387,0.08105069465750113,0.1677633586038077,0.08885561017823222,4.941568100634644,0.1517254655056338,0.1445885193337422,92.40737111657165,72082.26935697821,0.1281303476296563,0.15389420049141625,85.27551903445246
97,197,55.4707,14.2373,62,21.5576,0,97,124,17,127,10,1.01911,54.63373,0.0,0.0,0.07143,4.955,12.21537,0.0,0.0,132.0,36.14812,0.00222,0.43,1.505,-1.0,0.321122,0.18428781089407317,0.07484258308410245,0.17497625195616595,18114.75341792629,194.10711204789243,3.8004320137618848,154.3995830989128,0.49774156862745095,0.6419855924665084,9.949122299382717,31.046539871780958,0.08119537796385287,0.16758701422702668,0.08921360398763947,4.827926463715372,0.15215964202581322,0.14431435793525027,93.02353697833166,72132.06948146038,0.1281691090683451,0.1545621832040434,85.15675128449674
98,198,55.4554,14.3241,62,21.986,0,97,124,17,127,10,0.99139,54.5835,0.0,0.0,0.0,4.954,12.22073,0.0,0.0,132.0,36.17647,0.00252,0.43,1.533,-1.0,0.320591,0.17976472741822677,0.07464954147229402,0.17502528173312865,18131.326582202117,194.06598380860413,2.5127328807424965,154.36894503188182,0.49765137254901964,0.6403621775306751,10.014274691358025,31.00868206259645,0.08117146349925511,0.1674120415179945,0.0896411106960758,4.804483429161822,0.15344601232527708,0.14453003115767343,93.32558066598445,72218.38793833877,0.12824924520428166,0.1550722739032484,85.20443619032923
99,199,55.5951,,62,21.65,0,97,124,17,127,10,0.9849,54.70689,0.0,0.0,0.0,4.924,12.29847,0.0,0.0,132.0,36.25094,0.00225,0.43,1.628,-1.0,0.310765,0.17642200284766252,0.0747101874913439,0.1749336359568389,18362.54345432176,194.01211045540882,3.4366504811292224,154.50544205890722,0.49740627450980396,0.6403621775306753,10.088252314814815,30.823754016263987,0.08143751371973036,0.16718974255449018,0.09009088638282445,4.826073397628803,0.1539790591297326,0.1447319269599365,93.07582491664674,72557.71146315141,0.12834290998806647,0.15554632782828878,85.16921006964607
