,frame_number,SITI.SI,SITI.TI,VCA. E,VCA. h,VCA. epsilon,VCA. L,VCA. avgU,VCA. energyU,VCA. avgV,VCA. energyV,AGH.Blockiness,AGH.Spatial Activity,AGH.Letterbox,AGH.Pillarbox,AGH.Blockloss,AGH.Blur,AGH.TemporalAct,AGH.Blackout,AGH.Freezing,AGH.Exposure(bri),AGH.Contrast,AGH.Interlace,AGH.Noise,AGH.Slice,AGH.Flickering,cambi,tone,movement,cubrow.0.3,cubrow.0,blockiness,cubcol.0.3,cubrow.0.5,cubrow.1.0,cubcol.0,saturation,cubcol.1.0,noise,fft,uhdhdsim,cubcol.0.6,cubcol.0.5,color_fulness,contrast,staticness,blur,temporal,cubrow.0.6
0,300,75.7432,11.8305,69,0.0,0,121,117,16,137,13,0.99992,79.4273,0.0,0.0,0.39286,4.302,0.0,0.0,0.0,128.0,41.03172,0.00013,0.48,3.553,0.0,0.524806,0.619775392156861,0.0,0.232963136845766,0.35615404098728826,7.974914373321027,0.19924217471242736,0.30584872507096794,0.2508321604402912,0.1908857190287147,50.8990732828776,0.33235534820613616,0.5228706596775058,68413.5536853742,90.17951671428756,0.20892382120032216,0.1436183131415535,85.29175382703534,88.88479082928308,615.0829999326224,41447.336215315154,0.0,0.27758671247569544
1,301,75.8229,11.8413,69,18.4952,0,121,117,17,136,13,0.99804,79.52669,0.0,0.0,0.32143,4.293,10.17858,0.0,0.0,128.0,41.22501,0.00015,0.49,3.151,-1.0,0.506868,0.6228743921568618,4.287567515432099,0.2175009361524617,0.3485514056153945,7.608902627470174,0.1832321984291151,0.29048123677992177,0.24170465501106894,0.1815166779646927,49.906558755003374,0.3216973526500777,0.5250882857207279,68429.88221572779,90.17210901389802,0.20665101366971964,0.1447645259415748,85.96126826386626,86.58369080974438,616.6672767211157,41608.705350896904,5.267365170046533,0.2521663524753051
2,302,75.839,11.9181,69,18.0136,0,121,117,17,136,13,0.98533,79.52114,0.0,0.0,0.21429,4.293,10.18256,0.0,0.0,128.0,41.21822,0.00015,0.49,3.118,-1.0,0.487471,0.6241380196078418,3.084297839506173,0.21041511582486913,0.3412163497578564,6.781960226805661,0.1758825434508952,0.2850150849636535,0.2341562424101172,0.17011731765272212,49.793235496238424,0.322912437915907,0.5206530336342773,68413.58465962624,90.12637321153514,0.20977216051122896,0.1475230908864615,85.85558152649656,84.5944034375573,617.4985338052502,41667.0548360736,5.037598332399134,0.24530490673360175
3,303,75.6979,12.379,69,18.6204,0,121,117,17,136,13,0.98447,79.38474,0.0,0.0,0.25,4.317,10.25005,0.0,0.0,128.0,41.19151,0.00021,0.49,3.537,-1.0,0.463671,0.6247713725490197,2.7061149691358026,0.20666742445419273,0.33703842302557196,5.841923203440074,0.17307784378506214,0.28050122797943,0.22798364750421551,0.16517689377103248,49.81350011001398,0.3220740664860302,0.5228706596774978,68433.62943278236,90.16012708526867,0.20963404037259586,0.14872296490504835,85.08130095136713,84.78248463551613,617.4565517908679,41564.14018742007,4.9341435334507056,0.24598677851976425
4,304,75.789,12.4406,69,18.26,0,121,117,17,136,13,0.98656,79.42194,0.0,0.0,0.46429,4.32,10.6483,0.0,0.0,128.0,41.0972,0.0003,0.49,3.267,-1.0,0.447658,0.6243458823529412,2.794608410493827,0.2034833828068438,0.3364463764808926,5.3501157947054105,0.17292390986118733,0.278203061669686,0.2232397350492831,0.1641418505976444,49.72719470365548,0.31675476495197513,0.5206530336342855,68473.94029133693,90.15602874849266,0.21027305543265468,0.14915099869012965,84.80541678259553,86.6885768688334,617.0108534278463,41771.04913145198,5.088877343231484,0.24533908726964265
5,305,76.0114,12.5527,69,18.0023,0,121,117,17,136,13,0.98523,79.66331,0.0,0.0,0.82143,4.318,10.69443,0.0,0.0,128.0,41.04302,0.00025,0.49,3.706,-1.0,0.445909,0.623659215686273,2.8120177469135803,0.1997837740559085,0.3378374262766213,6.0829639907943545,0.1780072024586725,0.27439929807903857,0.21989410979879456,0.16415472639051326,49.69645464861834,0.3086508421873807,0.5250882857207305,68355.4093215537,90.15373774505778,0.21117414968069495,0.15048447527586448,84.74097991326676,87.02387596649763,616.3991022433597,42299.42705152781,5.111790932672409,0.24342401840582753
6,306,75.9769,12.4981,69,18.3874,0,121,117,17,136,13,0.99725,79.67188,0.0,0.0,0.92857,4.328,10.79923,0.0,0.0,128.0,41.05508,0.00028,0.48,3.384,-1.0,0.425197,0.6233109803921568,2.6908275462962963,0.19755536341930027,0.3393323640199373,5.221327370245687,0.1821382362499968,0.27275772406141524,0.2198326864835116,0.16328434100357103,49.810708505136,0.30262266565110374,0.5273059117639624,68365.10716880734,90.14499127110716,0.21080426508845682,0.1512062428353597,84.71071326906616,87.78372144223337,615.8212446019537,42161.42331871495,5.178937802840395,0.24246866869415995
7,307,75.8583,12.5309,70,18.2612,0,121,117,17,137,13,1.00837,79.54423,0.0,0.0,0.71429,4.336,10.74923,0.0,0.0,128.0,41.03161,0.00035,0.49,3.259,-1.0,0.407466,0.6222801568627445,2.4605999228395063,0.19525086175511053,0.33976691644496515,5.027314270662644,0.18536347816593088,0.27249795042020336,0.22184521867793264,0.1635646478589522,49.799508553964124,0.30009961193028345,0.5250882857207327,68364.7959685697,90.13378979826231,0.2112808192806421,0.15148354790397622,84.84692176643757,86.12667606002489,615.2280988135083,41946.156343194,5.17566428622985,0.24210611548258734
8,308,75.9588,12.5184,70,18.0736,0,121,117,17,136,13,0.99509,79.62766,0.0,0.0,0.75,4.337,10.77737,0.0,0.0,128.0,41.01167,0.00031,0.49,2.873,0.20036,0.412443,0.6233243725490165,2.3288001543209877,0.19366226440265036,0.3387167456484133,4.480864258258906,0.1914306417925125,0.2723307046570425,0.2238930624236593,0.16336235879398572,49.810807781454955,0.2973666267777591,0.522870659677506,68358.75570716844,90.12720509898975,0.2121459478652771,0.1520789281256146,84.94540378687284,86.75408576142652,614.6708624903058,42199.839944110485,5.151726925639404,0.2420724743676629
9,309,75.8137,12.586,69,18.0641,0,121,117,17,136,13,0.99185,79.44332,0.0,0.0,0.57143,4.327,10.76902,0.0,0.0,129.0,40.97196,0.00022,0.48,2.867,-1.0,0.447771,0.6221431372549021,2.2488908179012346,0.19377247264612887,0.3387705350400923,4.906835964814221,0.19704207106337412,0.27150431143431736,0.2242494209355055,0.16242898481540913,49.741106198157794,0.29696020932745637,0.5250882857207299,68365.42682811203,90.13177809729251,0.2120499396641037,0.1516714076858681,85.01177153440713,85.49822681514644,614.115997372806,42051.31798691477,5.172556442338445,0.24185535403589267
10,310,75.7714,12.6926,69,18.2353,0,121,117,17,137,13,0.99962,79.38407,0.0,0.0,0.32143,4.332,10.82695,0.0,0.0,129.0,41.00657,0.00032,0.47,2.833,-1.0,0.454173,0.6214391176470585,4.25390625,0.1932857572137616,0.33954969590191814,4.1131181103519285,0.1995306587923437,0.27012719296869997,0.22457617346453243,0.16147699573916557,49.831816308292346,0.29776398427990464,0.5228706596775058,68434.43973075517,90.14075581378017,0.21264603962916498,0.1516144073487732,85.29063067902352,85.70094070009617,613.628659659093,41877.70263076204,5.224509555589942,0.24098767236247812
11,311,75.8055,12.3652,69,19.3949,0,121,117,17,136,13,1.007,79.40873,0.0,0.0,0.32143,4.311,10.92091,0.0,0.0,129.0,41.08771,0.00039,0.47,3.402,-1.0,0.468676,0.621243137254902,4.655864197530864,0.1912745119641082,0.3395434132672513,3.9099291958990783,0.20123700934068908,0.26868094411796556,0.2256301238058498,0.16160153695980362,49.89956118736738,0.29907455187659304,0.5273059117639555,68452.79767320259,90.10461083485339,0.21278400081933188,0.15135432179132566,85.42792542795401,86.6231296260351,613.1919700380796,41741.44188009817,5.232983442415095,0.24037285376030193
12,312,75.6542,11.9707,69,17.3696,0,121,117,17,136,13,1.00476,79.18462,0.0,0.0,0.75,4.315,10.63943,0.0,0.0,128.0,41.19513,0.00063,0.47,2.919,-1.0,0.490249,0.6213611764705883,4.14771412037037,0.18986805415258606,0.339684071848561,6.200048246679905,0.20308035482140502,0.26866528816883517,0.22708134674293712,0.16350529164137564,49.87876666033709,0.2991278710312165,0.5206530336342748,68389.75011624981,90.14628366000784,0.2125389664220196,0.15116851119785948,85.66604485803995,87.32736211867788,612.7030452007,41510.57774033613,5.140782199398879,0.24009500436279782
13,313,75.555,11.6862,69,17.3119,0,121,117,17,136,13,1.02028,79.07431,0.0,0.0,0.71429,4.332,10.30083,0.0,0.0,129.0,41.28967,0.00046,0.47,3.154,-1.0,0.503337,0.620614294117647,3.588445216049383,0.18853596630360514,0.33988319142887713,4.930687737386851,0.2042132573874733,0.26862597712920205,0.22937281125840592,0.16560307170026656,49.96090754756221,0.29698223631445986,0.5206530336342688,68413.39642697677,90.16503085193216,0.2122886423718158,0.1508835384756728,86.1373894368466,89.38045867714908,612.3187149389237,41237.20411584884,5.151720575758094,0.23997397892670314
14,314,75.5897,11.9809,69,17.4762,0,121,117,17,136,13,1.00735,79.0447,0.0,0.0,0.46429,4.278,10.05504,0.0,0.0,129.0,41.35841,0.0002,0.46,3.252,-1.0,0.551967,0.620126274509804,3.541570216049383,0.1876692670400048,0.3389972955924797,6.9330584252569825,0.20331686767116455,0.26836872464213757,0.22966537310228044,0.166049348271998,49.92129234031395,0.2949037952357917,0.516811992655214,68363.578099789,90.17909273880612,0.2120617788577608,0.1513375920278101,86.66446646583559,87.09593438416174,611.9592133461653,41269.073911268264,5.197425939872829,0.2398742832685768
15,315,75.539,11.922,69,18.9523,0,121,117,17,136,13,0.99281,78.92528,0.0,0.0,0.25,4.339,10.33071,0.0,0.0,129.0,41.45892,0.00023,0.47,2.852,-1.0,0.604982,0.620132588235294,5.235243055555555,0.18640418014868007,0.3378600710360955,5.120160232507886,0.20221676646009976,0.2676552123285825,0.22924790480526888,0.16478908473051573,50.149839048032405,0.2944786358412135,0.5168119926552092,68449.5328398618,90.17016388444347,0.2120156002599676,0.15133342975408454,87.4650167695562,87.87626780859145,611.7248957250783,41362.389458244295,5.231504137938485,0.2398272785348844
16,316,75.6512,11.6445,69,17.7541,0,121,117,16,136,13,1.00163,79.0477,0.0,0.0,0.21429,4.295,10.2549,0.0,0.0,129.0,41.57512,0.00037,0.47,3.424,0.23418,0.626134,0.6212725490196078,5.271122685185185,0.18644788159673803,0.33736201939125465,4.944711523433186,0.20148381945191346,0.2673649322067884,0.22894083993718073,0.16401988898366474,50.296790228949654,0.2928526562767122,0.5168119926552118,68477.69329034947,90.12348954862276,0.21219874253575124,0.15119704058719446,87.98028354341125,87.39464079623087,611.589333469198,41692.63810595057,5.171590178243807,0.239974610747475
17,317,75.7113,11.1515,69,17.8534,0,121,117,16,136,13,1.00514,79.06667,0.0,0.0,0.5,4.326,10.02005,0.0,0.0,129.0,41.66701,0.00045,0.47,2.83,-1.0,0.648171,0.6215701960784313,5.052613811728395,0.18771931991322607,0.33627782115049404,3.6854623414080887,0.20051899792457814,0.2666413263711429,0.22844551323234336,0.16275534225083652,50.34135060251494,0.29062036954325693,0.516811992655212,68432.88596425123,90.17001478147029,0.21237686318127655,0.1512331509669523,88.50677229830569,87.41467085452078,611.5058610927298,41634.61210393779,5.172305561721665,0.23972725267374442
18,318,75.6642,11.2333,69,16.4528,0,121,117,16,136,13,0.98803,79.01594,0.0,0.0,0.60714,4.294,9.59734,0.0,0.0,128.0,41.7415,0.00029,0.47,3.368,-1.0,0.727866,0.6233650980392157,4.903260030864198,0.1885197508366975,0.3363314682056502,5.300175700024328,0.20030292190259713,0.26625565138006835,0.22824683640449583,0.16177780155450655,50.44442409939236,0.28806384556133574,0.5168119926552084,68370.0761843254,90.1598635131931,0.21264844200717034,0.1514187894275767,88.85532888153011,88.84162945741912,611.4550045657637,41341.041125585834,5.206064336005422,0.23953939008787745
19,319,75.634,11.3929,69,16.9586,0,121,117,16,136,13,1.00846,78.90225,0.0,0.0,0.46429,4.292,9.66339,0.0,0.0,129.0,41.77733,0.00025,0.47,3.161,-1.0,0.748567,0.6237914705882336,4.760754243827161,0.18983819435592542,0.33658780872006283,5.031976899799593,0.20023897055450585,0.26614658003375474,0.22917709619833734,0.1610510522257171,50.49330082646123,0.28629895740572997,0.5168119926552092,68320.73496004067,90.11703783375778,0.21280797914933117,0.15157731153443565,89.02043768111952,85.60788594080405,611.4269943641465,41125.67040314115,5.141157782408686,0.23955067106385775
20,320,75.6565,10.7978,69,17.0095,0,121,117,16,136,13,1.00909,78.87203,0.0,0.0,0.60714,4.299,9.80484,0.0,0.0,128.0,41.82545,0.00025,0.47,2.802,-1.0,0.750226,0.6231856078431354,6.262683256172839,0.19158288531983805,0.3359566340448778,6.165756964467854,0.20114386088364478,0.26609610326196786,0.23064714416036483,0.15942644041360848,50.71813682273583,0.28690045673610787,0.5145943666119833,68385.83868090945,90.14027195198196,0.21299142580136599,0.15185812473312588,89.55575759041349,86.96769336298303,611.4092685187696,41109.360538049375,5.1617734943521,0.23960211862448985
21,321,75.8157,10.4313,68,17.1249,0,121,117,16,136,13,0.99511,79.01055,0.0,0.0,0.92857,4.264,9.29053,0.0,0.0,129.0,41.89543,0.0003,0.47,2.788,-1.0,0.777527,0.623916862745098,6.134018132716049,0.19269656436905616,0.335097575885373,5.755250440122812,0.20222545418073717,0.26623249838267965,0.23229190290589807,0.1594091423633913,50.84857196572386,0.28710043887428965,0.5168119926552017,68328.62398282585,90.06760080205976,0.2129591634142793,0.15238541720636478,89.8877836870937,86.8370500353134,611.4502216278343,41152.73525817605,5.0986043482657415,0.2392801226348427
22,322,75.7246,10.3892,68,16.162,0,121,117,16,136,13,0.98968,78.87775,0.0,0.0,0.53571,4.286,8.96984,0.0,0.0,128.0,41.90677,0.00022,0.46,2.752,-1.0,0.803134,0.6257147843137254,5.868682484567901,0.19371577701089146,0.33403585522091167,2.7041590927570676,0.20368503899983645,0.2662124633304126,0.23385756800914667,0.15872099516006852,50.8537612726659,0.2852614841650302,0.5145943666119817,68287.54832120411,90.07306329847165,0.21293731751669215,0.1532625002855232,90.10917946237728,86.16368172686448,611.5198691876367,40920.08823519594,5.0293991016893935,0.23881419506133753
23,323,75.8153,10.1294,68,16.7906,0,121,117,16,136,13,0.98476,78.92258,0.0,0.0,0.5,4.269,8.937,0.0,0.0,128.0,41.92012,0.0001,0.47,2.869,-1.0,0.819964,0.6258196078431373,5.802276234567901,0.19505126449981028,0.3330456502315528,5.879566558645649,0.20496991490578004,0.2659935648753047,0.2350165289667151,0.15711300843794215,50.95620143560715,0.2827980033003378,0.5145943666119812,68196.53156279982,90.07092501944231,0.21362613267132358,0.1535923683535757,90.57075278100615,86.33152414470426,611.6224265097032,40908.4682368759,5.098509856662793,0.23859248321521287
24,324,75.6696,9.85062,68,16.6209,0,121,117,16,136,13,0.97729,78.77183,0.0,0.0,0.35714,4.3,8.71427,0.0,0.0,128.0,41.84545,0.00024,0.47,2.753,0.25733,0.838333,0.6235349019607844,5.8657407407407405,0.19563788612745,0.3322629339239117,5.566521011326334,0.20596370627688998,0.2657944919005573,0.23614675914735372,0.15615464722736155,50.95915749632282,0.281814103741693,0.51459436661198,68164.49645428128,90.0742130835769,0.21442109685104102,0.15398105446217056,90.46219178061867,88.65656675120218,611.6794547101115,40561.48770093831,5.086104157812266,0.2385886621928273
25,325,75.5381,9.65794,68,16.3282,0,121,117,16,136,13,0.99087,78.64191,0.0,0.0,0.28571,4.29,8.47114,0.0,0.0,129.0,41.81919,0.00024,0.47,2.748,-1.0,0.846125,0.621653725490196,7.103298611111111,0.19568785352200121,0.3320867316486959,4.4340262202924405,0.20705353692776493,0.2653564076938025,0.23712971699198923,0.15530119535135614,51.00543269404658,0.2797233001570648,0.5145943666119809,68162.43369966505,90.06842142308444,0.21441582169832296,0.15434417978856624,90.14581411648444,87.19970026897111,611.677682289215,40380.309506800535,5.067245781454733,0.2382476401086412
26,326,75.874,9.97009,68,15.6143,0,121,117,16,137,13,0.98902,79.01411,0.0,0.0,0.53571,4.266,8.30963,0.0,0.0,129.0,41.97407,0.00035,0.48,3.076,-1.0,0.811491,0.6229447450980391,7.024112654320987,0.19630695722118746,0.332069987020964,3.8295764543599815,0.20806856465738288,0.26510359485851037,0.23789858542572564,0.1541724074838714,51.171148794668696,0.27789539507313965,0.5145943666119851,68227.41336067244,90.06545162270548,0.2147719853418967,0.15466442001895697,88.4144876180436,86.88853061608378,611.5517070954378,40863.81414095022,5.107645576826701,0.23808132425297115
27,327,75.4728,10.4356,68,16.0829,0,121,117,16,137,13,0.98729,78.54436,0.0,0.0,0.39286,4.315,8.578,0.0,0.0,129.0,41.90758,0.00025,0.49,2.975,-1.0,0.786438,0.6224772549019608,6.963011188271605,0.1969422328639133,0.3312657587236759,5.571542513758778,0.20886767764349837,0.26440916607904186,0.23860246228716256,0.1532935145624154,51.244171519338344,0.27638308276987594,0.5145943666119802,68123.64355532367,90.13516595870085,0.21496365354719651,0.15508101224582765,88.51152682436562,87.54121063032684,611.3960149030214,40375.50386701055,5.057176333855467,0.23773052905969946
28,328,75.4379,10.4864,68,16.1118,0,121,117,16,137,13,0.98574,78.49797,0.0,0.0,0.71429,4.302,8.98017,0.0,0.0,129.0,41.88627,0.00043,0.47,3.131,-1.0,0.795943,0.6222219607843138,7.109712577160494,0.19715321599684774,0.3303364625766566,4.186933358048243,0.20978259597883203,0.26363340626493176,0.23917447661015806,0.1525449880372819,51.23762361502941,0.2761074028456325,0.5145943666119809,68131.78110519193,90.11178066308977,0.21515196834888836,0.1554699509469024,88.29445645578679,86.97024310061718,611.203252809451,40458.68262671046,5.17670631995338,0.2376738341219513
29,329,75.6267,10.1925,68,15.8516,0,121,117,16,137,13,0.9778,78.70156,0.0,0.0,0.5,4.29,9.02433,0.0,0.0,129.0,41.89691,0.00039,0.48,2.779,-1.0,0.763863,0.6222113725490196,7.373215663580247,0.1968368266761278,0.3290125148606777,3.445380170037673,0.21046859001660156,0.2626091358142882,0.24017951824595993,0.15177077287106755,51.226167655285494,0.2749083635054314,0.5145943666119802,68173.59737938488,90.05340729078439,0.21496222914777396,0.1557609413921921,88.140828781826,86.92726109607516,610.9830725235128,40600.62648453937,5.2087048787228944,0.23727395667727053
30,330,75.4249,9.81045,68,15.9562,0,121,117,16,137,12,0.98255,78.44747,0.0,0.0,0.21429,4.291,8.77266,0.0,0.0,128.0,41.69895,0.00041,0.47,2.983,-1.0,0.777823,0.6191831372549019,8.393373842592593,0.19713197788532869,0.32775949796740544,5.889709841386265,0.210844472154428,0.2615580354481797,0.24136157619951384,0.15078995689183486,51.29751812970197,0.2738856721003244,0.5145943666119789,68189.05605297949,90.07591834193241,0.2149503023946502,0.1557927445054821,87.56319876971861,86.59402388678171,610.754343392445,40200.63535039124,5.184319718405109,0.23716857324219623
31,331,75.2,9.81853,67,16.0222,0,121,118,16,137,12,1.01231,78.20013,0.0,0.0,0.14286,4.266,8.44663,0.0,0.0,127.0,41.33196,0.00042,0.47,2.846,-1.0,0.74104,0.6121498039215687,8.518132716049383,0.19724339963821214,0.3266488681501103,6.455593014508734,0.21059483346515867,0.2604944368728525,0.24202256890774113,0.14999471737413672,51.389871856312695,0.27412368999285985,0.5145943666119749,68031.79032471712,90.1168372182442,0.21491001616777428,0.15589702378574286,86.41321841173215,88.24429624193492,610.5752261934624,39676.284833958096,5.199709836297333,0.23664657502005856
32,332,75.2222,9.9851,67,15.2462,0,121,117,16,137,12,1.01642,78.26455,0.0,0.0,0.46429,4.292,8.4505,0.0,0.0,127.0,41.31505,0.0003,0.46,2.756,0.28292,0.753021,0.6119164705882353,8.410976080246913,0.19746161160579356,0.32556804740244205,6.961677222957173,0.21007132057499167,0.2598140951161125,0.24269585272862948,0.14953863803028158,51.4253436430001,0.2735210441921843,0.5129709516761455,68058.84311689888,90.12325899165553,0.2152189545878792,0.15629171605231823,86.37847788636665,85.40431720578749,610.3656733580245,39634.8465241713,5.091325147413711,0.23653109007532053
33,333,75.2165,10.3545,67,15.457,0,121,117,16,137,12,0.99782,78.19921,0.0,0.0,0.35714,4.279,8.59661,0.0,0.0,127.0,41.31756,0.00045,0.47,2.755,-1.0,0.736248,0.6114223529411764,8.352864583333334,0.1980047967631664,0.3243706043678318,7.547347023101806,0.20964002981761007,0.2596415474653772,0.24290568247160038,0.1488383705685455,51.46038535789207,0.2713093494977469,0.5145943666119753,67980.497682321,90.10214757559021,0.21573379718239025,0.15697012473235109,86.38774339507056,85.48142570370369,610.1347012546631,39666.54270546384,5.099137340172387,0.2359397143204618
34,334,75.2649,10.1968,67,15.6996,0,121,117,16,137,12,1.0047,78.24873,0.0,0.0,0.32143,4.286,8.91576,0.0,0.0,127.0,41.314,0.00056,0.47,3.151,-1.0,0.727532,0.6113517647058824,8.441792052469136,0.19874611822453692,0.3229370426987675,5.355085537740872,0.2100854727198977,0.2594632373739505,0.2433495941881971,0.14921895755198256,51.41798532744984,0.2696245261987256,0.5145943666119778,68047.39779926748,90.09263363256288,0.21622641542103138,0.1579876775678036,86.15871540037432,87.0261644429841,609.8776970571108,39721.31287181312,5.162460220778597,0.2359395256828541
35,335,75.2984,10.1398,67,15.393,0,121,117,16,137,12,1.01157,78.25592,0.0,0.0,0.17857,4.277,8.77749,0.0,0.0,127.0,41.28846,0.00042,0.48,2.974,-1.0,0.742361,0.6102311568627444,9.069492669753087,0.19948703238331816,0.321309063630789,7.901098722017594,0.21054913434965208,0.2593898258663772,0.24389398058646106,0.14854409590712933,51.399053879726075,0.26916849777130947,0.5129709516761451,68079.12657672346,90.09729889978092,0.21699837576601405,0.15908521541077741,86.05412145773508,86.06308717837913,609.5925975942461,39690.130678448295,5.162037265404413,0.23543241854125918
36,336,75.1646,10.3992,67,15.2285,0,121,117,16,137,12,1.00293,78.13055,0.0,0.0,0.17857,4.283,8.72441,0.0,0.0,127.0,41.26008,0.00065,0.47,3.372,-1.0,0.730883,0.6092854901960785,9.231626157407407,0.20032633027758082,0.3200189541223007,6.2299354148581285,0.2105811367261195,0.25943056763610794,0.24464547877971224,0.14781459231686925,51.50962264449508,0.2689891434233055,0.5123767405687488,68139.04114816648,90.13780788299687,0.21782711405320995,0.16015543691501335,86.14266148006475,87.69183293342999,609.287076158576,39780.60038238126,5.1953286253578765,0.23529106519144735
37,337,75.1376,10.7162,67,15.7893,0,121,117,16,137,12,1.01624,78.06595,0.0,0.0,0.28571,4.297,8.95065,0.0,0.0,127.0,41.25679,0.00087,0.46,2.974,-1.0,0.705978,0.6100937254901961,9.348910108024691,0.20060259249725884,0.3185267242826184,6.127370626152456,0.21106576164358748,0.2594887326884189,0.24508090081655995,0.14714646135920048,51.4325457914376,0.2681385582203761,0.5123767405687458,67986.62728156419,90.17831570254171,0.21859538570285386,0.16110053854498543,85.8992090811781,88.35024025279483,608.9477748358566,39383.59078885915,5.248656209684422,0.23517915771993525
38,338,75.0875,10.5571,67,16.2782,0,121,117,16,137,12,1.02525,78.012,0.0,0.0,0.14286,4.295,9.22757,0.0,0.0,127.0,41.2542,0.00047,0.46,2.998,-1.0,0.698815,0.610378431372549,9.407455632716049,0.20085355549571626,0.3167126739878509,5.273073171233142,0.21159270785033954,0.2593499701222072,0.24579443836914355,0.14655262590452647,51.39665127977913,0.2673289996243045,0.5123767405687449,67951.94432419403,90.17768694875033,0.21889018881288005,0.16193108991207653,85.88387972485762,85.65995014511128,608.5603656199004,39413.05936647347,5.316302439728052,0.23498308279189364
39,339,74.9801,10.2424,67,15.8099,0,121,117,16,137,12,1.01405,77.95309,0.0,0.0,0.53571,4.32,9.09052,0.0,0.0,127.0,41.24742,0.00019,0.46,3.338,-1.0,0.701366,0.6106577254901959,9.724488811728396,0.2007106770959829,0.31489460264606545,5.800786842453461,0.21141917978480776,0.25897509078966197,0.2461813848800938,0.1459463029783428,51.41104182490596,0.266738892416499,0.5101591145255157,67986.45415716094,90.20560944694859,0.21914426428824915,0.16264917618752348,85.8631258769326,85.88839980227011,608.1579892923434,39204.39917115676,5.259801241350117,0.23479097321976922
40,340,75.0333,10.4531,67,15.0778,0,121,117,16,137,12,1.00271,77.97091,0.0,0.0,0.5,4.287,8.8183,0.0,0.0,127.0,41.23274,0.00024,0.46,2.905,0.27521,0.677874,0.6103701960784313,10.317997685185185,0.20056270173428056,0.31348052580970953,4.763305007189078,0.21123449212535808,0.258569517541728,0.24680062099213146,0.14534295899009228,51.35157625174816,0.26699976861087743,0.5123767405687486,67995.05134611469,90.16425076412604,0.21959492347658732,0.16343341613164608,85.80169499857763,89.56493871589109,607.7090215426941,39177.727810665274,5.182186141831509,0.23477472046187423
41,341,74.7356,11.0282,66,15.8085,0,121,117,16,137,12,0.98833,77.70187,0.0,0.0,0.92857,4.322,9.00006,0.0,0.0,127.0,41.23296,0.00035,0.46,2.783,-1.0,0.672861,0.6108462745098039,10.452256944444445,0.20028108284979468,0.3125147279527302,5.69340414544406,0.21092492534171617,0.25789697295958136,0.24745502998648783,0.1449282431172999,51.456197102864586,0.2682652029587387,0.5123767405687466,68055.5814631234,90.22920025967514,0.2197863187379525,0.16379382919108718,85.66961888531814,85.60841548593044,607.2551515131582,38903.36195050834,5.263455759445101,0.234690444601046
42,342,74.4638,11.0739,66,17.0877,0,121,117,16,137,12,0.99807,77.44635,0.0,0.0,0.57143,4.291,9.49608,0.0,0.0,127.0,41.2166,0.00025,0.46,3.358,-1.0,0.70119,0.6099027450980391,10.619309413580247,0.19992546120463275,0.31161516339925444,7.734129330434334,0.2103370135424555,0.2573292318736363,0.24788235924954402,0.14454133144324133,51.42865837944879,0.2695394835618789,0.5123767405687479,68086.49303060045,90.24084954009331,0.22010260585375935,0.16370343906044293,85.50557108712432,86.48319285921589,606.7801638592578,38545.51615326359,5.363138814267334,0.23446003962362086
43,343,74.4757,10.7697,66,16.9593,0,121,117,16,137,12,1.01548,77.47004,0.0,0.0,0.32143,4.325,9.53913,0.0,0.0,127.0,41.20648,0.00053,0.47,2.749,-1.0,0.677959,0.6100807843137255,10.901331018518519,0.19967980078846426,0.31062786925196606,6.501654598460825,0.2100054830005223,0.2568151717253469,0.247923115411562,0.14427694951198924,51.44561108247734,0.26901757484430294,0.512376740568747,67880.1812125035,90.2413816021823,0.21977741570829237,0.1632779211369421,85.4887952615805,87.63276625778383,606.2889210578102,38606.75827703323,5.371276643678094,0.23426782826711662
44,344,74.6669,10.9393,66,16.0543,0,121,117,16,137,12,1.01589,77.61587,0.0,0.0,0.71429,4.293,9.27391,0.0,0.0,127.0,41.18995,0.00037,0.47,3.194,-1.0,0.650878,0.6093803921568628,11.023341049382717,0.19935861043822967,0.3096198249867825,5.1764160236246735,0.20977024790520257,0.25650479892376193,0.2482953669410054,0.14395362636370032,51.3803315339265,0.2680187943129407,0.5123767405687518,67881.89771083975,90.14812221280572,0.2198894911084247,0.16300458665690432,85.32380015549438,87.55383398694994,605.7716478985121,38627.34000447735,5.301750774818841,0.23410280355724336
45,345,74.4388,10.9366,66,16.5366,0,121,117,16,137,12,1.00393,77.3428,0.0,0.0,0.85714,4.296,9.42291,0.0,0.0,127.0,41.15713,0.00031,0.48,2.935,-1.0,0.672793,0.6089627647058823,11.523726851851851,0.19938539631091337,0.308658173557331,8.036435929140115,0.2098329952877401,0.25638564636044575,0.24832086987559504,0.14383565249405392,51.40411829065393,0.2669193131434655,0.5085356995896843,67811.21453453384,90.17883146834421,0.21981808496709868,0.1630078882970057,85.10573878489464,86.2782096037998,605.2371625022345,38440.85989886588,5.356339149490269,0.23380238574151274
46,346,74.2965,11.1306,66,15.0444,0,121,117,16,137,12,0.9828,77.23362,0.0,0.0,1.21429,4.326,9.41796,0.0,0.0,127.0,41.13746,0.00058,0.48,3.227,-1.0,0.678191,0.6082290196078431,11.701147762345679,0.19906123205346496,0.3076046201923307,6.321527617575438,0.2098432097522998,0.2565818753176794,0.24837394532878612,0.144194915826756,51.46543111918886,0.2669501653343868,0.5107533256329159,67873.56793550529,90.21583847830554,0.21939245387796824,0.16316699145126284,85.19620710999841,85.62388145762534,604.6768267161528,38230.11519635047,5.331332165191641,0.2336410411573548
47,347,74.625,10.896,66,16.1461,0,121,117,16,137,12,0.97022,77.52481,0.0,0.0,0.35714,4.308,9.5874,0.0,0.0,127.0,41.15487,0.00076,0.47,2.903,-1.0,0.658617,0.6082713725490196,11.756558641975309,0.198769055598711,0.306525433213769,5.879392714157717,0.2097332671452174,0.2568892721341402,0.24852648691175167,0.14394116472951754,51.352406819661454,0.26756472992855523,0.512376740568745,67870.42507709943,90.14690607247715,0.21933375484962253,0.16349920439725674,84.96650997706914,87.03873986717522,604.0887780948485,38754.42123733974,5.354869336487484,0.233394197932323
48,348,74.6542,11.1117,66,16.6856,0,121,117,16,137,12,0.97325,77.51317,0.0,0.0,0.60714,4.308,9.38616,0.0,0.0,128.0,41.12305,0.00087,0.48,2.996,0.25965,0.671038,0.608406274509804,11.815152391975309,0.19864321849900068,0.30576154939083283,6.215200603638748,0.2099371182932912,0.25763780873796027,0.24866481340539381,0.14314016658720302,51.43169657389323,0.2680561017575692,0.5107533256329112,68067.53580018513,90.14797740074602,0.2186986424677909,0.16393505721407486,84.8723919763116,87.96929768037846,603.4770167932622,38725.64813590303,5.308500461301077,0.23303275117344807
49,349,74.539,11.5021,66,16.9699,0,121,117,16,137,12,0.99551,77.33853,0.0,0.0,0.39286,4.302,9.56957,0.0,0.0,128.0,41.09235,0.00073,0.47,3.144,-1.0,0.664533,0.6080117647058823,11.919463734567902,0.19841757220110612,0.3048750697387825,5.048405142780291,0.21017279574992193,0.2579846904065282,0.24863975488600779,0.14265134066154697,51.37435592839748,0.26814031668563904,0.5041004475032262,67822.54248380361,90.17407193649541,0.2182953720644159,0.16470023193349398,84.83280512442057,85.47836110276513,602.8355280664761,38582.593627738,5.3475748741336036,0.23265769495019484
50,350,74.7204,11.4628,66,18.6258,0,121,117,16,137,12,1.01005,77.50752,0.0,0.0,0.32143,4.328,9.90963,0.0,0.0,128.0,41.11864,0.00053,0.47,2.992,-1.0,0.682895,0.6093200000000001,12.293788580246913,0.19816374845932794,0.3041726828611859,5.559752087424169,0.21052338517427166,0.25819736332100235,0.24854862510284007,0.14303538224902326,51.4446576907311,0.26795213698441767,0.5063180735464549,67855.95601961421,90.14557264852492,0.2179236382239436,0.16561591193549577,84.74796326982337,85.40981053523686,602.1609824709666,38932.19718425363,5.411916973250798,0.23217468592625354
51,351,74.6235,11.3223,66,18.2228,0,121,117,16,137,12,1.00158,77.35802,0.0,0.0,0.25,4.32,9.87468,0.0,0.0,128.0,41.07434,0.00044,0.46,3.27,-1.0,0.633081,0.608672156862745,12.492476851851851,0.19794325622042522,0.30314096530605383,5.611506741455381,0.21101565077484682,0.2585297591957352,0.24853959681099613,0.14339015843222397,51.36902269904996,0.26807039674654976,0.50247703256739,67900.69657725657,90.14343568880602,0.21743377622723747,0.16658572398196833,84.68173482374424,87.3098068647216,601.4443125730284,38726.66917703177,5.412172102518909,0.23178035759324045
52,352,74.4951,11.172,66,18.0454,0,121,117,15,137,12,0.99154,77.23958,0.0,0.0,0.32143,4.31,9.74825,0.0,0.0,128.0,41.02878,0.00038,0.47,3.238,-1.0,0.667572,0.608553725490196,12.558690200617283,0.19779753838190953,0.3022425761713214,5.3401002216889655,0.21116564367941712,0.2588053490112669,0.24874101206898958,0.14341272805865998,51.41394796489197,0.2689792406362251,0.5024770325673856,67839.39414639807,90.16736688139105,0.21678963709574833,0.1674074679948565,84.42588629531453,85.46537833098711,600.7090471997222,38559.62998045984,5.356850938793488,0.2316045704830071
53,353,74.7048,11.7573,66,17.9609,0,121,117,15,137,12,0.98972,77.37099,0.0,0.0,0.92857,4.281,9.61709,0.0,0.0,127.0,40.99935,0.00032,0.46,2.987,-1.0,0.666789,0.6076686274509804,12.518132716049383,0.19758426314125285,0.3014112380999779,4.844382221056094,0.21122551755120064,0.2587977113989999,0.2489200807360711,0.1432445719543378,51.4573482937283,0.27012509889077496,0.50247703256739,67975.14990889582,90.12675400064438,0.21615702447520393,0.16816536106509133,84.30333260246658,88.10349994801143,599.9550429235538,38993.84530723442,5.290119038292088,0.23125066053386123
54,354,74.6099,11.5308,66,17.6557,0,121,117,16,137,12,0.99743,77.24572,0.0,0.0,1.46429,4.307,10.12364,0.0,0.0,127.0,40.95929,0.00037,0.46,3.219,-1.0,0.685056,0.6071356862745099,12.625916280864198,0.1975036410962715,0.3005177362526474,5.650769604219359,0.21115092475468009,0.25901352338195516,0.24895386884182863,0.14239452641397787,51.392559852129146,0.2709916583263585,0.49804178048093667,67906.51600253882,90.16024524655137,0.21568238567382042,0.1689070165118258,84.17094376339561,87.15017899127608,599.2001902971107,38629.76606655802,5.366416488302592,0.23087907121824602
55,355,74.3662,11.6284,65,16.9261,0,121,117,15,137,12,1.01601,76.98862,0.0,0.0,1.03571,4.32,9.93305,0.0,0.0,128.0,40.81776,0.00058,0.46,3.075,-1.0,0.655634,0.6051000000000001,12.966917438271604,0.19769240354591575,0.29987197281513944,6.184719847025365,0.21114628822046358,0.2589004857503077,0.24876905008233077,0.14208141755495476,52.037224286868245,0.27182473060393364,0.500259406524159,67917.76937167607,90.17609253582435,0.2150672649531001,0.1691455553384611,83.4810017684144,86.11116118502464,598.2887926541545,38073.52277815628,5.4853222153135865,0.23051585734979602
56,356,73.8761,11.7868,65,17.6419,0,121,116,14,137,12,1.01466,76.47906,0.0,0.0,0.75,4.314,10.0166,0.0,0.0,128.0,40.64366,0.00053,0.47,3.461,0.27765,0.680618,0.6018121568627451,13.232880015432098,0.19783906530764475,0.2993407501752094,6.624230534774674,0.21142639773915867,0.25901107648267907,0.24862085374307807,0.14234117569502527,52.84742209352093,0.2723532100552501,0.49582415443769934,67824.84000051011,90.2624528262732,0.2144399177397834,0.1688629960588366,83.08312808337156,87.52771686626701,597.1763946600331,37240.235023097106,5.509234817483908,0.23021884358125327
57,357,73.8537,11.5787,65,17.1044,0,121,116,14,137,12,0.98954,76.43063,0.0,0.0,1.03571,4.297,10.14854,0.0,0.0,129.0,40.68818,0.00076,0.46,3.015,-1.0,0.676382,0.6022294117647058,13.294174382716049,0.19780196450662846,0.2987189961153112,7.241241576624881,0.21141076671827524,0.25920324607810724,0.24835600868491695,0.14284071339581042,52.881092589578515,0.2730491677028072,0.4980417804809347,67968.86490365249,90.25567164781745,0.21368873637629598,0.16847405987297434,83.31672786282923,85.56946161714995,596.0956909502194,37419.927214592084,5.4076811600305525,0.23003710531954366
58,358,73.4801,11.7177,64,16.6059,0,121,116,14,137,12,0.9761,76.1007,0.0,0.0,1.53571,4.304,9.97062,0.0,0.0,128.0,40.7167,0.00046,0.46,3.512,-1.0,0.693641,0.6027741764705881,13.189380787037036,0.1975443985579273,0.2992749399208823,6.76693471179585,0.2115479078289662,0.25929878696494657,0.2481467858806,0.14263202617887102,52.83617297513985,0.2750526412799003,0.49641836554509644,68012.95614595243,90.24065734672706,0.21301144735310618,0.16812320931580943,82.97489259274676,87.18065417126965,595.028830222715,36817.76691483005,5.325012377060134,0.22991054461087515
59,359,73.5419,11.5498,64,16.9374,0,120,116,14,137,12,0.9654,76.1937,0.0,0.0,0.92857,4.283,10.09027,0.0,0.0,129.0,40.77945,0.00056,0.46,3.082,-1.0,0.660775,0.6042603921568627,13.193383487654321,0.19722369293587574,0.29942362616511836,5.887764731269153,0.21165844937966777,0.25927250325495077,0.2476432721765106,0.1420314802808269,52.94477580506125,0.276988575238462,0.4980417804809288,68123.32448454245,90.2336305725751,0.2124559422077364,0.16782899428690112,82.7673133602844,89.01858432563166,593.9754179061979,36866.47172330759,5.39251612545786,0.22986717054998254
60,360,73.3783,11.2965,64,17.5551,0,120,116,14,137,12,0.97995,76.01393,0.0,0.0,1.07143,4.283,9.94362,0.0,0.0,129.0,40.78348,0.00051,0.46,3.298,-1.0,0.689153,0.6044188431372534,13.317708333333334,0.196702458474199,0.29839182785269136,7.353176087094367,0.21187121417346125,0.25887917386347736,0.24734952259219148,0.14108094323190215,52.96418197066696,0.2776064680822621,0.49804178048092806,68086.11886201655,90.31098836218463,0.21229032254112754,0.16786984450156053,82.76440590418349,87.5554600521694,592.9274046942361,36800.9566457111,5.414765528786882,0.22950757455913137
61,361,73.5619,10.751,65,17.3544,0,120,116,15,137,12,1.00038,76.23528,0.0,0.0,1.25,4.266,9.72759,0.0,0.0,129.0,40.94846,0.00059,0.47,3.066,-1.0,0.64794,0.6076286078431363,13.360050154320987,0.19633418286858167,0.29688048015285284,5.02093695952525,0.2123466133056582,0.2587132627074918,0.24728451914535574,0.14084941001087686,53.235912746853295,0.27851928469047743,0.5002594065241573,68172.09184053846,90.27401499580003,0.21218543551431154,0.16791503351096881,81.98432926178532,87.39712972777268,591.8868471481874,36872.67759508116,5.434785638194718,0.2296971026221659
62,362,73.7217,11.0512,65,16.2989,0,120,116,15,137,12,1.00988,76.41477,0.0,0.0,0.64286,4.262,9.25636,0.0,0.0,129.0,40.96101,0.00068,0.47,3.208,-1.0,0.636859,0.6076430196078431,13.133246527777779,0.1961694220012221,0.2957946304542642,5.688097527022279,0.2129704782563773,0.25859818188660216,0.2474914550962254,0.14130658408475325,53.19268497419946,0.2795530197287051,0.5002594065241591,68298.39186152401,90.2203870628184,0.21191441190963073,0.16787124950617585,81.90082043601473,88.23518581373261,590.8382927386649,37022.52817735499,5.231619057515843,0.22999509768863055
63,363,73.4513,10.8798,65,15.7555,0,120,116,15,137,12,1.01896,76.14452,0.0,0.0,0.32143,4.278,9.51592,0.0,0.0,129.0,40.96005,0.00063,0.48,2.905,-1.0,0.622981,0.6070737058823514,12.903260030864198,0.1961359576248722,0.2944649415857914,6.255199529127101,0.21390503534196462,0.25893495071872724,0.24790840794481697,0.14173525934707695,53.21902729552469,0.28083912879186157,0.5002594065241618,68000.60403852949,90.3243098191081,0.211771212509701,0.16786003968723687,81.79145329113813,87.42369025530525,589.800577541708,36634.092993762926,5.275051257235413,0.23028359546028318
64,364,73.4297,11.1544,65,16.8378,0,120,116,15,137,12,1.00809,76.13214,0.0,0.0,0.5,4.277,9.36598,0.0,0.0,129.0,40.96416,0.00024,0.47,2.949,0.25836,0.612628,0.6062992156862745,12.694540895061728,0.19633836395103005,0.2930379669611149,6.051862770628206,0.21503495391233865,0.2592000609437516,0.24845302795303062,0.141603291107452,53.29981787410784,0.28249981114021,0.5002594065241638,68072.07412149633,90.34940144389603,0.2116037666578759,0.16790631829428188,81.71387492997628,88.12828731306175,588.7902375397503,36665.51829431499,5.215565272319493,0.23037677825205596
65,365,73.5297,11.4207,64,16.5555,0,120,116,14,137,12,0.99561,76.20641,0.0,0.0,0.96429,4.288,9.60741,0.0,0.0,129.0,40.92958,0.00049,0.47,3.231,-1.0,0.631734,0.6062317647058824,12.622347608024691,0.19659070136949944,0.2916924479371232,6.009876388982569,0.21615040650766876,0.2597237224437126,0.24896168067827704,0.14175041691824938,53.30465961974345,0.2842519941922989,0.5002594065241602,68068.3954258966,90.26370248797058,0.21152014680448836,0.1677568974861218,81.52613855027369,87.79307880526217,587.7808251534476,36825.046114268014,5.25793889512774,0.23095869403376695
66,366,73.5484,11.2571,64,16.512,0,120,116,15,137,12,0.99401,76.1943,0.0,0.0,0.5,4.285,9.83364,0.0,0.0,129.0,40.85867,0.00053,0.48,3.214,-1.0,0.638602,0.6058725490196079,12.593460648148149,0.1968646036474572,0.28995571368558654,6.5134971162081525,0.2175209035326169,0.2598703514160852,0.24910073932640778,0.1424998235541812,53.32121879671827,0.28654965303175495,0.5002594065241556,68058.02029187362,90.30714217396316,0.21154016389901265,0.16767543939113458,81.38353614682295,86.51772047723902,586.7791577179754,36960.56112800023,5.296532800744478,0.2314673733326921
67,367,73.5773,11.5524,64,16.7549,0,120,116,14,137,12,1.01303,76.20917,0.0,0.0,0.35714,4.297,9.69935,0.0,0.0,129.0,40.79295,0.00039,0.47,3.108,-1.0,0.596952,0.6046658235294105,12.428337191358025,0.19710420804493883,0.28797832970337245,7.004611602666413,0.21835624340541496,0.26000026583691216,0.2490961879270199,0.14249987273671377,53.38011395489728,0.28950516462851145,0.5002594065241587,68072.25874564493,90.28454810659603,0.21144855428003476,0.16771592290328044,81.19072448858972,88.140013906284,585.7786265485253,36888.66343552216,5.255006217130308,0.23178521965047633
68,368,73.5491,11.2337,64,16.8487,0,120,116,14,137,12,1.01846,76.11249,0.0,0.0,0.39286,4.289,9.95322,0.0,0.0,129.0,40.74694,0.00082,0.46,2.959,-1.0,0.600616,0.603297431372549,12.329330632716049,0.1973235593967067,0.2859996886219451,6.47676700174313,0.2188699078918975,0.2600461291713862,0.24905666359440295,0.14264201716668984,53.414904559100115,0.2916411896964604,0.5002594065241569,68209.11618389434,90.26780484942148,0.21132550937282835,0.16774157685910962,80.72712210056824,88.1121176389617,584.7752967796562,36918.63612004587,5.30069471738212,0.23267765873847357
69,369,73.4013,11.674,64,16.3097,0,120,116,14,137,12,1.00803,75.94772,0.0,0.0,0.10714,4.277,9.67826,0.0,0.0,129.0,40.73128,0.00078,0.46,3.218,-1.0,0.600058,0.6045262745098039,12.09326774691358,0.19713736986659472,0.28368217705217386,6.018490703010826,0.2190150958501144,0.26039916786199496,0.249214768085832,0.14346405945164944,53.39247847192081,0.2931171560597525,0.4980417804809343,68245.4614461757,90.32356392968454,0.21136130035033707,0.16815945567116966,80.48409957626455,88.25560031961561,583.7611175213101,36943.05799599883,5.23561915915215,0.23263184093094172
70,370,73.3807,11.6003,64,16.8549,0,120,116,14,137,12,0.99685,75.90663,0.0,0.0,0.35714,4.282,10.05563,0.0,0.0,129.0,40.69408,0.00077,0.46,3.115,-1.0,0.575939,0.6039239215686275,11.911265432098766,0.19694814139599046,0.28148806033182383,7.001182262061517,0.2189647888640101,0.26055969583304567,0.24928635173152583,0.14315176215915118,53.34753474482784,0.2948494874300579,0.5002594065241587,68142.10964623242,90.29773026439503,0.21133171779934562,0.16872093764745652,80.15113801606236,86.99794093742427,582.7459743135074,36933.426492538136,5.331797799301259,0.23232628100000507
71,371,73.3915,10.8427,65,16.6736,0,120,116,14,137,12,0.98016,75.94255,0.0,0.0,0.42857,4.302,9.99358,0.0,0.0,129.0,40.68211,0.00062,0.46,3.468,-1.0,0.538537,0.6036858823529412,11.949074074074074,0.19685172880396884,0.2787454788957652,5.344936963859253,0.21857484442502853,0.2606307183473741,0.2493145430628754,0.14389605013397322,53.417185653874895,0.2959446077016674,0.5002594065241591,68078.09653323157,90.23034287587409,0.21111751105396648,0.16927714944412645,79.71619145239637,88.77122906756355,581.733896008622,36722.558310167326,5.2932779972356,0.2323003736808501
72,372,73.2358,10.9742,64,16.2965,0,120,116,14,137,12,0.9723,75.8281,0.0,0.0,0.39286,4.285,9.33925,0.0,0.0,129.0,40.62411,0.00073,0.45,3.112,0.24126,0.534743,0.6027653725490185,11.686631944444445,0.1970019113078959,0.2759784318607231,4.442458706957109,0.21833841090412048,0.2607760757298908,0.24917064056724747,0.14514176384304667,53.330022741247106,0.29705035834567767,0.5002594065241636,67973.18338922581,90.24713024832727,0.21101514423182555,0.16985101307370828,79.07006204205675,89.28466146808415,580.7315774791028,36262.10789514749,5.133003746609363,0.2317336676183384
73,373,73.239,10.5834,64,16.4395,0,120,116,14,137,12,0.98522,75.80032,0.0,0.0,0.21429,4.262,9.45294,0.0,0.0,129.0,40.60176,0.0008,0.46,3.057,-1.0,0.490711,0.6023279019607842,11.552131558641975,0.19716539252979312,0.27337989638360255,4.205791459517078,0.2185357306161578,0.2611153957030925,0.249043226352256,0.14377737882859737,53.420680293330435,0.2991128257241282,0.5002594065241621,68072.70409262473,90.27994152765949,0.21130254713665947,0.17046706633169711,78.76381372710725,87.7775719142482,579.7504933049498,36391.5803580258,5.171334246064207,0.23144209061348908
74,374,73.1239,10.6354,64,16.3845,0,120,116,14,137,12,0.99424,75.69114,0.0,0.0,0.42857,4.252,9.11134,0.0,0.0,129.0,40.56009,0.00039,0.45,3.339,-1.0,0.493379,0.6015572549019608,11.355516975308642,0.19727471737261854,0.27170930561613865,6.063086689665946,0.2195181238844457,0.26157552772884396,0.24911741730312756,0.1434876865221947,53.43672462745948,0.302318948386844,0.5002594065241607,68215.56224549496,90.28831565287811,0.21139197887120087,0.17094926859043738,78.7940538064091,85.68852111244911,578.7957729256157,36245.58711574831,5.061346065078295,0.23108581081752758
75,375,73.3461,10.1142,64,16.4001,0,120,116,14,137,12,0.99099,75.90039,0.0,0.0,0.67857,4.261,9.15733,0.0,0.0,129.0,40.56341,0.00029,0.45,3.052,-1.0,0.462129,0.6015458823529412,11.14429012345679,0.19727706559954356,0.26995677898319864,4.116990727696896,0.22047473218007974,0.2625317978636604,0.24944067024023597,0.14423073193554503,53.45030344268422,0.30546206060956327,0.5024770325673898,68277.57363973215,90.2574258400675,0.2113088922491296,0.17140988957965272,78.641404233564,85.04889701788312,577.8679136154066,36636.96898389989,5.074620344132995,0.2307757741803159
76,376,73.1835,9.92793,64,15.0072,0,120,116,14,137,12,0.99391,75.75989,0.0,0.0,0.64286,4.267,8.70928,0.0,0.0,129.0,40.50865,0.00036,0.45,3.133,-1.0,0.481464,0.601249019607843,11.067177854938272,0.19720482920575988,0.2677703293763449,5.4924522263066775,0.22131767900404237,0.2633185481989294,0.24974338725395176,0.14413310149875144,53.46989704650126,0.3084529144074829,0.5024770325673957,68257.33447170594,90.24053779291944,0.2112686072396205,0.17185373549430677,78.33097149161193,88.60164646743115,576.9779181734774,36440.93627998544,4.941850944089757,0.23035275395366356
77,377,73.3,10.1452,65,15.0529,0,120,116,14,137,12,0.99033,75.86367,0.0,0.0,0.46429,4.261,8.54474,0.0,0.0,129.0,40.49422,0.00042,0.45,3.367,-1.0,0.462769,0.601544705882353,10.813898533950617,0.19692459433907694,0.2660104606777449,4.491444951923255,0.22202201490753679,0.2642012397887365,0.25047217255459353,0.14481790265165928,53.48099357699171,0.3115752518553805,0.5024770325673948,68311.16336090711,90.23378217274755,0.21105574252940387,0.1723667597841099,78.28118117862086,85.05634285345644,576.1229553460189,36815.64781496689,4.9327248423012575,0.2301099131056254
78,378,73.1845,10.1697,64,15.063,0,120,116,14,137,12,0.98766,75.73405,0.0,0.0,0.32143,4.273,8.73072,0.0,0.0,128.0,40.41921,0.00064,0.45,3.432,-1.0,0.492343,0.6003180392156863,10.568287037037036,0.19664385091790113,0.26386020626661116,6.029524740354946,0.22256389671980373,0.26528693777107976,0.25112682854796003,0.14632951636312533,53.4982275315273,0.31473404586039505,0.5046946586106192,68371.31789997114,90.24684000040781,0.2105041152539396,0.1726799040201791,78.30530831110877,91.24176867625262,575.2987782768186,36814.7976427449,4.991849742360906,0.2298453208469648
79,379,73.1453,10.369,64,15.0779,0,120,116,14,137,12,0.99654,75.68285,0.0,0.0,0.39286,4.254,8.75686,0.0,0.0,128.0,40.39638,0.00058,0.46,3.261,-1.0,0.459793,0.6000203921568628,10.308738425925926,0.1963017095189052,0.26117537713438005,7.853476647660938,0.2228020607128338,0.26626724883905434,0.25158616680664897,0.14671103503623334,53.51733605655623,0.3177171770819044,0.5063180735464533,68365.30418470893,90.23794620135303,0.20989730229206538,0.17285352152730873,78.20597903059762,88.83547890830033,574.5081667903527,36800.71620933904,5.018647358517669,0.2298337728031735
80,380,73.0014,10.166,64,14.5501,0,120,116,14,137,12,1.01103,75.5642,0.0,0.0,0.32143,4.289,8.92768,0.0,0.0,128.0,40.35197,0.00117,0.46,3.72,0.22119,0.500213,0.5984733333333333,10.114101080246913,0.19572300128332312,0.2586363733977784,6.676381491508524,0.22287438614285615,0.2672424471351708,0.25171490117885104,0.14746160345589843,53.51322842821663,0.32026608300564213,0.5041004475032239,68270.42097528542,90.25047655889098,0.2093099436634006,0.17305049478859535,78.44001100122327,89.23010964527964,573.7402394568363,36589.84906525716,5.028411050766758,0.22953963086282486
81,381,73.1186,9.46004,64,14.6702,0,120,116,14,137,12,1.00604,75.64956,0.0,0.0,0.53571,4.261,8.75265,0.0,0.0,128.0,40.30147,0.00063,0.46,3.511,-1.0,0.514223,0.5990931960784314,10.054301697530864,0.1952786805002611,0.2565488859118795,6.28300500003031,0.22295980665488402,0.26831562773685075,0.2517817512105571,0.14756332166600744,53.52203274950569,0.3236518351061335,0.5063180735464506,68164.28279922732,90.2348487346339,0.2087915450874498,0.17318268721464422,78.50686481190105,90.45966082909986,573.006651217178,36567.82650028938,5.002471048985313,0.22933992343635234
82,382,72.8643,9.44311,64,13.9403,0,120,116,14,137,12,0.99486,75.38527,0.0,0.0,0.57143,4.27,8.14254,0.0,0.0,128.0,40.26726,0.00056,0.46,3.533,-1.0,0.54147,0.5978407843137254,9.855324074074074,0.19485714187147926,0.25456675948231466,5.9158206323265565,0.22282272974646095,0.2696619718650937,0.2519516815343111,0.14758943867151936,53.59315264666522,0.32741689066029644,0.500259406524168,68038.45420685354,90.27875297769165,0.20835205052397288,0.17329963022855907,78.547414022446,90.2735571662057,572.2955942565948,36148.71129841855,4.875980779387547,0.22932872809481272
83,383,72.6264,9.9355,64,13.735,0,120,116,14,137,12,0.98523,75.21368,0.0,0.0,0.75,4.262,8.12554,0.0,0.0,127.0,40.23229,0.00036,0.46,3.584,-1.0,0.522109,0.5958174313725484,9.654899691358025,0.19440055268890005,0.25273611977306654,5.814955449745503,0.22276435700490865,0.27093084137977247,0.2523362661310875,0.1470471026602953,53.50192882396557,0.32965200814997014,0.506318073546455,68067.99547870958,90.26051864845206,0.20732659770651643,0.17335783326949458,78.48593018091931,85.108217376557,571.6062567300365,35594.63022523826,4.903767523510869,0.2293744097416405
84,384,72.6332,9.64252,64,14.867,0,120,116,14,137,12,0.98201,75.19241,0.0,0.0,1.07143,4.265,8.5542,0.0,0.0,127.0,40.20757,0.00062,0.46,3.889,-1.0,0.537553,0.5951529411764707,9.488088348765432,0.19415915540501846,0.2508290676880456,5.583024812693459,0.22277037832639676,0.2724231342127653,0.25248494909596664,0.14708822360539356,53.56795567642023,0.33175835434468787,0.5063180735464486,68101.76763576639,90.27257556444863,0.20643523135577152,0.17340301437551314,78.35011460371823,85.35948663099082,570.9419489354154,35601.49052200143,5.011288023228057,0.229353017381668
85,385,72.453,9.35392,64,14.4685,0,120,116,14,137,12,0.99703,75.00677,0.0,0.0,0.75,4.264,8.30156,0.0,0.0,126.0,40.20247,0.00067,0.46,3.623,-1.0,0.558746,0.5949749019607843,9.365547839506172,0.19428546141700312,0.24851107467446493,8.232263935401853,0.22247270061741084,0.27387894450613964,0.25248833427626277,0.14764509597122427,53.691107667522665,0.3341007913473317,0.5002594065241635,68130.98534882607,90.32001547575322,0.20552310340829402,0.17377845397260278,78.70120307261169,85.13464452726599,570.2909195506435,35430.80305283526,4.956079345553688,0.22955340180303133
86,386,72.7802,9.07625,64,14.8956,0,120,116,14,137,12,1.00719,75.36484,0.0,0.0,0.5,4.254,8.05796,0.0,0.0,127.0,40.34697,0.00066,0.46,3.474,-1.0,0.58623,0.5955137254901961,9.459731867283951,0.19392043827370872,0.24584940378955153,7.954179539137147,0.22204772069076917,0.2752844131868911,0.25270234201923836,0.14824993785516974,53.567731692467206,0.33668582975406586,0.5046946586106198,68293.12720483555,90.23400924759854,0.20449422255131605,0.17423682300169632,80.13133435542747,88.97815324779756,569.6151347144405,35910.11330022571,4.98602615861809,0.23006007309561044
87,387,72.4165,8.8574,64,13.6943,0,120,116,14,137,12,1.0068,75.03123,0.0,0.0,0.53571,4.26,7.81244,0.0,0.0,127.0,40.32375,0.00083,0.46,3.73,-1.0,0.601131,0.5939701960784314,9.37061149691358,0.19381197985261364,0.24373798122419024,7.008634825211992,0.22220060584271756,0.27694562946045914,0.2530959631697918,0.1501931705707356,53.48467640817901,0.3390813403534608,0.504694658610619,68149.20908058851,90.33881225235643,0.20355762241000394,0.17468380638418649,80.06817641158203,88.791342072955,568.9629951197963,35444.30793593536,4.811896005868819,0.23072823094085435
88,388,72.3676,9.06678,64,13.2063,0,120,116,14,137,12,0.99394,74.94298,0.0,0.0,0.42857,4.244,7.62306,0.0,0.0,127.0,40.30268,0.00086,0.45,3.245,0.23032,0.590655,0.5939708627450971,9.306471836419753,0.19364720459275722,0.24149232222200429,6.28757820264783,0.22174325232423592,0.2786025073219898,0.2535394611345915,0.1512813131346794,53.47795688958815,0.34158404126213127,0.50025940652416,68061.53946909987,90.2830863540218,0.2025085452339544,0.17514254468862378,80.02963347689723,90.75604527325038,568.3165880493573,35232.68340090661,4.807900506333985,0.23125517487848335
89,389,72.3909,9.0596,64,13.9449,0,120,116,13,137,11,0.99315,74.95668,0.0,0.0,0.78571,4.237,7.8084,0.0,0.0,126.0,40.12463,0.00089,0.47,3.752,-1.0,0.620755,0.5916803921568627,9.127507716049383,0.19370358400495347,0.23957283505145444,6.393072193080446,0.22116371746908953,0.2801592343718755,0.2535545432323093,0.15275161343803542,54.49678359796971,0.3438498928377944,0.5002594065241623,67990.00186654551,90.25975348162535,0.20175679154371148,0.17591906384227302,80.00344998426522,89.60902971534172,567.6355799728409,34738.696833895374,5.011320437726787,0.2316467705167728
90,390,72.1438,8.94984,64,13.7633,0,120,116,13,137,12,0.98757,74.69813,0.0,0.0,0.78571,4.257,7.80118,0.0,0.0,126.0,40.04816,0.00061,0.45,3.369,-1.0,0.64051,0.5894956862745098,9.090711805555555,0.1934930309150517,0.2373892674400178,6.839450351908904,0.22049423365560927,0.28172859091126623,0.2532013195773803,0.15368018556355442,54.687839084201386,0.3462856353556035,0.5002594065241596,67992.36416874216,90.31389561158457,0.2009528918251648,0.17690817046411922,80.18123648244256,88.47324206334093,566.9529692021761,34442.94652524666,4.88950043523598,0.2319287133002616
91,391,72.0458,9.06839,64,13.2065,0,120,115,13,137,12,0.98522,74.55724,0.0,0.0,0.82143,4.228,7.70877,0.0,0.0,126.0,40.03475,0.00073,0.45,3.678,-1.0,0.598462,0.5886564705882353,9.047743055555555,0.1932466995610115,0.23536326606644994,6.341390746382647,0.22026348769915485,0.28291613398175464,0.2529377225252466,0.1551439906261705,54.71521542396074,0.3486627862902999,0.5002594065241577,68096.71161744784,90.3467962074891,0.20011218110579418,0.17774743124975034,80.0428207522126,86.9697129243669,566.2948157804036,34609.84613094484,4.80650604093057,0.23271805554501618
92,392,71.928,9.02883,63,13.1755,0,120,115,13,137,12,1.01075,74.49536,0.0,0.0,0.28571,4.223,7.8033,0.0,0.0,126.0,39.99442,0.00083,0.45,3.503,-1.0,0.622243,0.5881654901960784,8.921537422839506,0.19285473758333718,0.2335579771669658,5.817474098440688,0.22040131015627498,0.2839953433861396,0.25265001921801605,0.15695571223070492,54.68531516746239,0.3515181400928133,0.5002594065241583,68010.75990588489,90.3653860926137,0.19904773059241967,0.17839282414632243,80.28037260252968,88.01482327386994,565.6576846087396,34429.93555269491,4.836398975227572,0.23299503216642736
93,393,71.9128,8.93833,63,12.9933,0,120,115,13,137,11,1.02292,74.42289,0.0,0.0,0.71429,4.223,7.77701,0.0,0.0,126.0,39.98738,0.00124,0.45,3.398,-1.0,0.630265,0.5874811764705883,8.724295910493828,0.19254992807356675,0.23169370429529818,9.013672212007135,0.2208111450732347,0.2849319153172677,0.25274760399862545,0.15888509720912103,54.729196053964124,0.3541167901062345,0.4980417804809311,67948.93023089756,90.36386913533869,0.19793592055384718,0.17905737592883622,80.09906900963372,88.41593881204913,565.0427899040652,34311.30252837243,4.853433421014676,0.23364002013967794
94,394,71.8576,9.04384,63,13.4454,0,120,115,13,137,11,1.01347,74.3404,0.0,0.0,0.46429,4.241,7.69334,0.0,0.0,126.0,39.9547,0.0013,0.45,3.51,-1.0,0.634948,0.586989411764706,8.631510416666666,0.1920970971461495,0.23007510910148612,4.885375963524709,0.22104471014122176,0.2860924949395844,0.25281114726900356,0.15866728496949428,54.71348647129388,0.35639541514562306,0.49804178048093695,68007.97199139779,90.3290866066706,0.1967762366305611,0.17954071960089135,80.10074033249339,86.39269305428991,564.4413909943436,34342.6441624076,4.796076624053905,0.2338775442941892
95,395,71.9632,8.72141,63,12.8371,0,120,115,13,137,11,0.99198,74.506,0.0,0.0,0.5,4.231,7.78689,0.0,0.0,126.0,39.97442,0.00109,0.45,3.419,-1.0,0.640981,0.5864408235294116,8.580729166666666,0.19121629087186942,0.22854429857430625,5.832196434557484,0.22112309394498997,0.28701759641757557,0.25273469811436255,0.15965418186553793,54.77551363721306,0.357804298712496,0.500259406524159,68044.84016488693,90.35964888754455,0.19537466983466079,0.1797243125286028,80.06398410965858,86.60882795901136,563.8656669438977,34563.34280400916,4.817396999449873,0.23445112659083817
96,396,72.0063,8.69571,63,12.871,0,120,115,13,137,11,0.98553,74.49591,0.0,0.0,0.71429,4.219,7.51536,0.0,0.0,126.0,39.98314,0.00086,0.45,3.386,0.23984,0.594327,0.5866619607843138,8.58738425925926,0.19017625205455252,0.22719434586856732,4.657697112252635,0.2217055034919176,0.28809250879086984,0.2528392393896056,0.16206282224362373,54.857338610990546,0.3590123618386886,0.5002594065241595,68079.93191805304,90.32344519248372,0.1940500151596427,0.1797504702178727,80.14406222594425,86.85658189802032,563.302788819375,34547.55267883208,4.770592158576028,0.23458656863346083
97,397,72.0008,8.85814,63,13.0876,0,120,115,13,137,11,0.99282,74.46641,0.0,0.0,0.35714,4.206,7.50127,0.0,0.0,126.0,39.98593,0.0007,0.45,3.462,-1.0,0.65155,0.5867733333333334,8.525125385802468,0.1896138251517526,0.22592909295479824,5.3088604375127995,0.22193695483348083,0.28887202147818736,0.2529975108524559,0.16685827832478242,54.791445131655095,0.36116853348742023,0.50025940652415,68160.12272017977,90.34770477244845,0.19266267557217778,0.17985276077592566,80.23315500412164,90.12434192874109,562.7676880157601,34608.292860988025,4.775225433267921,0.23520849721263948
98,398,71.7491,9.10779,63,13.4741,0,120,115,13,137,11,1.00522,74.20846,0.0,0.0,0.60714,4.26,7.626,0.0,0.0,126.0,39.97572,0.00058,0.46,3.449,-1.0,0.638647,0.5862235294117646,8.478539737654321,0.18919516105830125,0.22497520795212003,5.375088876488805,0.22182757617142293,0.2897869548247228,0.2530093135564951,0.1726148582824781,54.80367024739583,0.36320951094143367,0.49804178048093234,68074.36589266242,90.39268185403867,0.1915221528242759,0.180021386029571,80.16658363131788,86.94870201966899,562.2440307919603,34306.97219847608,4.820961159967547,0.23566437757686257
99,399,71.5624,,63,13.9115,0,120,115,13,137,11,0.98616,74.01329,0.0,0.0,0.53571,4.24,7.84106,0.0,0.0,126.0,39.96605,0.00074,0.45,4.036,-1.0,0.65408,0.586012549019608,8.442660108024691,0.18875687988682266,0.22454433563952425,5.592932653112688,0.22169877305468796,0.29049158843091344,0.25295887420768914,0.17869299939519015,54.811732539424185,0.3651584089285591,0.49641836554509594,68139.61221697701,90.42446516158279,0.19047478806899323,0.18000042484767814,80.24064649953519,88.11741057814119,561.7358722869147,34243.45673683007,4.869850890080231,0.23633609392483712
