,frame_number,SITI.SI,SITI.TI,VCA. E,VCA. h,VCA. epsilon,VCA. L,VCA. avgU,VCA. energyU,VCA. avgV,VCA. energyV,AGH.Blockiness,AGH.Spatial Activity,AGH.Letterbox,AGH.Pillarbox,AGH.Blockloss,AGH.Blur,AGH.TemporalAct,AGH.Blackout,AGH.Freezing,AGH.Exposure(bri),AGH.Contrast,AGH.Interlace,AGH.Noise,AGH.Slice,AGH.Flickering,cambi,tone,cubrow.0.6,fft,cubcol.0,uhdhdsim,color_fulness,cubcol.0.3,blur,temporal,saturation,noise,cubcol.1.0,cubrow.0,cubcol.0.5,cubcol.0.6,cubrow.1.0,cubrow.0.3,blockiness,staticness,cubrow.0.5,movement,contrast
0,300,78.9292,12.8589,83,0.0,0,122,117,23,137,19,0.99992,90.68228,0.0,0.0,0.07143,4.306,0.0,0.0,0.0,129.0,42.08123,8e-05,2.68,3.12,0.0,0.0,0.6365571960784302,0.31431225866973045,69629.99759798705,0.22699273843804435,89.08435612520192,86.17535384923951,0.2510859362852741,53558.21001311834,0.0,50.11561942394869,0.7473597762750944,0.3728647283957854,0.3873968809197894,0.1860963587212376,0.2544340854288373,0.3007313043167165,0.26419561714319917,7.728103306006932,630.529647027939,0.346877428896223,0.0,82.3155097519153
1,301,79.0518,12.9131,84,17.294,0,122,118,24,137,19,0.99894,90.8336,0.0,0.0,0.03571,4.293,11.10616,0.0,0.0,130.0,42.26895,7e-05,3.2,2.843,-1.0,0.0,0.6394674509803921,0.28843381515492317,69643.03329796637,0.21703354977217842,89.07536163173263,87.00489100947938,0.2270890439986444,53874.9194028635,6.06571233993532,49.21903614938995,0.7473597762750939,0.3639868365017879,0.3785223414157285,0.1844630215041951,0.24974346224617347,0.29018745384345007,0.2476988952300517,7.422951261083452,631.6653960294358,0.32977576569211586,4.796006944444445,87.94139967021958
2,302,78.9947,12.9367,84,16.837,0,122,118,24,137,19,0.98936,90.74347,0.0,0.0,0.03571,4.301,11.14204,0.0,0.0,130.0,42.25466,4e-05,3.19,2.911,-1.0,0.0,0.6395913725490195,0.2813226780985262,69620.81988038801,0.20618493827768236,89.05515037555148,86.96189048708825,0.21600680852232004,53899.40249359706,5.92251476980511,49.12622089150511,0.7473597762750946,0.36346691325364905,0.37073934968711103,0.18570151400287294,0.249439064314759,0.2831162140161501,0.23854888936103036,7.250662280535928,632.2151288408712,0.32229111504665087,3.509837962962963,85.95366371667161
3,303,78.9037,13.4286,83,17.3674,0,122,118,24,137,19,0.98769,90.62673,0.0,0.0,0.07143,4.32,11.16133,0.0,0.0,130.0,42.22551,0.00014,3.19,3.123,-1.0,0.0,0.6402040196078429,0.2817368740097608,69658.86452320748,0.19785513511810957,89.07154096030874,86.30243614595899,0.21324698742204726,53739.51561761528,5.804156723866591,49.13049335244261,0.7473597762750961,0.3624199433610039,0.3669926355798575,0.1867774974603815,0.2491110006804683,0.27584178491186895,0.23157269369261324,5.679771020913678,631.9356968939736,0.31781782067884323,3.0941358024691357,85.68161760928581
4,304,78.9751,13.512,83,17.356,0,122,118,24,137,19,0.99182,90.6288,0.0,0.0,0.32143,4.304,11.58563,0.0,0.0,129.0,42.13392,0.00012,3.21,2.818,-1.0,0.0,0.6398912549019596,0.2801234989832025,69717.48442068894,0.19643334277784955,89.06649586192594,85.95810995540413,0.21322299393483302,53858.55380274142,5.951796425499315,49.05813730498891,0.7473597762750926,0.35764876346902025,0.3675221134278311,0.18862051722676806,0.24934034307021094,0.27048799318148886,0.22593264878153832,7.7869879329071985,631.268844139057,0.31568177796947117,3.1635802469135803,84.39340185325625
5,305,79.2043,13.6387,84,17.0635,0,122,118,24,137,19,0.98795,90.87811,0.0,0.0,0.39286,4.301,11.6521,0.0,0.0,130.0,42.08724,0.00019,3.24,3.106,-1.0,0.0,0.6389276274509804,0.2783288451128195,69629.04346509778,0.19729374005406738,89.06790197020311,85.96609269689367,0.21671594443262007,54424.12968634795,5.983657656535615,49.04119835370852,0.7473597762750998,0.3511797173502468,0.3688853250994831,0.1906412244238137,0.24915986791955708,0.26683671528242653,0.22190865721503705,7.52054719618685,630.4197893307083,0.3126042089228966,3.0866126543209877,87.92121843130941
6,306,79.173,13.5919,84,17.176,0,122,118,24,137,19,0.99756,90.8981,0.0,0.0,0.42857,4.319,11.77109,0.0,0.0,129.0,42.10012,0.0002,3.25,3.061,-1.0,0.0,0.6389596078431372,0.2774663248107109,69658.08588250991,0.1960122393268341,89.05090974642246,86.04869854693493,0.2197308931620541,54347.49878504039,6.054014720188008,49.14943987057533,0.7495774023183266,0.34550168300885814,0.3698791374201563,0.19211679471939655,0.24941496831565932,0.2661021828404036,0.21880191230985202,6.62795805799794,629.5851775151299,0.31165859569933874,2.955005787037037,88.40795275091253
7,307,79.0346,13.5875,84,17.4208,0,122,118,24,137,19,1.00508,90.76017,0.0,0.0,0.35714,4.328,11.73293,0.0,0.0,129.0,42.07983,0.00023,3.19,3.057,-1.0,0.0,0.6381797647058818,0.27710566293856864,69593.09524372873,0.1966405538105477,89.05233432532654,86.03465441322615,0.2231519332777444,54005.85434852955,6.056003344172593,49.14070487316744,0.7473597762750974,0.3436361519056181,0.3696085922817285,0.1929342831148448,0.2495970640487891,0.2679533292204167,0.2164951192736254,5.417009951647876,628.6977961639182,0.3115347431951827,2.712721836419753,88.49648429188738
8,308,79.1371,13.5968,84,17.0225,0,122,118,24,137,19,0.99604,90.83976,0.0,0.0,0.35714,4.33,11.72578,0.0,0.0,130.0,42.05637,0.00022,3.2,3.188,0.12513,0.0,0.6379098039215686,0.2765799032219443,69687.04703537545,0.1972196343216854,89.05270674602778,86.24235090015172,0.22916944284031707,54350.63790316025,6.026777444090391,49.14836384337625,0.7473597762750956,0.34014303267515245,0.3694773193720687,0.19336599624280534,0.2499296098550432,0.269601325417096,0.2150191149142733,6.11611469178916,627.8412759668946,0.3116044396528313,2.535108024691358,84.38087821183353
9,309,79.0384,13.744,84,16.8903,0,122,118,24,137,19,0.99365,90.67512,0.0,0.0,0.5,4.329,11.73413,0.0,0.0,130.0,42.01853,0.00016,3.17,3.27,-1.0,0.0,0.6370921960784299,0.2761689441150175,69741.31740207731,0.19595978717307083,89.05315771493207,86.30685117768937,0.2343917679648612,54237.376618862625,6.040827142076024,49.08163207254292,0.7495774023183239,0.3389435335139827,0.3697069238405552,0.19321955525941545,0.250093900529222,0.2705747399670589,0.21622429332639193,3.662370525494496,626.996314000079,0.3110228728555197,2.3984375,88.72309419827694
10,310,78.9831,13.8169,84,17.0269,0,122,118,24,137,19,0.99889,90.57007,0.0,0.0,0.17857,4.312,11.86074,0.0,0.0,130.0,42.04735,0.00015,2.67,3.726,-1.0,0.0,0.6372850588235283,0.27508892437656307,69701.02959543103,0.1953046200581269,89.06633984980567,86.47398851281687,0.2366594318092055,54067.47161658138,6.101307306007082,49.15195945457176,0.7473597762750921,0.33890395914575927,0.3703906548972994,0.19341343512969336,0.2504783515839316,0.271063439509261,0.21607161337692526,4.404186989540199,626.2095301459467,0.30992959865657627,4.48509837962963,88.70538701094995
11,311,79.0325,13.415,84,18.2074,0,122,118,24,137,19,1.00353,90.61197,0.0,0.0,0.25,4.306,11.92507,0.0,0.0,130.0,42.1289,0.00023,3.19,3.531,-1.0,0.0,0.6373443137254902,0.27447309714975815,69657.5740043125,0.1964033228892125,89.03948247607089,86.7696880477832,0.2378426231467973,53907.85769394598,6.0992802541001145,49.218138329776714,0.7473597762750925,0.33967743517498955,0.3704159020276135,0.19309989172126704,0.25025481545586137,0.27211869897603663,0.21461666027576892,5.463740432870101,625.45854165873,0.3093219895720665,5.00390625,88.68511380129644
12,312,78.8651,13.0656,83,16.3013,0,122,118,24,137,19,1.0047,90.37131,0.0,0.0,1.07143,4.304,11.57686,0.0,0.0,130.0,42.22719,0.00023,3.2,3.883,-1.0,0.0,0.6378882352941176,0.2742540167808624,69668.14918270367,0.19853337045816336,89.0557086059013,87.04637997500046,0.23899470847277793,53513.72907110007,5.982298441550348,49.18297510971258,0.7473597762750912,0.33958202452044783,0.3710238286105594,0.19309310447501193,0.2500910364216242,0.2734897864400356,0.21335831753467782,5.071478016317213,624.6614468457453,0.30988006223514186,4.388406635802469,85.89284160513802
13,313,78.7483,12.8126,83,16.2591,0,122,118,24,137,19,1.0192,90.22955,0.0,0.0,0.39286,4.295,11.27878,0.0,0.0,130.0,42.31904,0.0002,2.69,3.745,-1.0,0.0,0.6373531176470568,0.2741084632182607,69653.34168106408,0.20072703273531584,89.07367842622251,87.44177882722022,0.24004705479831356,53230.63251483082,6.011073417699476,49.263159857855904,0.7473597762750829,0.33727776005194265,0.37158472714809804,0.193063945307527,0.24982990919899192,0.2755136080536048,0.21216127651457287,6.798785650035076,623.9861204732706,0.31040967441473705,3.7486979166666665,85.3842078507637
14,314,78.84,13.1118,83,16.5872,0,122,118,24,137,19,1.00903,90.23629,0.0,0.0,0.28571,4.285,11.06133,0.0,0.0,130.0,42.38606,0.00013,2.69,3.724,-1.0,0.0,0.6375129411764705,0.27397282065628453,69602.05436915273,0.2010440714244675,89.09426130393734,88.09027920567935,0.23943165121755927,53276.186644018126,6.053761600351379,49.2334127543885,0.7451421502318579,0.335584983102704,0.370650867199258,0.19371416867991917,0.24960901927583345,0.27612818904699027,0.2115549596726175,3.8663404573906615,623.3455545193386,0.31053001511269573,3.7023533950617282,85.52873455143973
15,315,78.7865,13.0369,83,17.6658,0,122,118,24,137,19,0.99463,90.0918,0.0,0.0,0.17857,4.314,11.34222,0.0,0.0,130.0,42.47562,0.00014,2.68,3.623,-1.0,0.0,0.6377726470588219,0.2737863929437157,69617.77008276398,0.19988008801652732,89.07611045868643,88.72006945751276,0.23832715453347805,53275.79855640756,6.104058522511465,49.455094514069735,0.7457363613392638,0.3349998987279018,0.3695772327987621,0.19386683061406745,0.24962445433292546,0.2757622252834778,0.21019554553488473,6.142167432297914,622.8288096675435,0.3104689151061765,5.4791184413580245,85.42909941796891
16,316,78.9042,12.7759,83,16.4308,0,122,118,24,137,18,1.00394,90.23506,0.0,0.0,0.14286,4.286,11.25662,0.0,0.0,130.0,42.59789,0.00019,2.68,3.617,0.125,0.0,0.6386631372549021,0.273882735615938,69727.5222643429,0.19909229872793263,89.0456458045047,89.06519309053337,0.23766756752838852,53690.231946403816,6.039749097031481,49.579513926564914,0.7473597762750819,0.3331832211503778,0.36883340203004805,0.1940558226252256,0.24969545209785673,0.2752141091235134,0.21017390105609746,5.439787597017489,622.4288101454944,0.31038601832865126,5.510320216049383,85.35772320990232
17,317,78.9701,12.3458,83,16.6456,0,122,118,24,137,18,1.0077,90.27453,0.0,0.0,0.25,4.318,11.03404,0.0,0.0,130.0,42.69242,0.00029,2.67,3.972,-1.0,0.0,0.6389494117647059,0.27370198435914417,69660.47369875213,0.19780188502775278,89.07698523036757,89.83336131468484,0.23646491206907472,53691.031326177195,6.061716160455551,49.62386670524692,0.7473597762750851,0.33077312789284474,0.36738264057229486,0.1942957482080666,0.24980748182895163,0.27433667243189586,0.21142969130589137,4.301212496887995,622.0887467581699,0.31010161369808875,5.346836419753086,88.23697880075049
18,318,78.9626,12.3771,83,15.602,0,122,118,24,137,18,0.99023,90.24862,0.0,0.0,0.57143,4.286,10.66953,0.0,0.0,130.0,42.76036,0.00025,3.17,3.826,-1.0,0.0,0.6396435294117647,0.27357629014625645,69606.59487279922,0.19655713940364136,89.06944343151667,90.05910109409692,0.23658108208047077,53465.251628280756,6.100395144853644,49.7317148844401,0.7457363613392561,0.32823013325920325,0.3671899195955434,0.19449171915295838,0.24990868971716537,0.27392125182009125,0.2120262083375094,6.103023171230869,621.7923877331559,0.30996494355754617,5.186535493827161,86.3461926755951
19,319,78.9198,12.5145,83,15.535,0,122,118,24,137,18,1.00735,90.11637,0.0,0.0,0.28571,4.278,10.68967,0.0,0.0,130.0,42.79117,0.00012,2.69,4.108,-1.0,0.0,0.6402458823529412,0.273500649927625,69621.55304194953,0.19605054923864437,89.0415854317018,90.21201675924095,0.23650544369520668,53223.729331109025,6.0429103791179495,49.77351812668789,0.7413011092528153,0.32668547279554144,0.3670927144775873,0.19452620344690907,0.24990457133741462,0.274549758453287,0.21362674598262849,2.8563740697767286,621.5267561375744,0.30989329964507556,4.9596836419753085,88.21045874165524
20,320,78.9596,11.9231,83,16.0014,0,122,118,24,137,18,1.00714,90.09348,0.0,0.0,0.39286,4.294,10.81057,0.0,0.0,130.0,42.83341,0.00024,3.2,3.852,-1.0,0.0,0.6401360784313727,0.27349482014632387,69638.99764523067,0.19450887242066692,89.06217253991983,90.80629539090612,0.23760486964181896,53083.98457231984,6.065814833973375,49.995870896327645,0.7413011092528051,0.32755720101991626,0.36635574813961364,0.1947304539370159,0.2499786957209764,0.27584758193859776,0.21560889563746388,5.400741048142678,621.2763907189816,0.310048009982468,6.601610725308642,85.84627718565255
21,321,79.0953,11.4966,83,15.8789,0,122,118,24,137,18,0.99414,90.20157,0.0,0.0,0.75,4.255,10.302,0.0,0.0,130.0,42.89999,0.00019,2.68,3.514,-1.0,0.0,0.641116862745098,0.2733278912772334,69695.20799076746,0.19456750405695133,89.00380178349087,91.09548769776289,0.23889650052572772,53121.41062282921,6.008238032411435,50.11395414375964,0.7441129464034231,0.32817835588981353,0.3655545916752212,0.19517172105958835,0.24984233488180246,0.27716099642171493,0.2170552997107536,5.963010401189731,621.0898181388741,0.3103144779615149,6.48900462962963,88.74097645421622
22,322,78.9716,11.5255,83,15.1724,0,122,118,24,137,18,0.99211,90.00168,0.0,0.0,0.21429,4.277,9.9326,0.0,0.0,130.0,42.90705,0.00015,2.69,2.969,-1.0,0.0,0.6411866666666667,0.27294877696404785,69552.81264041974,0.1938879391092268,89.02728929039063,91.08673917104201,0.24041877034870907,52818.456120700335,5.940181777404721,50.1276109483507,0.7418953203602049,0.3264440075572483,0.3644678112296734,0.19566950756081977,0.2497022199978711,0.27874366716432003,0.2180908552134818,4.268164668586671,620.9371528969461,0.3103242815352094,6.1706211419753085,84.42920120856571
23,323,79.0372,11.3098,82,15.7064,0,122,118,24,137,18,0.98587,90.03308,0.0,0.0,0.28571,4.264,9.95896,0.0,0.0,130.0,42.91882,0.0001,2.69,3.147,-1.0,0.0,0.6411107843137237,0.27279944860974115,69509.36459015524,0.19205388585508568,89.02588125624455,91.6066866039499,0.2418346022680967,52800.57935752222,6.027132088539769,50.21845650378569,0.7390834832095722,0.3239473661184018,0.36351975736639747,0.19583611949299395,0.24998738498333511,0.2796224373211309,0.21948076849475004,4.580281953078822,620.8187816783073,0.31013950030664456,6.062934027777778,88.64259270231155
24,324,78.9634,11.0651,82,15.6586,0,122,118,24,137,18,0.9787,89.9504,0.0,0.0,0.21429,4.273,9.77188,0.0,0.0,130.0,42.84592,0.00015,2.7,3.148,0.125,0.0,0.6401087647058823,0.27274704320754833,69430.96152690567,0.19107817324030976,89.02285316893096,91.45425222940574,0.24285875416432753,52528.672007100155,6.0201717458718935,50.22226649154852,0.7451421502318573,0.3225387313207077,0.3627204048099589,0.19603608450657897,0.25064102424413803,0.28046559412617933,0.22038096015981198,3.8540457123489573,620.6753924385213,0.3098656138143639,6.1264467592592595,88.5755682807089
25,325,78.8563,10.8407,82,15.1296,0,122,118,24,137,18,0.98924,89.83634,0.0,0.0,0.25,4.284,9.55679,0.0,0.0,130.0,42.82078,0.00012,2.68,3.17,-1.0,0.0,0.6391847254901961,0.27227878314787607,69497.27404677971,0.1902854316744806,89.00751114872698,91.1979805904764,0.24386330896407427,52255.18305147606,6.000972491704442,50.28129784854842,0.7451421502318625,0.3202770470205588,0.3624094499156891,0.1960845718256276,0.25059204490366355,0.2810640532092509,0.22046370414618569,4.587281470146346,620.4873427471996,0.3093632061527634,7.402054398148148,88.77544470390863
26,326,79.1397,11.213,83,15.2327,0,122,118,23,137,18,0.993,90.21292,0.0,0.0,0.21429,4.272,9.36384,0.0,0.0,130.0,42.97845,0.00014,3.18,2.95,-1.0,0.0,0.641147843137255,0.27205984181183385,69559.46710760404,0.18927003071348994,88.99383389362208,89.58746339145256,0.24469039501503548,52908.36608550363,6.022475786802588,50.42912895296827,0.7473597762750944,0.3186261369701649,0.3621817394212795,0.19607763145205942,0.2509303149798566,0.2818320579149482,0.221343377006782,7.123889818350458,620.1801465107543,0.3090279640203305,7.293161651234568,89.26139343953524
27,327,78.6864,11.697,82,15.1213,0,122,118,23,137,18,0.99405,89.68654,0.0,0.0,0.17857,4.297,9.69003,0.0,0.0,130.0,42.90974,0.00013,2.66,3.051,-1.0,0.0,0.6397344117647057,0.271837094375434,69465.9855757197,0.1882544071975211,89.08734992379408,89.66132788666293,0.24552315711771602,52338.78100887084,6.0090670891061455,50.48624222366899,0.7390834832095821,0.31713115063327996,0.36126063790741536,0.19600615179584255,0.2510806914589859,0.28234092103960173,0.2219437092654139,4.8257326010070445,619.8379873311161,0.30830583032127934,7.219955632716049,87.96187127955696
28,328,78.7582,11.7482,82,15.5367,0,122,117,23,137,18,0.99291,89.71519,0.0,0.0,0.46429,4.281,10.11343,0.0,0.0,130.0,42.89603,0.00023,2.65,3.19,-1.0,0.0,0.6387960784313725,0.2719307749615514,69402.10723660524,0.18736825760340384,89.04294241874291,89.61209567971741,0.2463344822567368,52405.383240865754,6.124904335987624,50.484577508620276,0.7429245241886347,0.3167077561394575,0.36045289170502043,0.19587675094034684,0.25103331869426626,0.28290008695158975,0.22229802094785756,4.120232968267422,619.4591710087673,0.30736383577232146,7.3423996913580245,88.15266398762856
29,329,78.9054,11.4105,82,14.9772,0,122,117,23,137,18,0.98184,89.92972,0.0,0.0,0.21429,4.272,10.1566,0.0,0.0,130.0,42.90912,0.00028,2.71,3.181,-1.0,0.0,0.6390043137254902,0.2715518316322897,69499.33770238385,0.18656707915063803,88.9836054551931,89.43089130416101,0.24704067184328082,52528.48978168785,6.150150986490966,50.47487480257764,0.7473597762750913,0.3157931683296994,0.3592889736527017,0.19588486686581938,0.2506821024325462,0.2838776807742248,0.2221767485770303,3.386139058275591,619.0547927454845,0.30641422927994305,7.637538580246914,87.43252973270688
30,330,78.6563,11.0219,82,15.2423,0,122,118,23,137,18,0.99028,89.63473,0.0,0.0,0.10714,4.273,9.86751,0.0,0.0,130.0,42.71592,0.00034,2.69,3.58,-1.0,0.0,0.6363478431372549,0.27159806183068924,69453.78721012345,0.18559924940302924,89.03027664373376,88.81363632281658,0.24757863927009974,52111.20088719262,6.122755648792879,50.54345627772955,0.7445479391244619,0.315014443723296,0.35795848417539117,0.19570171183160498,0.250547482256636,0.2849187783321238,0.22285462382449586,5.8015517872680125,618.6692389053636,0.3052957686452812,8.66160300925926,88.8957530778061
31,331,78.5237,11.0404,82,15.0958,0,121,118,24,137,17,1.01292,89.45963,0.0,0.0,0.03571,4.261,9.53421,0.0,0.0,129.0,42.36702,0.00046,2.67,3.379,-1.0,0.0,0.6300380392156864,0.27111671467257875,69414.23632814016,0.18473647055121228,89.03472384952164,87.82576352436368,0.24740028788180415,51580.35646335114,6.108254040674104,50.64937789351852,0.7413011092527954,0.3148295947717924,0.3568335411349142,0.19562802161461798,0.2504770329943809,0.2854043283393859,0.22313566582407512,7.74582459308446,618.3420997528525,0.3043423983313271,8.776668595679013,89.57670967603364
32,332,78.5534,11.1843,82,14.3306,0,121,118,24,137,17,1.01301,89.54076,0.0,0.0,0.39286,4.286,9.55294,0.0,0.0,129.0,42.35236,0.00034,2.7,3.608,0.12526,0.0,0.630178431372549,0.2711619086839557,69358.61855562209,0.18423261854842224,89.03528982283623,87.70159991597467,0.24686380612954742,51617.247047037075,6.0449263237246535,50.68219389738859,0.7413011092528037,0.3139297573128695,0.35567079732252105,0.19588076875730775,0.25065997655165,0.28604846359958236,0.2235485345065305,6.448827987240929,618.0005730144208,0.30370805954819097,8.655719521604938,89.49121861402413
33,333,78.4591,11.6093,82,14.9955,0,121,118,24,137,17,0.99752,89.36848,0.0,0.0,0.28571,4.265,9.68262,0.0,0.0,129.0,42.34929,0.00029,2.68,3.415,-1.0,0.0,0.6297620980392156,0.27059859376179546,69272.9180125317,0.1834811501367074,89.03774289007016,87.73107120761254,0.24628266124687045,51431.151196315324,6.057556305456493,50.719888004255886,0.7390834832095722,0.31186533050470333,0.35433225218867426,0.19626418170950413,0.2510880109920168,0.28616912819814194,0.2242167216818428,5.6146152616254446,617.6339843373635,0.3035862960290085,8.613329475308642,88.42148768646064
34,334,78.5629,11.4024,82,15.0605,0,121,118,24,137,17,1.00655,89.44375,0.0,0.0,0.17857,4.27,10.05475,0.0,0.0,129.0,42.34728,0.00026,3.19,3.415,-1.0,0.0,0.6300521568627451,0.2705537482546199,69282.56121903205,0.18381713003694822,89.02132887095398,87.55902910793645,0.2466717027183128,51436.5430639525,6.13158870502436,50.68459593219522,0.736865857166345,0.3104565188050555,0.35268843222613844,0.1967739907243597,0.2514195292848484,0.28648128187554844,0.22532405898651514,7.87580627549296,617.2386158975967,0.3035377457614292,8.715663580246913,88.62692159255995
35,335,78.5602,11.3756,82,14.5624,0,121,118,24,137,17,1.0091,89.44493,0.0,0.0,0.03571,4.271,9.86696,0.0,0.0,128.0,42.32443,0.00022,2.65,3.387,-1.0,0.0,0.6293100784313717,0.27000994755569774,69349.78745838972,0.183239916329397,89.05182618766094,87.47749013760316,0.2471038600656019,51427.266089555975,6.117710609521494,50.66425653151524,0.7390834832095737,0.31012290682814053,0.35106775530742473,0.19746339563862103,0.25192663527985726,0.28699519569202087,0.22622804246415035,5.422328859511346,616.8213731551874,0.3035538849147576,9.313512731481481,88.45123836022896
36,336,78.4041,11.6413,81,14.5295,0,121,118,23,137,17,1.00172,89.27815,0.0,0.0,0.0,4.266,9.83816,0.0,0.0,129.0,42.29219,0.00015,2.68,3.377,-1.0,0.0,0.6289800196078432,0.2697948451030596,69404.52948101607,0.18241303590206093,89.0731560939131,87.62658358322486,0.24710620877812597,51380.479384570666,6.152487151923049,50.771931401005496,0.736865857166341,0.31011312624738924,0.3498011562797582,0.1981745160256597,0.252462299255144,0.28763028529265583,0.22688524098453255,4.868862534363078,616.3780643783621,0.3036906854879844,9.487172067901234,88.67839949603771
37,337,78.4258,11.993,81,14.9632,0,122,118,23,137,17,1.01263,89.2434,0.0,0.0,0.14286,4.276,10.06836,0.0,0.0,129.0,42.28848,0.00042,2.7,3.294,-1.0,0.0,0.6293117647058823,0.2695230026566773,69345.88927294113,0.18179898915222967,89.11459458779484,87.38569542783723,0.2475613770947152,51141.928979756776,6.21572973217104,50.695573406454955,0.7368658571663399,0.3094396685961692,0.34833114642012536,0.19875365139837362,0.25287379869221144,0.2881813806620356,0.22705323406855513,6.25274935142371,615.9093763709872,0.30370828336058325,9.556230709876543,88.69666276895227
38,338,78.3682,11.8162,81,15.6501,0,122,118,23,137,17,1.01792,89.18282,0.0,0.0,0.0,4.272,10.38359,0.0,0.0,129.0,42.28514,0.00021,2.7,3.456,-1.0,0.0,0.6295517647058824,0.2691728651628862,69160.288914403,0.18122154230502807,89.10698779363882,87.35411387795327,0.2481510297452682,51104.19803219032,6.284775143014349,50.666986159336425,0.7368658571663391,0.30859920078016095,0.34656551948899583,0.19927261455459563,0.2528619320260229,0.28872959962049344,0.2273418877076312,4.840897763155129,615.4040648041243,0.30357120928124864,9.652295524691358,87.38905047241502
39,339,78.2289,11.4512,81,15.0895,0,122,118,23,137,17,1.00696,89.06231,0.0,0.0,0.21429,4.311,10.23221,0.0,0.0,129.0,42.27779,0.00011,2.65,3.453,-1.0,0.0,0.6299047058823529,0.2689186369873617,69196.01093260101,0.18061968349916113,89.11983257741514,87.40459626880292,0.24797142753048962,50774.70314354707,6.231917476045454,50.678032392337,0.7368658571663375,0.30803003598518525,0.34469021178167614,0.19966827137698206,0.25289500083381844,0.2890869972404336,0.22720773904689795,5.860456396660222,614.866289676707,0.30328072478822343,9.950279706790123,87.45044237185975
40,340,78.2251,11.7437,81,14.1089,0,122,118,23,137,17,0.99886,89.04157,0.0,0.0,0.25,4.272,9.90891,0.0,0.0,129.0,42.25956,9e-05,2.68,3.296,0.125,0.0,0.6295906274509802,0.2688649145139822,69344.50622147114,0.1798865437113861,89.10208016083331,87.33886636476612,0.24779200378774563,50713.11101875848,6.162237119181182,50.628452442310476,0.7368658571663436,0.30838554465017853,0.3432857695812847,0.2000869255781111,0.25306050670149116,0.28976921261121136,0.22709840958806532,6.292117704985429,614.3055274658052,0.3029009915748776,10.447675540123457,89.40499049372708
41,341,78.0104,12.3009,81,14.9761,0,122,118,23,137,17,0.9931,88.84114,0.0,0.0,0.57143,4.314,10.16211,0.0,0.0,129.0,42.26013,0.00015,2.67,3.491,-1.0,0.0,0.6299329411764707,0.26863626819543285,69391.15249931105,0.17919565912906843,89.14600109427106,87.33158056033297,0.24760584639496488,50451.31762470458,6.247231755773073,50.72421283486449,0.7368658571663381,0.3097960669430682,0.34236761926750364,0.20024113181684614,0.25314813492428007,0.2902050865677741,0.22694172048764547,5.945627956954897,613.7316089776057,0.30223111268257985,10.602623456790123,89.39916308125474
42,342,77.7399,12.3733,81,16.0892,0,122,118,23,137,17,1.00021,88.59723,0.0,0.0,0.03571,4.305,10.65389,0.0,0.0,128.0,42.25011,9e-05,2.71,3.585,-1.0,0.0,0.6294815686274511,0.26827501671360254,69307.07437033462,0.17873036581217167,89.16227522010968,87.00521525841141,0.2470661190588413,50010.508522375734,6.337605099229181,50.6971816074701,0.7330248161872824,0.31104438253133165,0.3414554850594937,0.20021273726707686,0.25324434322189165,0.29050787913095166,0.22663876101446762,6.969183743996449,613.1391139760617,0.30166479008755887,10.730613425925926,89.17055717632519
43,343,77.7143,12.0361,81,16.0177,0,122,118,23,137,17,1.01411,88.57359,0.0,0.0,0.03571,4.318,10.71792,0.0,0.0,128.0,42.23498,0.00019,2.69,3.329,-1.0,0.0,0.6292865098039215,0.2679757676215858,69111.28439700918,0.17828684262067135,89.15607870777593,86.99960647163628,0.2467535433221755,49990.29967179903,6.34935081112523,50.72229437180508,0.7330248161872771,0.3107865782054946,0.34039801652193036,0.19986911721560707,0.25301215757523726,0.29052987086739446,0.22648489594907928,6.831111370374602,612.529552227282,0.3011470858045009,10.990547839506172,88.58221757088903
44,344,77.9,12.2445,81,15.2373,0,122,118,23,137,17,1.01494,88.72029,0.0,0.0,0.39286,4.284,10.42309,0.0,0.0,129.0,42.21801,0.00013,2.68,3.331,-1.0,0.0,0.6287278431372549,0.26776902323262874,69101.78508551931,0.17785314256792029,89.07942356757972,86.80585515747667,0.24658427710952027,50022.96847993146,6.289053231947521,50.64900998716001,0.7330248161872842,0.30985097820501895,0.33931989115100125,0.19952139149122877,0.2530035893869179,0.29076229167669954,0.2261743457666559,5.8665472008553285,611.8999893645589,0.30085569389767564,11.09326774691358,88.2050293485513
45,345,77.6653,12.2066,80,15.674,0,122,118,23,137,17,1.00481,88.42987,0.0,0.0,0.32143,4.305,10.60547,0.0,0.0,129.0,42.19158,0.00012,2.68,3.286,-1.0,0.0,0.6281078431372549,0.26751890804496226,69072.85904297054,0.17767292218859013,89.12233816381433,86.64842934474082,0.24666247649923848,49779.56219817423,6.336955452311321,50.667758517795136,0.7330248161872714,0.3088388348587416,0.3382741126287915,0.19936125139347158,0.25285420775778344,0.2908781439079027,0.2261278573312042,7.835313448371124,611.2594235647621,0.300696472202054,11.506558641975309,88.20170214007256
46,346,77.5185,12.464,80,14.4825,0,122,118,23,137,17,0.98758,88.30566,0.0,0.0,0.5,4.328,10.57347,0.0,0.0,129.0,42.16714,0.00029,2.69,3.46,-1.0,0.0,0.6272827450980392,0.2672347388346963,69050.7313756866,0.17778232418707193,89.15361573689222,86.64467001958995,0.24674852786624762,49458.14544380669,6.30354423940515,50.724589971848474,0.7330248161872689,0.30862002508577074,0.33711774553987794,0.19935075225051965,0.25240337459058326,0.29102562783926533,0.2257920034782127,6.3833138784289165,610.5919499879412,0.3008729902838472,11.717737268518519,87.30141849878606
47,347,77.8506,12.19,81,15.2697,0,122,118,23,137,17,0.98015,88.57433,0.0,0.0,0.10714,4.308,10.79756,0.0,0.0,129.0,42.18096,0.00038,2.69,3.342,-1.0,0.0,0.6276792156862745,0.26692957966936076,69099.33780368864,0.17729824058376323,89.08313160304509,86.4472053462238,0.24660941278091403,50028.36696466187,6.3564449720431915,50.62101123951099,0.7308071901440476,0.30906315633442344,0.3358455111368864,0.1994096881758503,0.2521982665658206,0.291175028507515,0.22549801470858521,6.305872393937566,609.8992382159424,0.30118465338064404,11.789641203703704,89.23966216664111
48,348,77.8832,12.4472,80,15.9778,0,122,118,23,137,17,0.97738,88.56676,0.0,0.0,0.10714,4.301,10.55888,0.0,0.0,130.0,42.14976,0.00042,2.67,3.577,0.125,0.0,0.627025137254902,0.2666047692964496,69156.80602435187,0.17653252081666676,89.11016742031437,86.37017482397101,0.2466938564106375,50111.58945608279,6.30328447384211,50.687078782069825,0.7308071901440517,0.3094250007764279,0.33477172430494695,0.19964484173547528,0.2514467763397601,0.29131750904339804,0.2253731366207386,6.503889717324538,609.1885546667029,0.3019844647610386,11.820505401234568,88.13655068493479
49,349,77.7159,12.8126,80,15.9007,0,122,117,23,137,17,0.99656,88.29567,0.0,0.0,0.10714,4.316,10.78079,0.0,0.0,129.0,42.11505,0.00029,2.69,3.372,-1.0,0.0,0.6268619607843138,0.2661472903324967,68988.35888489673,0.17594567672100578,89.12939873038275,86.23715151243988,0.24682731408698738,49839.485700670855,6.352065327505466,50.63697833779417,0.7225308970785239,0.30932870758157915,0.3338766904814998,0.20022845425762043,0.2509228483014152,0.29131974653102444,0.22518553264394375,5.293607591461607,608.4503594365249,0.30232600419073297,11.908179012345679,86.95696498084209
50,350,77.8558,12.809,80,17.483,0,122,117,23,137,17,1.00665,88.43452,0.0,0.0,0.03571,4.326,11.09675,0.0,0.0,129.0,42.14199,0.00029,3.17,3.417,-1.0,0.0,0.6278866666666666,0.26567436429632063,69009.57099418173,0.1762993048514948,89.10224699157189,86.3017672458405,0.2470038482136873,50197.97003519018,6.399242466178829,50.70785183376736,0.7269661491649769,0.30876133042073894,0.33300896686982745,0.2009041737659535,0.25049651333336886,0.2913752849244659,0.22500233978434103,5.6903703907792975,607.6803798364818,0.3025517391492721,12.210310570987655,86.51917148773572
51,351,77.7207,12.615,80,17.2876,0,122,117,23,137,17,1.00068,88.20049,0.0,0.0,0.0,4.324,11.09004,0.0,0.0,129.0,42.09057,0.0002,2.69,3.706,-1.0,0.0,0.627321568627451,0.2652397690676694,69027.5644476057,0.1764342557340075,89.12628716138155,86.24622455630477,0.24738437757301565,49762.86077270108,6.400542524286162,50.629162823712385,0.7225308970785235,0.3088607351057893,0.33191152480256714,0.2015312163563602,0.24995995023872553,0.2913266618629273,0.22482728086314163,5.637706569541455,606.8770568929724,0.30294122491887876,12.411168981481481,87.66738557553379
52,352,77.6887,12.4124,80,16.856,0,122,117,23,137,17,0.99562,88.16534,0.0,0.0,0.14286,4.292,10.91611,0.0,0.0,130.0,42.04746,0.00029,2.7,3.535,-1.0,0.0,0.6267500392156855,0.26501074535688685,69012.78371748983,0.17647090758067285,89.11517202645436,85.9799673341044,0.24752212077859084,49598.35857874108,6.339054167250782,50.66435769163532,0.722530897078525,0.3097341606030422,0.3307947705068552,0.20216246967295304,0.24925905239055945,0.2914092589158357,0.22475946650092263,5.783406008139021,606.0548662639385,0.3031571521979889,12.480854552469136,88.84901805586564
53,353,77.8344,13.059,80,16.8467,0,122,117,23,137,17,0.99979,88.25452,0.0,0.0,0.60714,4.281,10.74437,0.0,0.0,129.0,42.01658,0.00026,2.71,3.296,-1.0,0.0,0.6259005294117612,0.2647131010150985,69099.66401821787,0.17635306878046203,89.09046280725687,85.81194825704439,0.24752185684932992,50125.67734204898,6.247864012576635,50.711775226357545,0.722530897078522,0.31090623103820747,0.329799976004081,0.20282663597021125,0.24855393975118095,0.29149865275283926,0.22469742519561894,4.934236416317611,605.2211383902825,0.30320562360855785,12.422501929012345,88.59291015766021
54,354,77.7206,12.8097,80,16.9929,0,122,117,23,137,17,1.0009,88.0756,0.0,0.0,0.71429,4.309,11.3054,0.0,0.0,129.0,41.97782,0.00025,2.68,3.519,-1.0,0.0,0.6251929411764706,0.26435952968469045,69071.39362776194,0.17551832606542583,89.13957294842308,85.67666545669296,0.24747531958346025,49661.86262243194,6.34805360164208,50.65752363793644,0.7209074821426866,0.3116914603827486,0.32871023977647507,0.20322736101985608,0.24796001990065344,0.2915859726771541,0.22465740965722067,6.366585538316151,604.3725321121584,0.30336940816612856,12.505979938271604,85.98150313417298
55,355,77.5158,12.9244,79,16.2712,0,122,117,22,137,17,1.01388,87.84107,0.0,0.0,0.5,4.294,11.09169,0.0,0.0,129.0,41.83822,0.00028,2.69,3.574,-1.0,0.0,0.6221188235294117,0.26406544585579084,69059.5024581546,0.1751165259691923,89.13899612560797,85.07262026407543,0.24745255600150262,49130.80457867314,6.41275882586776,51.23410693510079,0.7209074821426856,0.3127019207949097,0.32794211028761905,0.20324863538144133,0.24735668699431923,0.29147213270446837,0.22493491544222988,5.957196222443016,603.3818672512308,0.30319083557981313,12.77001350308642,86.15207586884753
56,356,76.9963,13.097,79,16.7047,0,121,117,22,137,17,1.01028,87.32269,0.0,0.0,0.32143,4.289,11.18952,0.0,0.0,130.0,41.67285,0.00022,2.71,3.299,0.125,0.0,0.6184031372549019,0.2637943746901808,68986.1618004108,0.1753018949627065,89.23082769550658,84.69646512995766,0.24759399441511687,48172.679809617875,6.445426756531864,51.98371096010561,0.7164722300562337,0.313076288803684,0.3272682577153455,0.2029129570832217,0.2466474680960361,0.29129503867732187,0.22521265772446714,5.679319157588458,602.1941691983437,0.30320048546473466,13.022280092592593,85.20448659219684
57,357,76.971,12.8897,79,16.5675,0,121,117,22,137,17,0.98821,87.24389,0.0,0.0,0.5,4.28,11.33869,0.0,0.0,130.0,41.71113,0.00032,2.69,3.177,-1.0,0.0,0.6183803921568628,0.26365843999776484,69163.7498670529,0.17556518908696342,89.22885789584255,84.87648762821833,0.24744062314983636,48284.98006064029,6.39372732196518,52.00716164671344,0.7164722300562323,0.3135753897408577,0.3266516398224307,0.20239978129792455,0.24584218434075278,0.2909849493382103,0.2252581770746135,6.479240345595625,601.0438975422835,0.3032712882264301,13.018518518518519,85.24829594134302
58,358,76.6586,13.0456,79,16.0392,0,121,117,22,137,17,0.97914,86.96128,0.0,0.0,0.75,4.304,11.1591,0.0,0.0,130.0,41.73929,0.0002,2.67,3.089,-1.0,0.0,0.6189352941176471,0.2635756897328413,69191.53408434331,0.17552942636946017,89.21385984874034,84.62112385626462,0.24750354538118258,47671.97735023258,6.319684557404158,51.9717241452064,0.7186898560994543,0.31544253306559256,0.32721178848162136,0.20196487092204987,0.24507737564863966,0.2906810721845072,0.22505329114897993,6.446148393658548,599.9069335624066,0.303328136763344,12.972463348765432,82.31536750209403
59,359,76.6779,12.9243,79,16.1673,0,121,117,22,137,17,0.97563,87.0836,0.0,0.0,0.64286,4.282,11.29509,0.0,0.0,130.0,41.80344,0.00028,2.67,3.012,-1.0,0.0,0.6200235294117648,0.26346535877953037,69189.90860498339,0.17498705852217727,89.18455225561621,84.34392056673805,0.2476920247514307,47722.92835507729,6.377158338135428,52.07120523335021,0.7186898560994551,0.31722369381424126,0.3273389287905028,0.20151037779976494,0.24449836183760165,0.2901998229195241,0.22482608839273122,4.882390955671595,598.7780523058758,0.3033284983523877,12.976610725308642,84.6795408943687
60,360,76.5758,12.632,79,17.1248,0,121,117,22,137,17,0.98597,86.92806,0.0,0.0,0.67857,4.3,11.18616,0.0,0.0,130.0,41.81223,0.00017,2.68,3.674,-1.0,0.0,0.6204388235294118,0.2630216281282492,69308.99255939764,0.1741852671518684,89.2671653595821,84.33933222818811,0.2478923325052202,47655.145526534856,6.405776467995259,52.09557973602672,0.7148488151203929,0.31812879718466425,0.32612059159351525,0.20133976352848337,0.24409591426598087,0.28984256637614364,0.2242819232883259,8.029393666939121,597.6703070961472,0.30298487121979045,13.048996913580247,86.64257885312813
61,361,76.7847,12.0742,79,16.6876,0,121,117,22,137,17,0.99535,87.21618,0.0,0.0,0.57143,4.261,10.94011,0.0,0.0,130.0,41.97972,0.00023,2.71,3.182,-1.0,0.0,0.6232026078431372,0.26316683535044777,69354.07130576426,0.1738732045467157,89.22926973056455,83.60808007072535,0.24838741594169317,47896.56264071111,6.399706270989183,52.354672655647185,0.7186898560994534,0.31889294759280923,0.3245401500518214,0.20124120468879697,0.24386108864456574,0.289744305885268,0.2240253581295538,5.919009187581133,596.5540093936838,0.3028783165696022,13.076967592592593,85.42922806644512
62,362,76.9031,12.3817,79,15.6365,0,121,117,22,137,17,1.00001,87.38361,0.0,0.0,0.42857,4.256,10.45971,0.0,0.0,130.0,41.99076,0.00022,2.69,3.437,-1.0,0.0,0.6233939411764698,0.26333470003477377,69506.88387524849,0.17413377617930717,89.17175488008138,83.54112858923253,0.24920444407764572,47934.317988494484,6.221873995608759,52.30920805754485,0.7225308970785166,0.3198639901356257,0.32331279773335203,0.2010888284656256,0.24345636853492414,0.28998083799521807,0.22396172353809057,6.340756457542824,595.4534124944354,0.3028779387002251,12.930073302469136,88.67786199090429
63,363,76.6107,12.1291,79,15.1741,0,121,117,22,137,17,1.00959,87.09073,0.0,0.0,0.21429,4.256,10.72418,0.0,0.0,130.0,41.99092,0.0003,2.66,3.736,-1.0,0.0,0.6229149411764705,0.2634368496702729,69309.30003476643,0.17472289997016124,89.27144015520341,83.3759511620137,0.2502360681014429,47529.33749085616,6.257665258352888,52.33588437680845,0.7203132710352848,0.3213958911779492,0.3219095738077684,0.20093248377377054,0.2432137830188391,0.29037975373612257,0.22415592247394267,7.575089859343347,594.3627722947238,0.30329924328002594,12.719376929012345,85.76326159422355
64,364,76.6704,12.3995,79,16.1774,0,121,117,22,137,17,1.00516,87.16138,0.0,0.0,0.17857,4.279,10.50661,0.0,0.0,130.0,42.00343,0.00012,2.68,3.736,0.125,0.0,0.623467647058823,0.263513110649736,69269.08286599115,0.17454820940510682,89.26860747697151,83.26270241219612,0.251515109129293,47745.14952501821,6.180587091575807,52.41775173611111,0.7225308970785201,0.3230033558128385,0.3202569724732453,0.20071896786319915,0.2428994972953456,0.2909108857210117,0.224590952753483,7.0651606993462766,593.2901009449043,0.30361338907944774,12.560281635802468,85.69442875633025
65,365,76.7216,12.7209,79,15.9693,0,121,117,22,137,17,1.00103,87.19545,0.0,0.0,0.53571,4.287,10.74281,0.0,0.0,130.0,41.96152,0.00025,2.69,3.515,-1.0,0.0,0.6232382156862739,0.2639763838427989,69299.98858223634,0.17445188088228378,89.1974551778269,83.13021598648757,0.25269633844761824,47843.3245710824,6.22573571850151,52.418999377592115,0.7209074821426857,0.3246387091779858,0.31876551147205845,0.20041398179875874,0.24272075260445342,0.2914311278436444,0.22501156473915984,5.421658335272788,592.2355708346483,0.3040195911173654,12.490403163580247,86.36574195606268
66,366,76.7211,12.506,79,15.9572,0,121,117,22,137,17,1.0001,87.13597,0.0,0.0,0.39286,4.259,11.02498,0.0,0.0,130.0,41.8887,0.00035,2.69,4.109,-1.0,0.0,0.6223733333333333,0.2644270484872374,69284.84249836805,0.17509074289765983,89.22735186198989,82.98017529679827,0.25416453971248243,47981.69781096765,6.276413604444301,52.42937252845293,0.7203132710352902,0.3270662794848628,0.31697861882471695,0.2000464638176699,0.24246792681378107,0.2915622824209972,0.2253936747124614,6.21482376850484,591.1791734788517,0.30414782493266296,12.47092013888889,82.83859989433688
67,367,76.7579,12.877,79,15.9574,0,121,117,22,137,17,1.01518,87.16853,0.0,0.0,0.17857,4.274,10.8428,0.0,0.0,130.0,41.82982,0.00023,2.66,4.012,-1.0,0.0,0.6219854901960784,0.2646420768800569,69304.57731171873,0.1748744160305898,89.21413157267786,82.69337253164441,0.2552048547179827,47950.87491535874,6.227109819281244,52.48584078565056,0.7186898560994625,0.3299560063128257,0.31494477819188454,0.19994820285599874,0.24240676986292806,0.29147238693427896,0.22576806489892495,6.001498347093228,590.1282213306692,0.304349644506711,12.336226851851851,87.79757494864144
68,368,76.7313,12.5038,79,16.1227,0,121,116,22,137,17,1.01585,87.03687,0.0,0.0,0.32143,4.268,11.16011,0.0,0.0,130.0,41.78115,0.00041,2.72,3.637,-1.0,0.0,0.6212129411764705,0.2654704177288389,69395.83063642602,0.17489611982535108,89.21635861330532,82.37159899686307,0.2557121711354673,47908.022792324235,6.294311655316169,52.513630808135616,0.7164722300562364,0.3322313701131013,0.3127336802723026,0.19978549623172975,0.2421631407194154,0.2912340264069191,0.22605525110112593,6.281729445439042,589.0611533731889,0.3044698699876381,12.211853780864198,85.58652848039347
69,369,76.6169,12.9861,79,15.6257,0,121,116,21,137,17,1.00598,86.8911,0.0,0.0,0.07143,4.273,10.83498,0.0,0.0,130.0,41.76435,0.00038,2.68,3.514,-1.0,0.0,0.6217109803921568,0.26536547619118017,69357.67486077064,0.17552460811842907,89.26729039054683,81.95706131228684,0.2557975724239664,47917.98830448333,6.2361705922883,52.49482161910446,0.7186898560994526,0.3339239403478941,0.3101877325664613,0.20005913094699837,0.24218294545348068,0.2912201746991766,0.22580394695437003,6.129398343090898,588.0066684457498,0.3049587790601815,11.987413194444445,87.12345573383276
70,370,76.5919,12.8918,79,16.3727,0,121,116,21,137,17,1.00085,86.8518,0.0,0.0,0.35714,4.261,11.25043,0.0,0.0,130.0,41.7297,0.00044,2.69,3.601,-1.0,0.0,0.6216121568627451,0.26507642082872757,69356.54718848705,0.17526138090467797,89.24210168795341,81.73354564234185,0.2557399443507463,47860.7795374696,6.324101878056932,52.44738355095004,0.718689856099454,0.3357377602898181,0.3077421662676426,0.20038294365771325,0.24202833124386489,0.29118764533958613,0.22559075188178523,4.161314844175921,586.9444500815965,0.30510117240495477,11.816454475308642,87.20126360152432
71,371,76.5687,12.0713,79,15.9657,0,121,116,21,137,17,0.98994,86.92055,0.0,0.0,0.14286,4.291,11.17039,0.0,0.0,130.0,41.71321,0.00044,2.67,3.597,-1.0,0.0,0.6216003921568627,0.2650193350529241,69231.93639334172,0.17558877478651225,89.18408162176814,81.28145851092191,0.2554988140502814,47591.95652038718,6.289105822352895,52.51607861930941,0.7225308970785195,0.33695297088172765,0.3048962198658419,0.2008014979294734,0.24185898718370494,0.29101479194774094,0.22557894880518223,4.715981867603657,585.8845265955681,0.30507659545186805,11.853780864197532,86.94666036094206
72,372,76.4841,12.2031,79,15.5652,0,121,116,21,137,17,0.98034,86.87754,0.0,0.0,0.10714,4.274,10.45293,0.0,0.0,130.0,41.66008,0.00036,2.72,3.327,0.12526,0.0,0.620715294117647,0.26440011550424863,69086.17369742008,0.1766638060105788,89.19830290435698,80.82115611613455,0.2553455037119799,47189.077550244656,6.11845235870063,52.44078026288821,0.7225308970785237,0.33818921152241865,0.30172434428954503,0.20120645029254394,0.24183550033866835,0.2908103847434956,0.22573157331202112,5.931606259703073,584.8447631966432,0.3051433009240895,11.660542052469136,86.95830195692457
73,373,76.4377,11.7725,79,15.5471,0,121,116,21,137,17,0.99036,86.80805,0.0,0.0,0.21429,4.25,10.56742,0.0,0.0,130.0,41.63898,0.00032,2.68,3.521,-1.0,0.0,0.6200312156862736,0.2640400269520047,69306.30957145321,0.17534343662533705,89.2331147843519,80.54900607459106,0.25546684381394663,47316.63697483843,6.168229411804176,52.52714632764275,0.7225308970785257,0.3401724494841351,0.2989323038955221,0.20163710747276298,0.2420640109583307,0.29048416036008734,0.22595868868155972,7.242426992504451,583.822781675146,0.3053803121636655,11.522424768518519,86.81065626365002
74,374,76.3558,11.8482,79,15.6808,0,121,116,21,137,17,0.99292,86.72595,0.0,0.0,0.28571,4.22,10.19261,0.0,0.0,130.0,41.59793,0.0002,2.68,3.243,-1.0,0.0,0.6197450980392156,0.2637439927101433,69407.35629159039,0.17485396512305598,89.22400515706867,80.39054293337837,0.2564295011154589,47137.14118831805,6.056556709841554,52.53836474006559,0.7225308970785275,0.3430828549139577,0.2970357100790276,0.2019791206556108,0.2419897490706134,0.29034280486335384,0.2261385302369896,4.098564899770564,582.827086102435,0.30576535397953597,11.328173225308642,87.16236104240201
75,375,76.5075,11.2639,79,15.7687,0,121,116,21,137,17,0.98917,86.88931,0.0,0.0,0.25,4.26,10.26238,0.0,0.0,130.0,41.59822,0.00023,2.68,3.668,-1.0,0.0,0.61994,0.26344068897108414,69454.55769418029,0.17528664701086613,89.20407752357092,80.21378648648447,0.2575284301004615,47523.301565315945,6.079432994106884,52.56117606457369,0.7225308970785296,0.3461697302205563,0.2950727209074385,0.20225413083186725,0.24189834213077344,0.29043461045597907,0.22631218988000262,6.863664077317536,581.8619948701486,0.30642570635718924,11.134452160493828,87.16607907832655
76,376,76.4521,11.1032,79,14.5675,0,121,116,21,137,17,0.99021,86.85911,0.0,0.0,0.60714,4.239,9.75565,0.0,0.0,130.0,41.55501,0.00015,2.67,3.455,-1.0,0.0,0.61952,0.2630385591301747,69467.52411396435,0.17513046406756605,89.18326397826087,80.00127710556973,0.25852254918645445,47446.28141095228,5.931666061241857,52.580473911615066,0.7256398397828514,0.3492999417210574,0.29286602008308665,0.2026266324608913,0.24180726786215198,0.2908036767207757,0.22653081989205293,6.076952708683648,580.9360753868738,0.3071576707069262,10.989293981481481,86.9548154131844
77,377,76.5077,11.3249,79,14.4065,0,121,116,21,137,17,0.99425,86.90879,0.0,0.0,0.32143,4.247,9.60934,0.0,0.0,130.0,41.53517,0.00018,2.65,3.68,-1.0,0.0,0.6194341176470574,0.2628085337165456,69485.80735705425,0.17555226111953645,89.16332101265132,79.91589891971839,0.25938556800666773,47753.66136281568,5.92502631698762,52.58160456904658,0.7269661491649823,0.3522919617688488,0.29108894557216825,0.2028810681493377,0.2414383028853094,0.2914914812151301,0.2265646734941856,4.8933536369208905,580.0429693162072,0.3078827489390444,10.711805555555555,86.82565983732304
78,378,76.4498,11.3449,79,14.4181,0,121,116,21,137,17,0.99166,86.85416,0.0,0.0,0.10714,4.262,9.79908,0.0,0.0,130.0,41.47006,0.0003,2.66,3.376,-1.0,0.0,0.6186901960784315,0.2625522143177532,69529.2801204994,0.17677160443767317,89.1746807183054,79.89210144114227,0.2599382265389204,47801.89176233958,5.995248823485487,52.609286461347416,0.7269661491649789,0.3553604266593903,0.28891952753665806,0.20310526947931573,0.24094449825377742,0.2921823963655763,0.22657429757991207,6.7349394415575485,579.1810648380314,0.3087937269985327,10.496527777777779,86.05982454820955
79,379,76.3721,11.5347,79,14.5574,0,121,116,21,137,17,0.99676,86.77594,0.0,0.0,0.25,4.257,9.82407,0.0,0.0,130.0,41.44514,0.00022,2.67,3.514,-1.0,0.0,0.6179192156862746,0.26255429714402345,69576.6298101281,0.1769686207707848,89.17441557926041,79.88492909741288,0.2601891708715789,47675.9868180492,6.00776254865731,52.62364083749277,0.7229658897995664,0.3582546470515241,0.28648089303486196,0.20321870574928091,0.240416362469938,0.29257629467247026,0.22642737329695722,4.1390827381145545,578.3490141288106,0.3095998952108242,10.27097800925926,85.98473506834534
80,380,76.244,11.3783,79,13.5925,0,121,116,21,137,17,1.00726,86.6682,0.0,0.0,0.14286,4.275,9.99367,0.0,0.0,129.0,41.39998,0.00049,2.66,3.9,0.125,0.0,0.6174000000000002,0.26224597547958306,69397.25479468622,0.1775087609641964,89.17266065213428,79.96735888432202,0.26017650476244014,47467.213738628874,6.022864741247144,52.620471530490455,0.7225308970785287,0.36050794683124565,0.2839833530158694,0.20327519932079743,0.23987936397484513,0.292612442068465,0.22597236893162106,4.967598756641985,577.553104631376,0.3103474783995064,10.09669174382716,88.23615881510355
81,381,76.3203,10.5999,79,13.9787,0,121,116,21,137,17,1.00511,86.70111,0.0,0.0,0.32143,4.268,9.85512,0.0,0.0,129.0,41.35426,0.00029,2.68,3.809,-1.0,0.0,0.6171435294117646,0.26197268317987743,69376.18813444192,0.1775807971933064,89.17073003860052,80.07116989810612,0.2601417207513055,47450.83697301567,5.999022487137644,52.63136913158275,0.7225308970785304,0.3636930083791627,0.2818589448119831,0.20333624790801452,0.23937473037049245,0.292623145677699,0.22551119058255426,5.494302278610401,576.7863237695833,0.3113049012989595,9.996768904320987,86.55689522620987
82,382,76.1699,10.59,79,13.5019,0,121,116,21,137,17,0.99456,86.53451,0.0,0.0,0.35714,4.259,9.17324,0.0,0.0,129.0,41.32287,0.00018,2.69,3.926,-1.0,0.0,0.6164650980392143,0.2619004975999441,69254.6513527134,0.1774971545846431,89.20349599214245,80.05149100148782,0.26002978307132224,47103.52041504772,5.866919789274949,52.70251351815682,0.7225308970785188,0.36735511490922257,0.2798837295227853,0.20341879071372862,0.23896296368295059,0.29268042163738184,0.22526110241522695,6.579600277828723,576.040966785725,0.3125736885951578,9.773292824074074,86.79014572440414
83,383,76.0394,11.1444,79,13.3183,0,121,116,21,138,17,0.9887,86.4687,0.0,0.0,0.60714,4.257,9.16217,0.0,0.0,129.0,41.29186,0.00016,2.69,4.606,-1.0,0.0,0.6158635294117647,0.2620112573643258,69317.53734288926,0.17691682238261985,89.17957962780811,80.07540133820238,0.26004370315170244,46617.1129650848,5.897751427512028,52.61086226098332,0.7225308970785266,0.3695327895003217,0.27788286835485293,0.20346963874398447,0.2381112114865599,0.29297784403434923,0.22500458456903658,6.631661277919939,575.3268241806173,0.3138469456770727,9.602334104938272,86.39236562184385
84,384,75.9122,10.7803,79,14.2231,0,121,116,21,138,17,0.98442,86.35102,0.0,0.0,0.32143,4.27,9.65017,0.0,0.0,128.0,41.26495,0.00023,2.68,3.888,-1.0,0.0,0.615066274509804,0.2620536493726235,69308.2508023728,0.17693807075684148,89.1984617935956,80.05357717229656,0.260110883280934,46477.28385711592,5.999037935129211,52.673124902042346,0.7231251081859238,0.3716177216913912,0.2759772457801893,0.2034886274138313,0.2371374683255364,0.29330700503605894,0.22482981846143915,5.671902171029844,574.6302056112496,0.3152292859292116,9.44044174382716,86.47583041083166
85,385,75.7688,10.4781,79,13.7468,0,121,116,21,137,17,0.99839,86.17105,0.0,0.0,0.42857,4.277,9.33235,0.0,0.0,128.0,41.25704,0.00024,2.69,4.266,-1.0,0.0,0.6139686274509804,0.26236063617208977,69206.45577446728,0.1775001211363184,89.24265392827797,80.31085505592496,0.2599330456537649,46218.77745933737,5.941897616089712,52.79395718044705,0.7225308970785305,0.3740583220207358,0.27362412429498933,0.20386282032851855,0.23609544568707436,0.2933415705337268,0.22502762466632398,5.785273536366662,573.9567133946515,0.3166306693414881,9.30005787037037,86.41716067652197
86,386,76.0734,10.1277,79,14.1026,0,121,116,21,137,17,1.00713,86.50294,0.0,0.0,0.07143,4.239,9.07376,0.0,0.0,129.0,41.39494,0.00046,2.71,3.598,-1.0,0.0,0.6139145098039216,0.2628445589690074,69370.00658769273,0.17810466260725338,89.16498042735196,81.6765351811541,0.25957894653862346,46704.158479177684,5.94244490319171,52.67022102261767,0.724748523121748,0.3766321647424666,0.2710856735997593,0.20440762338306914,0.2349835405483228,0.29346429225623144,0.22481843522050537,7.848889060076268,573.2480670454755,0.31804767470185197,9.398533950617283,84.57262981523223
87,387,75.7515,9.94934,79,12.8573,0,121,116,21,137,17,1.01015,86.22218,0.0,0.0,0.35714,4.25,8.75828,0.0,0.0,129.0,41.38018,0.00034,2.69,3.692,-1.0,0.0,0.613592156862745,0.2635421111326832,69394.83817362049,0.18009545926156145,89.24633488704585,81.6608725802792,0.2596362527936976,46262.50898254626,5.782393683449005,52.586958708586515,0.722530897078526,0.37908906165695266,0.2689878195361215,0.2050455962968321,0.233947481525756,0.29386051417908415,0.2247926128375737,6.48272235853401,572.5722005107307,0.31976411727923426,9.326919367283951,84.43664053162003
88,388,75.7403,10.1462,79,12.6979,0,121,116,21,137,17,0.99852,86.12603,0.0,0.0,0.10714,4.252,8.60014,0.0,0.0,129.0,41.35811,0.00035,2.69,3.543,0.125,0.0,0.6130266666666666,0.2640282184559754,69280.90988539933,0.18121908448446422,89.20851906183154,81.62830456797624,0.2591220324719324,46135.714797199245,5.765619720045091,52.584799495744114,0.7225308970785237,0.38130863254450653,0.26655722645388924,0.2057499478122763,0.23299477946857564,0.29419590848023575,0.22472606921882318,4.609083596333384,571.9037099043786,0.3214602023846276,9.263792438271604,85.96267038370931
89,389,75.7112,10.1402,79,13.1141,0,121,116,20,137,17,0.99217,86.09262,0.0,0.0,0.57143,4.244,8.77632,0.0,0.0,128.0,41.18663,0.00035,2.7,3.791,-1.0,0.0,0.6117913921568627,0.26439981134545015,69224.75343590422,0.18259862427560544,89.18459191353227,81.39549915832896,0.25840002284866603,45544.16981285903,5.935078765043785,53.54371925636574,0.7225308970785211,0.3835172888259778,0.2644396199245671,0.20656910784677066,0.23219754809132154,0.2941221819020318,0.22481076990690893,6.871687096045086,571.1961667362555,0.32307729001157387,9.08767361111111,84.43664165761814
90,390,75.4779,10.0747,78,12.8905,0,121,116,20,137,17,0.99012,85.86929,0.0,0.0,0.5,4.26,8.77351,0.0,0.0,128.0,41.10923,0.00039,2.68,3.684,-1.0,0.0,0.6102431372549021,0.26462642860372226,69197.32332206379,0.1835634542891429,89.22480105503274,81.61231206676119,0.2575809684369686,45217.06258765615,5.859313535342913,53.73920996395158,0.7225308970785194,0.385889793303541,0.2621742937563512,0.2075810612358929,0.2313913068639081,0.2938954966984102,0.22453017509904402,7.245708790610464,570.4838787580844,0.32460321957971483,9.014564043209877,81.98822437576055
91,391,75.3562,10.126,78,12.5816,0,121,116,20,137,17,0.98739,85.69108,0.0,0.0,0.42857,4.238,8.72012,0.0,0.0,128.0,41.09441,0.00036,2.67,3.807,-1.0,0.0,0.6098666666666667,0.26541905975407465,69301.68495633354,0.18514142004317272,89.27070927820189,81.47050548606907,0.25721258318699736,45293.967710355726,5.79220849950151,53.76129489474827,0.7203132710352884,0.3884648274007909,0.26005040505806687,0.2084330673957208,0.23047190759975314,0.29371130700074916,0.22432227566468882,6.8282556124900795,569.800178068412,0.32571769622181007,8.976128472222221,81.98404615184799
92,392,75.3154,10.1837,78,12.2143,0,121,116,20,137,17,1.00973,85.70245,0.0,0.0,0.07143,4.233,8.75224,0.0,0.0,128.0,41.0638,0.00041,2.66,3.624,-1.0,0.0,0.6091219607843138,0.26555993360350083,69287.6608379476,0.1868725456313996,89.26487403339179,81.75926669055931,0.2574163379347803,45170.636154705826,5.818490762039791,53.731439661096644,0.7209074821426898,0.3913017110063201,0.2581599064176129,0.20906996181364684,0.229441860899846,0.2934397062191283,0.22407114169020376,4.858800557204374,569.1321388918352,0.326660943249221,8.82595486111111,81.99719203451522
93,393,75.2383,10.026,78,12.4016,0,121,116,20,138,17,1.01588,85.54245,0.0,0.0,0.32143,4.226,8.80922,0.0,0.0,128.0,41.04883,0.00069,2.66,3.515,-1.0,0.0,0.6085679019607841,0.2661754324419611,69200.44426203537,0.18884515456454273,89.28031284347021,81.5877819189275,0.2579172290008117,44922.58363108704,5.839144826142671,53.779770274221164,0.7186898560994565,0.3939467449726096,0.25622015386837316,0.20975793235706056,0.22819907429103314,0.2935184898887886,0.223791434344767,8.260280149969368,568.4920509033071,0.32753586624903946,8.63671875,84.2215932734485
94,394,75.1501,10.1189,78,12.7749,0,121,116,20,138,16,1.01028,85.41537,0.0,0.0,0.21429,4.257,8.67028,0.0,0.0,128.0,41.01874,0.00064,2.67,3.723,-1.0,0.0,0.6079356862745098,0.2663327146717695,69202.18903754001,0.1887735175538355,89.27030310045294,81.4305714702127,0.2581852304648168,44888.365939643634,5.800375105939164,53.76450865945698,0.7186898560994424,0.3961942900755844,0.25455268098694334,0.21031412835330926,0.2270207269529559,0.29358239930637214,0.22318932341620284,4.695150125080014,567.8651785678529,0.3285180300913626,8.535349151234568,86.01955063355032
95,395,75.3335,9.7999,78,12.3086,0,121,116,20,138,16,0.99493,85.67599,0.0,0.0,0.21429,4.225,8.75879,0.0,0.0,128.0,41.0428,0.00052,2.65,3.457,-1.0,0.0,0.6080407843137254,0.26693426369537404,69259.44195009308,0.18954277736202602,89.27535492574879,81.48211053270569,0.25837841406924683,45282.064020012825,5.798352275771138,53.8256551483531,0.722530897078517,0.3976404094332121,0.2529565336854434,0.21066718517172564,0.2257146446186915,0.29347690155668404,0.22241940427166293,6.960238007679946,567.2680155256917,0.3294804332441968,8.470003858024691,87.00265390982554
96,396,75.293,9.76049,78,12.2314,0,121,116,20,138,16,0.98853,85.54924,0.0,0.0,0.21429,4.229,8.48669,0.0,0.0,128.0,41.04309,0.00034,2.66,3.83,0.125,0.0,0.6079235294117648,0.2671081745733552,69237.45156646967,0.19169099199761203,89.26515911110512,81.56397065125432,0.25898022918284985,45168.297147451456,5.763607924879033,53.90758844069493,0.7203132710352872,0.39870695795382977,0.2513020327722629,0.2108770459530642,0.22447108551838335,0.29343280206298206,0.22161111478548218,5.428943075520484,566.6931931344866,0.3304506364946607,8.478829089506172,86.88814720832784
97,397,75.2873,9.96611,78,12.4282,0,121,116,20,138,16,0.99405,85.56517,0.0,0.0,0.28571,4.226,8.46131,0.0,0.0,128.0,41.04752,0.00047,2.67,3.613,-1.0,0.0,0.607698431372549,0.2678640602203002,69262.9049178836,0.19568066386027114,89.28326922892639,81.69203330215967,0.25923173878659916,45192.718137127005,5.778395246675362,53.83568959177276,0.722530897078518,0.40083295630443,0.24991268120856294,0.21107835038018735,0.22330082461146813,0.2935134927506988,0.22127439157227316,5.792518218071234,566.1273110572826,0.33132197194216273,8.444106867283951,87.0960953273236
98,398,75.0705,10.1778,78,12.58,0,121,116,20,138,16,1.00479,85.29772,0.0,0.0,0.21429,4.248,8.62658,0.0,0.0,128.0,41.03466,0.00044,2.69,4.03,-1.0,0.0,0.6074859215686275,0.2683291549720599,69218.64529170556,0.20041622162090242,89.31905700646826,81.6991052489039,0.2591459972254859,44823.59081949373,5.826337736499068,53.84361813392168,0.7186898560994481,0.4029340120604732,0.248866390126483,0.21129369336272402,0.22228333418872345,0.2934688463566627,0.2209756784575279,4.437820732998797,565.5808298560653,0.3321258338297095,8.39236111111111,87.45071089671623
99,399,74.8634,,77,12.651,0,121,116,20,138,16,0.99306,85.04008,0.0,0.0,0.28571,4.231,8.80709,0.0,0.0,128.0,41.01648,0.00055,2.69,4.042,-1.0,0.0,0.6071333333333332,0.2689299878970179,69257.56990150854,0.20496085510235296,89.33860136112813,81.67596884899362,0.25902393594095824,44670.950702326794,5.867791825105742,53.85219018253279,0.7142546040129908,0.40483199960864746,0.24826735497767274,0.211370605016402,0.22132361817278906,0.2933456438101413,0.2207123825139689,6.935896482309701,565.0475315753217,0.3328108738202875,8.315489969135802,87.36074283467286
