,frame_number,SITI.SI,SITI.TI,VCA. E,VCA. h,VCA. epsilon,VCA. L,VCA. avgU,VCA. energyU,VCA. avgV,VCA. energyV,AGH.Blockiness,AGH.Spatial Activity,AGH.Letterbox,AGH.Pillarbox,AGH.Blockloss,AGH.Blur,AGH.TemporalAct,AGH.Blackout,AGH.Freezing,AGH.Exposure(bri),AGH.Contrast,AGH.Interlace,AGH.Noise,AGH.Slice,AGH.Flickering,cambi,blockiness,cubrow.0.3,cubrow.0.6,color_fulness,movement,noise,cubrow.0,staticness,temporal,blur,uhdhdsim,cubcol.0.6,cubcol.1.0,tone,cubrow.0.5,cubcol.0,cubrow.1.0,fft,cubcol.0.3,saturation,contrast,cubcol.0.5
0,0,121.489,25.2338,140,0.0,0,116,129,18,125,13,1.00184,118.29984,0.0,0.0,1.32143,3.734,0.0,0.0,0.0,128.0,58.46286,0.00343,0.45,3.674,0.0,0.00567,2.6311688908702204,0.5067028157814721,0.42238336193561526,145.1581330487041,0.0,0.6833670577941359,0.21809045277119557,228.43102749455875,0.0,193032.30255835707,80.2374898722791,0.5263794830217832,0.485597010246616,0.8918180392156861,0.37447393696972925,0.30826043147624205,0.4294649549947309,83997.62286436513,0.4630865629122852,22.376478595498167,95.21744187284435,0.46627626822366464
1,1,121.849,26.6107,141,42.545,0,116,129,18,125,13,0.99839,118.68008,0.0,0.0,0.75,3.743,21.66756,0.0,0.0,128.0,58.53275,0.00355,0.44,3.904,-1.0,0.005123,1.8697822992107078,0.46771723976674884,0.3905763911102037,144.94595324325806,12.034336419753087,0.6855846838373632,0.21288548835739549,226.8020745181274,5.279424846552032,194974.68636077308,80.18898797984521,0.4799356959670839,0.4300649644639087,0.8918180392156861,0.34263318880888166,0.2696217689672694,0.4007682822260292,83952.07410200543,0.4304469697692493,22.49292557327836,92.58368146846658,0.43476300978326493
2,2,121.436,25.7222,140,44.4955,0,116,129,18,125,13,0.99036,118.3273,0.0,0.0,0.5,3.72,22.84695,0.0,0.0,128.0,58.59673,0.00353,0.44,4.198,-1.0,0.006731,2.018066408928049,0.460185409359722,0.38738164364139066,145.0255778221797,12.853973765432098,0.6855846838373609,0.209713410030657,224.67546121283607,5.306553664962365,192706.9278087553,80.26139690264506,0.45850584667906374,0.4125579136882439,0.8920999999999999,0.32688976350549015,0.2620908984634519,0.38977974097553186,83764.98222187631,0.4101387220082348,22.48876971963011,92.01959692258234,0.428462329858096
3,3,121.922,25.8653,141,43.5682,0,116,129,18,125,13,1.0089,118.75016,0.0,0.0,1.5,3.719,22.08632,0.0,0.0,128.0,58.68931,0.00328,0.45,4.113,-1.0,0.004107,2.4693436914832025,0.44845700670617616,0.38805863302494326,145.18867102627473,11.807098765432098,0.6855846838373587,0.19888727378314225,222.6310809042983,5.1283249934983965,195072.63196031522,80.18085341268196,0.4518385298208704,0.40161035581408044,0.8932694117647058,0.3237198401892919,0.2567198608830085,0.38466767364387516,83884.74184538181,0.40774146508408904,22.52117241753472,92.02882846123987,0.4313884322300384
4,4,122.009,25.873,141,42.7754,0,117,129,18,125,13,1.00524,118.83583,0.0,0.0,1.28571,3.714,22.20847,0.0,0.0,128.0,58.68438,0.00313,0.44,4.206,-1.0,0.005259,2.81773173770285,0.4358926844097011,0.38584273283220866,145.6817851366862,11.235001929012345,0.685584683837363,0.19091084363746838,220.5766595047068,5.122260274046216,196300.02824658144,80.19027645694021,0.44783784293106654,0.3950809894360041,0.8934996078431372,0.32633640368469785,0.25179833957004333,0.3817433800256301,83777.75966298912,0.40768430208752277,22.401269229841823,90.44419058812738,0.43169469776483455
5,5,122.287,26.2061,141,42.7331,0,117,129,18,125,13,0.99809,119.11692,0.0,0.0,1.75,3.669,22.21507,0.0,0.0,128.0,58.61002,0.00325,0.44,3.938,-1.0,0.00614,2.4234841033932373,0.427408059780196,0.38228398148280635,145.78555638542008,10.697868441358025,0.6855846838373653,0.18608427104005026,218.71591598366498,5.137726266757468,196971.74382872644,80.1397025364917,0.44264645930090024,0.3917865531686285,0.8934698039215685,0.3289272211069213,0.2504000809927179,0.37503736173034563,83919.29098554191,0.4102080275311533,22.400829362280575,91.628428115362,0.42680412157560604
6,6,122.12,25.0879,141,45.178,0,117,129,18,125,13,0.9942,118.92181,0.0,0.0,0.89286,3.672,22.4994,0.0,0.0,128.0,58.51621,0.00308,0.44,3.822,-1.0,0.005113,2.5647344465106467,0.4205394468265054,0.3766852996855887,146.00663890454024,10.353491512345679,0.6855846838373644,0.18497379474397846,216.9629126449698,5.2040493338244405,195411.14699366086,80.13943063649242,0.43863393132652184,0.38649354256617613,0.8934996078431372,0.3272359757763977,0.24765342239890684,0.3691565751289891,83989.08931976937,0.40894891336257305,22.381997756016105,91.8663030019989,0.42417792000809057
7,7,121.727,25.5997,140,43.4003,0,117,129,18,125,13,0.98417,118.53391,0.0,0.0,1.25,3.713,21.54335,0.0,0.0,128.0,58.44461,0.0034,0.44,3.89,-1.0,0.006614,1.9501323464647626,0.415919952156722,0.3805482895209144,146.17600947309347,9.216435185185185,0.6855846838373637,0.1825463435563144,215.37164291666897,5.145035581937533,193777.94709310168,80.17243233938876,0.4355482963754592,0.38880250206307915,0.8934996078431372,0.3299109198349544,0.2519961787698529,0.3654864347891725,84005.96159434566,0.4091671101570539,22.30870602454668,92.75090309489656,0.42399898066225866
8,8,121.509,25.5877,140,44.2506,0,117,129,18,125,13,0.99957,118.41218,0.0,0.0,1.28571,3.684,21.98176,0.0,0.0,128.0,58.3749,0.00336,0.44,3.962,0.1776,0.004498,2.31963549853155,0.41118371257942926,0.3817909555120243,146.48087737756146,9.00438850308642,0.685584683837369,0.1834758490633196,213.85167744424834,5.155830791039727,192253.40301885598,80.19739571651188,0.4332814289059092,0.38912626375760817,0.8931572549019606,0.33045701419698886,0.2542549037213362,0.36316782141288184,83945.06547789175,0.40546387634939307,22.163262826425058,90.15588883705736,0.42454818719363313
9,9,121.866,25.6618,141,44.1855,0,117,129,18,125,13,1.00773,118.77464,0.0,0.0,0.92857,3.694,21.97004,0.0,0.0,128.0,58.34235,0.00343,0.44,4.317,-1.0,0.005659,1.6676117736578437,0.4082383602583896,0.3838729296768496,146.51069567431176,8.42650462962963,0.687208098773198,0.18454359632268016,212.42024660270906,5.113646258226076,193750.21946373457,80.1379483048869,0.43103519207852203,0.3874347260026641,0.8923607843137253,0.33035725944678596,0.2568907742561459,0.36106826974644624,83865.22447726796,0.4034604481242674,22.161373185522763,90.06055828094041,0.4265375761359497
10,10,121.539,25.025,141,42.733,0,117,129,18,125,13,0.99695,118.45236,0.0,0.0,1.10714,3.674,22.0344,0.0,0.0,128.0,58.29168,0.00355,0.44,4.563,-1.0,0.004881,1.7277289784395298,0.40395788974534724,0.3852459831853341,146.6249396137129,10.59813850308642,0.6855846838373653,0.18507669375866925,211.03952476938062,5.091751892939106,191500.97423256724,80.15412410238952,0.4289488298895716,0.3883700372989316,0.8917882352941175,0.33423563951012214,0.2583368296770205,0.3577511538569669,83841.36662797356,0.40365061670598,22.10261497968509,90.04009956253657,0.4272426643587911
11,11,121.413,25.4254,140,41.5441,0,117,129,18,125,13,0.9964,118.26078,0.0,0.0,1.25,3.679,21.4895,0.0,0.0,128.0,58.29757,0.00358,0.44,4.269,-1.0,0.005548,1.8500475616451024,0.40192491459220964,0.38556832848592043,146.77753962997448,12.136188271604938,0.68558468383736,0.1859242228602088,209.78094121707883,5.063591560418429,191176.3337257444,80.18381839583974,0.4289158346799124,0.39088007628545907,0.8915501960784312,0.3383962845185402,0.2611042773193896,0.35618850173113437,83872.12077080802,0.39772966823929345,22.08365131896219,90.05137290421212,0.4272891661508426
12,12,121.888,25.429,141,43.4252,0,117,129,18,125,13,0.99665,118.67515,0.0,0.0,1.5,3.687,21.83567,0.0,0.0,128.0,58.36458,0.00341,0.44,4.354,-1.0,0.006312,1.672192387737787,0.4013852389352018,0.3875113035262099,147.04783572776444,10.965374228395062,0.6855846838373628,0.18514307543489086,208.58583844529056,5.100202510755839,194444.64207550007,80.18652405959509,0.4294770120303763,0.39058261794869087,0.8915501960784312,0.34106528850200873,0.261310821022612,0.35489958404249233,84007.12649427739,0.39215984064112974,22.055513170030384,95.34775392909924,0.4289587470755542
13,13,122.151,24.747,141,43.4144,0,117,129,18,125,13,0.99889,118.96717,0.0,0.0,0.82143,3.684,21.83754,0.0,0.0,128.0,58.44366,0.0033,0.44,4.043,-1.0,0.006211,1.8230737304614406,0.39987780699757547,0.38962540576847116,146.77308158597774,9.094859182098766,0.685584683837364,0.18454603513645323,207.4560957804605,5.047945151960513,196169.39891243493,80.12913946058204,0.4265097058708528,0.3896589876354942,0.8918180392156861,0.341902788447243,0.26448430542634144,0.3526368666591304,84124.14015134874,0.3896383288416644,22.18943202642747,92.26622046421163,0.42938378924379256
14,14,121.712,26.0431,141,42.8276,0,117,129,18,125,13,0.99792,118.57881,0.0,0.0,1.5,3.701,21.25335,0.0,0.0,128.0,58.47446,0.00307,0.44,4.074,-1.0,0.004629,2.0014253724497078,0.3974920705233627,0.38953826459936874,146.8194725773624,8.464795524691358,0.6855846838373619,0.18479838254219952,206.38193129225735,5.1650258900320765,193737.00248326524,80.18346612101845,0.4240539749751342,0.38973528121084333,0.8918180392156861,0.3441672982219598,0.26980952713680983,0.35185170892458334,84056.29236196913,0.3892371855656286,22.096976386176216,95.34872568987863,0.43069803664503625
15,15,121.86,25.2474,141,44.409,0,117,129,18,125,13,0.99848,118.69989,0.0,0.0,1.60714,3.681,22.36177,0.0,0.0,128.0,58.52043,0.0031,0.44,3.895,-1.0,0.004975,1.6686915388787578,0.39516361479585493,0.38752395345953083,146.9669047650209,9.940779320987655,0.6855846838373605,0.18486854397159955,205.2891712124357,5.238356844154237,194445.3473288858,80.1497108187711,0.4233185388527123,0.3890845210011531,0.8918180392156861,0.3445043687489482,0.27262067458864775,0.3509347674923536,84063.04802919953,0.3866991355345822,22.03108328360098,95.77525559974787,0.4340712951760563
16,16,121.778,25.4011,141,43.2318,0,117,129,18,125,13,1.00147,118.57192,0.0,0.0,0.64286,3.704,21.68216,0.0,0.0,128.0,58.56249,0.00321,0.44,4.175,0.1731,0.004511,1.829499209096138,0.39266219371064753,0.38559798831440806,147.15941905712072,10.797935956790123,0.6855846838373622,0.18407579177901323,204.1604381215066,5.125082617521375,194144.02858353284,80.1499858411579,0.4209800613040873,0.389383647090743,0.8923607843137253,0.3456636977618172,0.27364652113195576,0.3502351529913409,84049.17724276352,0.384837060492322,21.946692572699654,92.85810512909244,0.4364580554913422
17,17,121.461,26.1224,140,45.2089,0,117,129,17,125,13,1.00082,118.27768,0.0,0.0,0.14286,3.712,21.81404,0.0,0.0,128.0,58.57641,0.00316,0.44,3.828,-1.0,0.006831,1.6943742590308242,0.3895308306852453,0.38329988882732857,146.9089330605355,10.72217399691358,0.6855846838373633,0.18118328155797875,203.06090364536595,5.099932625962019,191978.99395209982,80.18482508719535,0.41995250355199615,0.3883290251619343,0.8929270588235293,0.3457154772800532,0.2758058743001643,0.34892819852371904,83936.59469273342,0.3832161523230748,22.082410270785108,95.81593720079952,0.4354997290992532
18,18,120.969,25.5187,140,44.2385,0,117,129,17,125,13,0.99932,117.78172,0.0,0.0,0.78571,3.699,22.43384,0.0,0.0,128.0,58.58869,0.00298,0.44,4.169,-1.0,0.005259,1.9184272163916074,0.3862021922407578,0.3804975510444456,146.70034447947614,10.553867669753087,0.6855846838373618,0.18010852931657503,201.9705660475446,5.148142288249396,189821.9062777724,80.2391898415448,0.41930847455865944,0.3872888953441051,0.892689019607843,0.345545625508006,0.27229410089868117,0.3477270472462305,83776.69075636489,0.3812578473786573,22.101177074291087,92.50529966243754,0.4351253459455825
19,19,121.306,25.2265,140,43.4224,0,117,129,17,125,13,1.0045,118.03574,0.0,0.0,0.89286,3.71,21.91384,0.0,0.0,128.0,58.68259,0.00306,0.44,4.225,-1.0,0.005788,1.6342612449866356,0.3832780986783366,0.37947352558905145,146.87865114669768,10.31201774691358,0.6855846838373609,0.1779596019735945,200.91600948745713,5.088106504732182,191397.35453776084,80.19299084770905,0.41898108001778456,0.38645625605142037,0.893172156862745,0.34482314231218947,0.27159638924813606,0.3470297664009132,83800.50495083918,0.3826822624981819,22.045703840844425,92.55292175748133,0.43653142308509524
20,20,121.175,25.3823,139,44.579,0,117,129,17,125,13,1.00838,117.87519,0.0,0.0,1.03571,3.704,21.66442,0.0,0.0,128.0,58.7838,0.00306,0.44,4.838,-1.0,0.004676,1.771411710928388,0.38075141833034165,0.3778816453563885,147.0460744477462,11.79345100308642,0.6833670577941305,0.17604207819393414,199.8993095364437,5.105220113637944,191329.13450905366,80.24843467498417,0.4180003671696412,0.38487898210957183,0.8932247058823528,0.34545707075760795,0.26902902220391384,0.3465954811096847,83818.19071104044,0.38099379058650074,21.96902804904514,91.23057576515824,0.4370970425128174
21,21,121.335,25.6656,140,45.2793,0,117,129,17,125,13,1.00341,118.01583,0.0,0.0,2.21429,3.717,21.79862,0.0,0.0,128.0,58.84746,0.00326,0.44,4.679,-1.0,0.005188,1.899551247939864,0.3779651786210488,0.3769417794979746,147.00549310014998,11.938705632716049,0.6833670577941304,0.1746033463366462,198.900405526221,5.037774792998307,192148.80139694343,80.22349749091927,0.41766612447734347,0.3845285869633645,0.8929270588235293,0.3466049324290949,0.2666549165097133,0.3463340252768188,84002.18938416847,0.37847508419102477,22.00967557930652,91.19378798969197,0.4372694395561939
22,22,121.393,24.9137,140,45.0358,0,117,129,17,125,12,1.00588,118.096,0.0,0.0,1.17857,3.719,22.03985,0.0,0.0,128.0,58.84778,0.00316,0.44,4.277,-1.0,0.004979,1.7593286610495633,0.37604015004256974,0.37621489656748947,147.22004639803623,11.883150077160494,0.683367057794125,0.173614106132029,197.91926174527592,5.194101079213855,192926.69731140486,80.2330122041978,0.41732842477806154,0.3829710535484926,0.8917882352941175,0.3478535566904548,0.2644587751335671,0.34588890621399,83887.1367678194,0.3751667375948904,21.915947996539835,90.56845791214594,0.43810896413977707
23,23,122.051,25.6964,141,44.0056,0,117,129,17,125,12,1.00748,118.7257,0.0,0.0,0.85714,3.684,21.39431,0.0,0.0,128.0,58.78931,0.00317,0.44,4.407,-1.0,0.005704,1.76252184960595,0.375261178212194,0.3758754749741855,147.22962333356452,11.703993055555555,0.6855846838373602,0.17130170275530784,196.9606323027512,5.21023565567871,196218.2744411104,80.133196357002,0.41721388284658545,0.3818938740948077,0.8910145098039215,0.3498249660425704,0.26349228141418307,0.34595781900175016,84152.51766314212,0.3738273426008299,21.86989131974585,93.29548367304847,0.44015307996730807
24,24,121.667,25.203,140,45.7797,0,117,129,17,125,12,1.00137,118.36104,0.0,0.0,1.64286,3.698,22.06604,0.0,0.0,128.0,58.71931,0.00323,0.44,4.576,0.17387,0.005817,1.8022695307605672,0.37366192757038696,0.3761433289818711,147.44518962644668,12.19164737654321,0.6833670577941313,0.16944963736165314,196.02803008973987,5.103966565112674,194617.07876926052,80.22250479466632,0.41596845015407025,0.379523187041847,0.891007450980392,0.3500228409716431,0.26237128570192664,0.34634841685846124,83925.7640991107,0.371853052991091,21.825454146773726,93.44937776822994,0.44228336612363295
25,25,121.53,25.6447,140,43.0919,0,117,129,17,125,12,1.00243,118.19787,0.0,0.0,1.42857,3.694,21.64178,0.0,0.0,128.0,58.64174,0.00309,0.44,4.419,-1.0,0.006167,2.1301415145258553,0.3729726736678968,0.3763148444796137,147.36977128260645,12.680314429012345,0.6833670577941335,0.1685067532418547,195.1192914778738,5.040471286585716,193332.35409191754,80.188729970332,0.41556500178064,0.37860202410831895,0.8912525490196077,0.35017593588711887,0.26167767419150706,0.3465510990954073,84002.94995884555,0.37118934993892305,21.90261388708044,95.63107970031584,0.4423231141212338
26,26,120.735,24.7159,139,46.9036,0,117,129,17,125,12,1.00372,117.51015,0.0,0.0,0.89286,3.707,22.0201,0.0,0.0,128.0,58.47601,0.0029,0.44,4.043,-1.0,0.005917,2.218138046313853,0.3721554287178375,0.3758033740214083,147.2227304617698,12.83641975308642,0.6833670577941318,0.16658152604435045,194.24427876447797,5.126021459232726,189153.64792948225,80.24045945179596,0.41599934148789824,0.37786113764066787,0.8912525490196077,0.35056575383401384,0.25919724551470313,0.3465517961114162,83962.44147061784,0.3702257789415262,21.959767282744984,92.39342260036905,0.4426135519243176
27,27,121.265,25.3132,140,44.5788,0,117,129,17,125,13,0.99899,118.07002,0.0,0.0,1.14286,3.703,21.22011,0.0,0.0,128.0,58.36848,0.00327,0.44,3.929,-1.0,0.006804,1.9782513378748947,0.3718597339369243,0.37661289106385,147.0025195652724,12.751012731481481,0.6839612689015283,0.16496533461472848,193.40280628666684,5.177417208599602,191034.91739558883,80.15984027757773,0.41525625603680677,0.378355094916775,0.8915501960784312,0.35108337609517226,0.25731518693346583,0.3465410534507716,83991.49703408418,0.36977935038788345,21.998035572193288,91.05578394619637,0.44242695664782206
28,28,120.809,24.9265,140,43.9836,0,117,129,17,125,13,1.0063,117.67281,0.0,0.0,1.39286,3.691,21.73111,0.0,0.0,128.0,58.27921,0.00302,0.44,3.854,-1.0,0.005394,2.036085687598851,0.372895238922135,0.3762655482568167,147.18822897181178,12.698398919753087,0.6833670577941341,0.16392139805234995,192.60969046519324,5.045020087943873,188373.8945646111,80.23209292070133,0.4151518432718566,0.37768018862263053,0.8915501960784312,0.35264462637468263,0.25531932411580693,0.346986022540132,83745.82394480494,0.36869151783875054,22.023162088276425,92.9068386795831,0.44132845668131715
29,29,121.235,24.9656,140,43.973,0,117,129,17,125,13,1.00615,118.05137,0.0,0.0,1.67857,3.678,21.3994,0.0,0.0,128.0,58.28334,0.00312,0.44,3.984,-1.0,0.006292,2.319627900511549,0.3727793080737779,0.37535332756184625,146.82328455676677,13.018373842592593,0.6855846838373642,0.16373500966003052,191.85977344731705,5.004003766070087,190322.5007751041,80.13787051202692,0.4151631936479993,0.3781835176388329,0.8912525490196077,0.3532210084244882,0.2543531622584634,0.34758466899698814,83928.85775381321,0.36838740197901854,22.128649864667725,91.61831191893955,0.44030337526433844
30,30,120.917,24.8677,140,42.4307,0,117,129,18,125,13,1.00348,117.753,0.0,0.0,1.64286,3.713,21.43407,0.0,0.0,128.0,58.19669,0.00287,0.44,3.804,-1.0,0.00636,1.9391309233048415,0.3725534219002489,0.3748964039026449,146.56598137886155,13.336226851851851,0.6855846838373635,0.16293765781349628,191.16651662241,5.0408638625958035,188908.5782006226,80.22201791819539,0.41586820589868206,0.3778438613572331,0.8906792156862744,0.3523859694251422,0.253175730464494,0.3476687113367083,83752.10716533111,0.36777138526853653,22.153424863462096,90.25871030035623,0.4398791209996814
31,31,121.022,26.0552,140,43.4778,0,117,129,18,125,13,1.00525,117.90403,0.0,0.0,1.28571,3.713,21.35066,0.0,0.0,128.0,58.14685,0.00314,0.44,4.186,-1.0,0.007628,2.2581115233764923,0.3727634078545601,0.37448184105509175,146.51539520710878,13.496865354938272,0.6855846838373599,0.16215870427579637,190.53066928609218,5.130856256478046,189756.36903456948,80.21176289138322,0.4164346999181753,0.3784975515344833,0.8898686274509803,0.351327936542466,0.2518830560897691,0.3477468095833511,83721.30841043248,0.3677622458591586,22.218007405598957,94.51941749605534,0.4389278021633465
32,32,121.171,24.9451,140,47.1866,0,117,129,18,125,13,0.99779,118.11763,0.0,0.0,0.89286,3.697,22.36979,0.0,0.0,128.0,58.17341,0.00316,0.44,3.9,0.17721,0.005958,1.7521037081340163,0.37297127239232364,0.37343748327999887,146.51868359916287,13.616560570987655,0.6855846838373688,0.1619652156674916,189.90978030846657,5.307105028127689,190953.52118963352,80.22401562609096,0.4173471534872552,0.37882487827862155,0.889250588235294,0.3512787924091983,0.25034753482514627,0.3474237736036611,83809.08317261291,0.3662050426627661,22.211068235797647,91.80720145251841,0.43662344070686404
33,33,121.479,25.2882,141,44.9608,0,117,129,18,125,13,1.00897,118.41154,0.0,0.0,1.07143,3.676,21.41752,0.0,0.0,128.0,58.25627,0.00306,0.44,3.974,-1.0,0.005554,1.4558700282337667,0.3733284030637198,0.37268656969794983,146.68756106358978,13.652729552469136,0.6855846838373655,0.1622720751658741,189.32519862326143,5.099919655372537,192625.70509185566,80.15936350168035,0.41744854173321544,0.37981249024447344,0.8881941176470587,0.3510506642984604,0.24934500033736073,0.34765474589206763,83996.21142893289,0.36647806450716486,22.240959261670525,92.72219856656216,0.43595959772312065
34,34,120.802,24.96,139,44.3683,0,117,129,18,125,13,1.01525,117.79528,0.0,0.0,0.71429,3.676,21.71378,0.0,0.0,128.0,58.29518,0.00315,0.44,4.102,-1.0,0.007817,1.5556120004008442,0.3732449466656194,0.3725796534910493,147.02738674420348,13.977334104938272,0.6898607175374606,0.16368099688653173,188.75051943601963,5.085869446794264,189764.83337851727,80.22199401696435,0.417923822729,0.3802909220121271,0.8878964705882352,0.3503815935354651,0.248597631172406,0.3480528777027831,83781.98296722052,0.36588058216436725,22.09872907473717,90.6798722934725,0.4349522476766823
35,35,121.156,24.943,140,43.6982,0,117,129,18,125,13,1.00345,118.11316,0.0,0.0,1.14286,3.686,21.43719,0.0,0.0,128.0,58.32804,0.00326,0.44,4.069,-1.0,0.005312,3.2280159000424535,0.37464073093853106,0.3724870834151101,147.04961774410424,14.08839699074074,0.6872080987731956,0.16558223952164405,188.18667967794144,5.072189230299178,191225.4374588442,80.18144188994752,0.41795365150072467,0.38053465164661976,0.8882466666666665,0.35029323054524897,0.24839938572975495,0.3484399164776,83812.40508475887,0.36581732227390024,22.014809879255886,90.57338071967297,0.43448306451125057
36,36,120.864,25.3703,140,44.2835,0,117,129,18,125,13,0.99986,117.83945,0.0,0.0,1.07143,3.669,21.41475,0.0,0.0,128.0,58.31403,0.00284,0.44,4.186,-1.0,0.00778,1.5448374415097008,0.37468330169791175,0.37293834467651493,146.9126592317499,14.162278163580247,0.6872080987731981,0.16772802531159267,187.63514283734722,5.102234296598582,189884.6420213125,80.22114801639283,0.4188370077611591,0.38140160361493924,0.8890047058823528,0.3494080380214604,0.24819257430700206,0.34891650686590114,83735.71284776455,0.3656920410088494,22.046637452678915,91.92155903756337,0.4350619020263868
37,37,121.494,25.0248,141,44.3435,0,117,129,18,125,13,1.01173,118.41609,0.0,0.0,1.5,3.647,21.78608,0.0,0.0,128.0,58.39638,0.0031,0.44,3.993,-1.0,0.006062,2.5228287384879287,0.37539852882403785,0.37335977303373774,146.91552609154797,14.198881172839506,0.6900199359238233,0.16967105731814647,187.10633246749504,5.101221908158448,193138.12187055158,80.12017140914048,0.41924173218652183,0.3817417001504256,0.8895482352941175,0.3496891100553578,0.24938378987591148,0.3492465035729425,84018.316516396,0.3656644397551082,22.06928978437259,91.39161914862638,0.4352628955539405
38,38,121.07,25.0059,140,43.3172,0,117,129,18,125,13,1.00182,118.03944,0.0,0.0,0.82143,3.697,21.48661,0.0,0.0,128.0,58.37799,0.00294,0.44,3.98,-1.0,0.006142,1.4522307392510376,0.375037870478306,0.37340959330398177,147.2491082170058,14.452932098765432,0.6872080987732015,0.17146329670805885,186.59941639577204,5.046983059367568,190941.7083899963,80.239548880131,0.4197382856083737,0.3817731350862497,0.8898160784313724,0.349725522073441,0.251331441792712,0.3497673205014744,83746.9562380189,0.3653560737082563,22.026947209864485,91.47182820625794,0.4344536298093123
39,39,121.669,25.0537,141,43.885,0,117,129,18,125,13,0.99583,118.628,0.0,0.0,0.89286,3.711,21.47187,0.0,0.0,128.0,58.33617,0.00318,0.43,3.89,-1.0,0.006934,2.7177352973483546,0.3753832344305376,0.37390179112447325,147.25397588313288,14.450906635802468,0.6900199359238214,0.17244170533042122,186.1053652534959,5.048960056589374,193693.02078853693,80.12168261266643,0.41927656471305846,0.3821179601656487,0.890113725490196,0.3501329453426376,0.25379355934530357,0.35013372946797106,83954.16976914805,0.3646540850536697,22.062461570457177,91.3269809541082,0.43439095443752446
40,40,121.139,25.2403,140,44.9887,0,117,129,18,125,13,0.98794,118.18532,0.0,0.0,2.0,3.723,21.51475,0.0,0.0,128.0,58.28195,0.00304,0.44,3.8,0.18699,0.00637,1.407149569897017,0.37640617528648906,0.3747374292400467,147.3746638503364,14.554976851851851,0.6894257248164207,0.1730657650335878,185.63440542264559,5.123991544865375,190455.34614683953,80.24140924601221,0.41815212820098097,0.38211379088581304,0.8912525490196077,0.3506050408059985,0.2546310225698099,0.3501221210032085,83693.58250412055,0.3637436616177459,22.115150922610436,89.7613678499668,0.4343029720419795
41,41,121.829,25.2311,141,44.0679,0,117,129,18,125,13,0.98711,118.84834,0.0,0.0,1.10714,3.685,21.6744,0.0,0.0,128.0,58.30788,0.00309,0.44,3.806,-1.0,0.007203,2.3266432768556418,0.37690157392639234,0.3748935882781058,146.98860930195687,14.47559799382716,0.6916433508596563,0.1739413650144942,185.17959893852054,5.1589666587017895,192730.1328404425,80.1094791430578,0.41850962287245014,0.3820933203802383,0.8914827450980392,0.3512053440808507,0.25576159960716666,0.34988631246225566,83870.7626119626,0.3628476539672918,22.20317906509211,91.32874122607417,0.433641446831976
42,42,121.809,24.8585,142,43.088,0,117,129,18,125,13,0.99972,118.86733,0.0,0.0,1.39286,3.684,21.66688,0.0,0.0,128.0,58.33497,0.003,0.44,3.785,-1.0,0.006875,1.5243644424558476,0.37644807633029737,0.37496528046560496,146.83593564312855,14.552131558641975,0.6932667657954908,0.17449550718632742,184.73435318987404,5.11272468491153,192320.27277776448,80.1210062524949,0.41885884714268873,0.38210511134952324,0.891007450980392,0.35190840587007716,0.25633585813305726,0.3501376341469705,83790.02554646047,0.3624196118813308,22.239963484399112,95.45130884909815,0.4328698256816561
43,43,121.982,25.2453,142,39.2319,0,117,129,18,125,13,0.99696,119.05291,0.0,0.0,1.35714,3.696,21.34574,0.0,0.0,128.0,58.36799,0.00316,0.44,3.672,-1.0,0.007255,1.6582225323938125,0.3760056872809487,0.3755737501744985,146.7050864648735,14.61255787037037,0.6982962289893423,0.17590015887216837,184.2929103498821,5.063141375822306,193479.45052246097,80.11353218091783,0.4187707365464415,0.38135736252937197,0.8914827450980392,0.3530880903358037,0.25662150286327085,0.35044459031549435,83778.8634398852,0.3622363212865053,22.246938634801793,93.7968834679449,0.4329253216238785
44,44,121.593,24.9984,141,40.5717,0,117,129,18,125,13,0.99387,118.70703,0.0,0.0,1.32143,3.69,21.67549,0.0,0.0,128.0,58.32597,0.00304,0.44,3.503,-1.0,0.005737,1.8547763976469318,0.3761047688293635,0.3761842366788458,146.8588547930913,14.70384837962963,0.6954843918387196,0.1761737298887845,183.85900304583183,5.127882075049824,190923.6650371529,80.15791779046667,0.4188368901957175,0.381180438642589,0.8915501960784312,0.3538578688572513,0.25720185558054076,0.35083106715768075,83692.46980183768,0.3620826449541184,22.19269382806472,93.24103700754986,0.432874800192417
45,45,121.31,25.2468,142,42.3673,0,116,129,18,125,13,0.99842,118.45444,0.0,0.0,2.0,3.715,21.46476,0.0,0.0,128.0,58.24562,0.0033,0.44,3.464,-1.0,0.007114,2.5937916599570516,0.3772766401883021,0.3760197750338169,146.28185824483086,14.787085262345679,0.697702017881947,0.17712728864665908,183.43136304562566,5.13412675057774,188962.12048339355,80.15992451685906,0.41862739537288984,0.3810192691221403,0.8915878431372548,0.3548492268129661,0.25713022668089236,0.3511195106544375,83630.09727373258,0.36228007107021587,22.346705307195215,89.27517549737081,0.43270267371382454
46,46,120.975,25.2707,141,45.51,0,116,129,18,125,13,1.00434,118.1055,0.0,0.0,1.5,3.718,21.67946,0.0,0.0,128.0,58.11942,0.00314,0.44,3.504,-1.0,0.007393,1.8013476972223372,0.37873686322285605,0.376645062758187,146.0076969804107,14.867332175925926,0.6916433508596563,0.1790519596766755,183.013092913994,5.108918391616923,188151.99625989902,80.21792808059072,0.417828154224381,0.3806978850354221,0.891490588235294,0.3555825754060135,0.2570726646500794,0.3513302997639184,83580.89757523812,0.36274156023323767,22.38864795072579,89.2118939068699,0.43235140810174155
47,47,121.272,25.7097,141,43.0267,0,116,129,18,125,13,0.98621,118.38963,0.0,0.0,1.53571,3.706,21.69831,0.0,0.0,128.0,58.01547,0.00285,0.44,3.442,-1.0,0.00548,1.4256047894333703,0.3801467948039058,0.3764649691318519,145.99990558750642,14.955825617283951,0.6993254328177784,0.18074261449131943,182.59587178248398,5.09442890398595,189787.24291141212,80.17210859273303,0.4178668396112178,0.3803223975292107,0.8912227450980391,0.35543011139122777,0.2576352252405671,0.35134103464137384,83850.54779509688,0.36430701606341037,22.38118677963445,89.1759566241706,0.4323361181195129
48,48,121.412,25.5527,142,43.7722,0,116,129,18,125,13,0.99661,118.57855,0.0,0.0,0.57143,3.714,22.07719,0.0,0.0,128.0,57.95057,0.00293,0.44,3.392,0.17245,0.00632,2.046372911499941,0.38231407385285476,0.376281034521945,145.95455916373356,15.087914737654321,0.7043548960116338,0.18099531384476694,182.19453727368455,5.120612284779926,190617.0083999476,80.16192932724266,0.417690863740659,0.3801195174746096,0.8906792156862744,0.35534830706449444,0.2576363123015656,0.3515172776465782,83987.2101451271,0.3657948566383424,22.34128052511333,89.07600810641308,0.43191901798132043
49,49,121.747,26.0068,142,43.9265,0,116,129,18,125,13,1.0035,118.95659,0.0,0.0,1.25,3.699,21.9419,0.0,0.0,128.0,57.97691,0.00296,0.44,3.344,-1.0,0.006204,1.6224353356259915,0.3841906897130871,0.3767459530061498,146.1551162268231,15.294174382716049,0.7059783109474719,0.18134655845631203,181.79374802296482,5.141176417790751,192051.43617321533,80.12377424209802,0.41798039696749456,0.38025927718989067,0.8906792156862744,0.35587047441892705,0.25687386937422096,0.35175215166464635,83948.31155732399,0.3679731337617269,22.303603372456116,90.86382655438281,0.43154252080846517
50,50,121.495,25.786,142,42.8414,0,116,129,18,125,13,0.98533,118.6908,0.0,0.0,1.28571,3.721,22.32992,0.0,0.0,128.0,58.01465,0.00298,0.44,2.949,-1.0,0.007108,2.082886806199715,0.3855180363051353,0.37714142537216183,146.4155576745311,15.344666280864198,0.7015430588610112,0.182129892325873,181.3813511139212,5.173345086996043,190493.27289636852,80.14267433497994,0.4182159671158211,0.38025246393784734,0.8906870588235293,0.35579354954639814,0.25609479087782444,0.35177475981437767,83898.6316976753,0.3697775972351088,22.145836724175346,95.42091227631163,0.43154364321196365
51,51,121.09,25.2507,141,45.5515,0,116,129,18,125,13,1.00182,118.29014,0.0,0.0,0.82143,3.713,22.14146,0.0,0.0,128.0,58.07593,0.00285,0.43,3.038,-1.0,0.005267,2.0918684246499772,0.38647163738822493,0.3777948492705665,146.55186705170763,15.348524305555555,0.7015430588610134,0.18287427204418027,180.97149503540544,5.153864175555271,188858.9884316357,80.19684893074506,0.4185549862176514,0.3802508302977054,0.891007450980392,0.3553022163198144,0.2553314082935747,0.35213392697002904,83737.80068229364,0.3710673716209555,22.101385799455052,90.97377846213982,0.431219173151507
52,52,121.435,25.5634,141,42.3323,0,116,129,18,125,13,1.00148,118.57278,0.0,0.0,1.21429,3.713,21.68203,0.0,0.0,128.0,58.22152,0.00304,0.44,3.187,-1.0,0.007282,2.416358263567482,0.38753320236520433,0.3784314014616876,146.26190349137576,15.388020833333334,0.695484391838721,0.18346891823209238,180.57169160906855,5.1383751150828285,190616.47419168617,80.1688501529895,0.4188740671178951,0.38039775880926413,0.8912525490196077,0.355136032305879,0.2545203548892891,0.352449434608308,83848.12271638586,0.3722511336338381,22.192301432291668,91.1001504610352,0.43129812991552613
53,53,121.367,25.5216,141,45.1967,0,116,129,18,125,13,1.0109,118.50151,0.0,0.0,1.32143,3.718,21.9493,0.0,0.0,128.0,58.33403,0.00277,0.44,3.207,-1.0,0.006144,2.4594542199031486,0.3877791528646342,0.3790344379205482,146.0306077624524,15.354600694444445,0.6931075474091294,0.18380451731537248,180.17848165387684,5.116595569186742,190045.07314439584,80.16793118066153,0.41943371513855005,0.3804109785272377,0.8906870588235293,0.35504302684887395,0.2538367894313956,0.35253704438465344,83858.42422462933,0.3732208567411733,22.327782524956596,89.48565368759324,0.43087008980556346
54,54,121.0,25.3149,141,44.7017,0,116,129,18,125,13,1.00173,118.10166,0.0,0.0,1.14286,3.706,21.91258,0.0,0.0,128.0,58.44796,0.00296,0.44,3.613,-1.0,0.006915,1.601395788823513,0.3879795160463956,0.3799821900732512,146.3704797597124,15.273148148148149,0.6932667657954914,0.18436936175672497,179.79466611710913,5.171931914292786,188346.76666672927,80.2053458479164,0.41983629672491507,0.3806346087078176,0.8909541176470587,0.3547605358367854,0.25336823169717354,0.3527726619710972,83846.212014452,0.37353477713817457,22.346614319601176,93.08872518311648,0.4303199402119054
55,55,121.375,24.7239,142,44.3279,0,116,129,18,125,13,0.9936,118.48975,0.0,0.0,1.42857,3.708,21.73269,0.0,0.0,128.0,58.52269,0.00318,0.43,3.695,-1.0,0.006814,2.1739773830979425,0.3886943580447245,0.38046549004148705,146.3874668784639,15.294077932098766,0.6922375619670613,0.18485259595345646,179.41460329994,5.116880424416597,189826.45303376595,80.15845684596086,0.41986433738801693,0.38037841078923434,0.8912525490196077,0.354452462562092,0.2531787098483205,0.35365813064779833,84049.39383581596,0.37414468431589354,22.394785751531153,91.08314829504636,0.42977577293087144
56,56,121.171,25.7567,142,43.8087,0,116,129,18,125,13,0.99359,118.28218,0.0,0.0,1.82143,3.706,21.22662,0.0,0.0,128.0,58.53492,0.00297,0.43,3.758,0.17451,0.006779,1.891098760218651,0.38992238597402445,0.3807844178441684,146.36304992657898,15.372636959876543,0.6932667657954904,0.1849873244162049,179.03841054019227,5.166588043258806,189049.66221526178,80.19546331942485,0.41983408123562455,0.38061696880742935,0.8915501960784312,0.35390074081493206,0.2533639415823414,0.3548989702866903,83984.78568583562,0.3751968150324447,22.426870463806907,92.87552542242926,0.42918267624428585
57,57,121.375,24.7369,142,44.4856,0,116,129,18,125,13,0.99705,118.53553,0.0,0.0,1.10714,3.706,22.11312,0.0,0.0,128.0,58.55533,0.00308,0.44,3.619,-1.0,0.006227,1.9960802376786964,0.39033002314920673,0.3807290080021689,146.409758533775,15.472993827160494,0.6960786029461201,0.18535821311317896,178.67834482157275,5.369414835570104,189808.76980252677,80.20639920656804,0.41938041188399894,0.380378257369288,0.8917541176470587,0.3529127703526422,0.25343542540975456,0.35548878870488027,83913.6990151243,0.3761815127828426,22.460983087987078,95.79422186151379,0.42865747731727766
58,58,121.648,25.1312,143,44.3859,0,116,129,18,125,13,1.00084,118.7927,0.0,0.0,1.25,3.682,21.2427,0.0,0.0,128.0,58.56393,0.00296,0.43,3.938,-1.0,0.007723,1.8758778505251297,0.39046082690131034,0.38061471369282734,146.67067837979326,15.425395447530864,0.699919643925178,0.186038868209731,178.3212503686945,5.214171419366166,191015.1306112804,80.18462164974582,0.4188159327772327,0.38032975523181134,0.8918180392156861,0.3520392144967274,0.2537584264698471,0.3560122390499615,84026.44612155508,0.3779735830132239,22.413490766360436,94.8348363812765,0.4291479660428388
59,59,121.806,24.966,143,44.395,0,116,129,18,125,13,1.00258,118.94608,0.0,0.0,1.42857,3.695,21.57828,0.0,0.0,128.0,58.53218,0.0028,0.44,3.552,-1.0,0.008268,2.042774227028751,0.39076986318832796,0.3806136202340841,146.39642808752438,15.537905092592593,0.6999196439251841,0.186467966847892,177.9728546047266,5.117280552157132,191970.76506798415,80.18852783281656,0.4183404397069507,0.38005895020183056,0.8920631372549018,0.35163880994914426,0.2542479617531372,0.35625704611030545,83928.13906449464,0.3791464959605399,22.412057570469234,92.91102090246234,0.4290678397193066
60,60,121.682,25.1165,143,40.9078,0,116,129,18,125,13,1.00392,118.80723,0.0,0.0,1.28571,3.697,21.44068,0.0,0.0,128.0,58.47948,0.00286,0.44,3.522,-1.0,0.005732,1.8248993126194055,0.3906362366353236,0.3809855018319613,146.5639350957493,15.632426697530864,0.6999196439251741,0.18678462841446244,177.6371291348437,5.082552387011678,191336.8265206875,80.17664109229385,0.41738250006839894,0.380002758735461,0.8917882352941175,0.3527782853771749,0.254951979408503,0.3563648192250786,83887.38622772676,0.3804499596466603,22.30896693100164,92.09916256484867,0.4303460281516112
61,61,121.708,24.9917,143,44.4267,0,116,129,18,125,13,1.00383,118.8226,0.0,0.0,0.92857,3.692,21.56752,0.0,0.0,128.0,58.48842,0.00318,0.43,3.951,-1.0,0.007606,1.7181494316292376,0.39053629806130274,0.3811359002620901,146.54159401957207,15.762297453703704,0.6928317730744499,0.18649892834700546,177.29976858253494,5.094921410913496,191118.9932016019,80.14076497176417,0.4168690319579469,0.3803526077984589,0.8915501960784312,0.35301110853379075,0.255463183219529,0.3561210507553045,83845.45181188342,0.3813985706931522,22.30367571041908,94.78497976410809,0.4308561349804657
62,62,121.125,25.0751,142,45.9513,0,116,129,18,125,13,0.99074,118.34089,0.0,0.0,1.0,3.709,21.46065,0.0,0.0,128.0,58.53851,0.00281,0.43,3.763,-1.0,0.008217,1.7044725908633727,0.39001064134907437,0.3810139506392613,146.56547022669145,15.89279513888889,0.6894257248164269,0.1863878962719946,176.98568403490458,5.160378382210195,187944.2331207765,80.23539397295723,0.4167261703253719,0.380476951698512,0.8917882352941175,0.3538885309834921,0.25613740049949524,0.35573006837626864,83667.92100009113,0.38174318866112683,22.23890158570843,94.92611765667046,0.4303272975528367
63,63,121.163,24.7348,142,44.1156,0,116,129,18,125,13,1.00101,118.32024,0.0,0.0,0.60714,3.702,21.53156,0.0,0.0,128.0,58.62181,0.00287,0.43,4.079,-1.0,0.006031,2.7424357385992226,0.39005668080066425,0.38112711065307425,146.5198033308871,15.942226080246913,0.6932667657954861,0.1871068415202869,176.66927937703332,5.076647042759547,188968.7348331487,80.17082866629111,0.41651208289346886,0.38098984746174896,0.8925917647058822,0.35430546380243133,0.25604262798717925,0.3551168511501154,83758.71087137872,0.38174378848513574,22.254639048635223,90.3180265119146,0.42939687383535213
64,64,120.895,25.0122,141,47.0842,0,116,129,18,125,13,0.99405,117.99005,0.0,0.0,1.07143,3.702,21.23949,0.0,0.0,128.0,58.67799,0.00305,0.44,4.166,0.16975,0.006488,2.287458627376414,0.38995675983985184,0.3809017825716163,146.54443534992018,16.05815972222222,0.6878023098805842,0.187780375744804,176.35008049511995,5.1168845870119455,188556.46203383303,80.24756852647,0.4157434680489303,0.3813227594384356,0.8932545098039215,0.3547980502743484,0.2556612060973031,0.355009406300216,83801.9136421421,0.3807696956773589,22.240854145568097,92.32745219599187,0.4287757539184647
65,65,121.038,24.4044,141,45.4962,0,116,129,18,125,13,0.99235,118.05145,0.0,0.0,1.07143,3.688,21.47553,0.0,0.0,128.0,58.70916,0.00305,0.43,4.261,-1.0,0.007107,2.4584015008778577,0.39049187809520164,0.3807392225108152,146.53571779877217,16.04513888888889,0.6855846838373676,0.18822537329232716,176.04800908691072,5.1649093798196475,189415.92172357085,80.22246034500712,0.41577783397589607,0.3815602340638897,0.8934698039215685,0.35513551888067807,0.2556789900321935,0.35538733868739586,83916.34809287844,0.37934664717268,22.245277875735436,94.93484709236738,0.4281004330289105
66,66,120.933,24.8493,141,43.0982,0,116,129,18,125,13,0.99918,118.02944,0.0,0.0,1.03571,3.681,20.95427,0.0,0.0,128.0,58.68187,0.00299,0.43,4.301,-1.0,0.005802,2.2149269099677293,0.3908510615923211,0.3803819548836264,146.77594455144708,16.12205825617284,0.6855846838373679,0.1889003576552058,175.73918772235723,5.103980517517636,188149.80991578434,80.22434514572005,0.41591321641988116,0.38164385185169686,0.8937376470588234,0.356185532218632,0.25611355295026184,0.35622050881222,83820.64441010167,0.3788236687496561,22.231101142035588,94.78537090913984,0.4279818747800635
67,67,121.297,24.5168,141,42.3252,0,116,129,18,125,13,1.00111,118.34249,0.0,0.0,1.10714,3.658,21.33624,0.0,0.0,128.0,58.69114,0.00329,0.43,4.119,-1.0,0.006573,2.3862769470186853,0.39153076229712186,0.3795246962948389,146.52683070040194,16.13064236111111,0.6878023098805928,0.18932782620645872,175.43007940991905,5.14792840778872,190150.91976935114,80.19050951195041,0.416671546807251,0.38125685733761117,0.8937901960784312,0.35677940928782736,0.2555511518860924,0.35660451153228767,83945.33501651899,0.37865278950009396,22.258483321578414,95.73164525909243,0.42867226010149445
68,68,120.615,25.1909,140,44.455,0,116,129,18,125,13,0.99164,117.63929,0.0,0.0,0.92857,3.669,21.05006,0.0,0.0,128.0,58.68818,0.00332,0.43,3.684,-1.0,0.007403,2.056423956515077,0.392124830576783,0.3793940032565358,146.4621345393665,16.10517939814815,0.6855846838373618,0.1896384253485199,175.10021442993602,5.117424611845475,186774.77303034192,80.28103358265334,0.4172276847172413,0.38120064967087897,0.8934996078431372,0.3576456009218465,0.25485354759059353,0.3567210897446238,83699.68477173237,0.3787365057920282,22.28327998408565,94.68498882908072,0.4290604311357568
69,69,121.043,24.463,141,45.7662,0,116,129,18,125,13,1.00954,117.94528,0.0,0.0,1.10714,3.711,21.62933,0.0,0.0,128.0,58.76404,0.00292,0.43,3.776,-1.0,0.006401,2.243594953774747,0.3929375597296658,0.37814060917272463,146.231021009597,15.999662422839506,0.6855846838373639,0.19070158528546768,174.77428165831904,5.22036859463859,190210.00714411648,80.23189893186112,0.41819108239600566,0.3813857663090403,0.8934996078431372,0.3581043480829034,0.2544872203945821,0.35638503499102897,83840.76528025058,0.3786828355426608,22.49599145959925,91.74155048698213,0.42886160191844197
70,70,120.845,25.4992,140,43.5641,0,116,129,18,125,13,1.00316,117.79838,0.0,0.0,1.03571,3.73,21.00484,0.0,0.0,128.0,58.71434,0.00289,0.43,3.75,-1.0,0.005401,2.2959784473206257,0.39377216555744343,0.376865901833699,145.98196265381688,16.10228587962963,0.6833670577941365,0.19118155447758756,174.4401928497744,5.210486021179147,189316.3035855625,80.28978561938209,0.4188855407990893,0.3815804074056097,0.8932694117647058,0.3576780959279341,0.25408715711949487,0.35650533962918957,83793.30308487163,0.37890978450405655,22.57952372233073,92.61239937808917,0.4288423139806645
71,71,121.282,24.3412,141,44.9901,0,116,129,18,125,13,1.00512,118.24107,0.0,0.0,0.89286,3.737,21.89291,0.0,0.0,128.0,58.71248,0.0031,0.43,3.784,-1.0,0.007709,2.3302805734241883,0.3937006871685158,0.3761961619678643,145.90606927565082,16.067949459876544,0.6855846838373627,0.19162787901834974,174.1056058104162,5.28858478715487,191164.33033343183,80.23704534607633,0.4188759574914745,0.38086761438998396,0.8936999999999999,0.3575415616814332,0.2540655722423684,0.35669957631553806,83797.97643840223,0.38055597278603326,22.59901993362992,95.16764673802003,0.429006452088834
72,72,121.04,25.152,141,43.4173,0,116,129,18,125,13,0.99852,118.05585,0.0,0.0,2.17857,3.746,20.89921,0.0,0.0,128.0,58.69786,0.0028,0.43,4.091,0.1704,0.007251,2.026841278589779,0.3938984716399302,0.3753139350424625,145.84673274459468,16.09934413580247,0.685584683837369,0.19224641225680497,173.77331248758742,5.244505011812844,190249.83302094892,80.27894715246617,0.4179543465390247,0.3804552064071664,0.8940352941176469,0.35686516713519556,0.25405183162529676,0.35654285836863864,83827.31636510891,0.38209691110636257,22.61676609368972,93.88392865960337,0.4292292047743604
73,73,121.114,24.3095,141,44.5937,0,116,129,18,125,13,0.99571,118.1374,0.0,0.0,1.53571,3.726,21.5955,0.0,0.0,128.0,58.6798,0.00319,0.43,4.239,-1.0,0.006687,2.3282790394884203,0.3941430899546435,0.3738863314820655,145.61950919425615,16.082561728395063,0.6878023098805949,0.192576095968143,173.44435740059035,5.30857858780883,189800.6774583114,80.22169925355257,0.41903371309519744,0.38038754679532893,0.8948388235294117,0.35678540522999147,0.2528406020059174,0.356997971593166,83860.76805705244,0.3834756480030184,22.67017694167149,93.41726961242811,0.42991394256462756
74,74,120.942,24.7117,141,44.9661,0,116,129,18,125,13,0.99557,117.95969,0.0,0.0,0.85714,3.712,20.87343,0.0,0.0,128.0,58.6476,0.00287,0.43,4.417,-1.0,0.007342,2.124141190565714,0.39466293368229977,0.3740329115331509,145.66945744926758,16.11549961419753,0.6855846838373689,0.19245637990977493,173.11540224197063,5.218528509259553,189369.52937457088,80.25804583594486,0.41964746233871947,0.38022114972837745,0.8949360784313725,0.3561582257088923,0.25146907911414784,0.3573489819352764,83888.31273433611,0.38499840655461176,22.706807831187305,90.69253200645305,0.4305804113898751
75,75,121.103,25.0232,141,42.0983,0,115,129,18,125,13,1.01255,118.13336,0.0,0.0,0.75,3.704,21.21741,0.0,0.0,128.0,58.58207,0.00298,0.43,5.047,-1.0,0.007134,2.431168671311955,0.394744158161189,0.3742901847094151,145.59066172778716,16.227382330246915,0.6900199359238259,0.1923826990861785,172.7984182984595,5.112272160799984,190206.18510241434,80.241861389863,0.4203736066267095,0.38021162213940635,0.8946086274509802,0.3557822554083167,0.2509503325899174,0.35770425349675256,83843.84763820199,0.3859681786902531,22.792971575701678,92.96721381010309,0.43078714877953705
76,76,121.225,25.3513,142,44.3339,0,115,129,18,125,13,1.00548,118.28755,0.0,0.0,1.0,3.72,21.48954,0.0,0.0,128.0,58.51037,0.00281,0.43,5.259,-1.0,0.006345,2.7519657525554684,0.3958913583570594,0.3750112110584729,146.11971605742391,16.293885030864196,0.6932667657954906,0.19371982082689432,172.48331129364857,5.1221512646226,191066.09816673197,80.26189190898832,0.42094182017165205,0.38042224185401635,0.8946086274509802,0.3555072985736132,0.2500754905146739,0.3580226147480939,83833.26425939951,0.3868646563060939,22.665334819275657,94.8378114464605,0.4305554191776747
77,77,121.559,25.0112,142,44.8574,0,115,129,18,125,13,0.99753,118.60344,0.0,0.0,0.75,3.699,21.76576,0.0,0.0,128.0,58.46331,0.0029,0.43,5.033,-1.0,0.00709,2.5333264653495364,0.39681455589082215,0.3757292740875213,146.31174639522698,16.312114197530864,0.6904549286448614,0.19523468720177803,172.15843658216278,5.176843788705075,193156.57749491386,80.21587909878713,0.42143300958356605,0.3808870779618715,0.8951741176470587,0.3546498684893449,0.249195330148045,0.3580827503886697,83929.39512657277,0.3878382797246221,22.656686099959007,94.20647984583192,0.4302348956810328
78,78,121.435,25.4638,142,45.6984,0,115,129,18,125,13,0.9991,118.51316,0.0,0.0,1.17857,3.707,21.47723,0.0,0.0,128.0,58.42663,0.00297,0.43,4.873,-1.0,0.00717,2.0886642594864933,0.39739771236334503,0.3764914579139549,146.57227636767712,16.416859567901234,0.6999196439251767,0.19669859080292595,171.83896965546487,5.241966682369707,192386.41984974768,80.24806546763551,0.42156626731099,0.3810934051843109,0.8954192156862744,0.35393966901722307,0.24972389159718955,0.35820322202624444,83851.47412420764,0.38875013233418687,22.544091118706596,91.91442486998643,0.4303249426844397
79,79,121.306,25.4155,142,45.926,0,115,129,18,125,13,1.00842,118.45045,0.0,0.0,0.96429,3.74,21.86287,0.0,0.0,128.0,58.45483,0.0034,0.43,4.925,-1.0,0.007038,2.14574364967667,0.39824384400818347,0.37684890790687114,146.93420501222147,16.56370563271605,0.6971078067745484,0.1980929534642173,171.51480136990358,5.273814606048567,190739.8091893584,80.26470404405451,0.4211382157022065,0.3809247456187633,0.8960372549019606,0.3539135950610206,0.2500407194328479,0.3584892753129441,83723.93585342057,0.38827353829486394,22.513453354070215,93.22595110820839,0.4295834443937218
80,80,121.276,24.9277,142,47.2524,0,115,129,18,125,13,1.00556,118.40843,0.0,0.0,1.32143,3.748,21.82715,0.0,0.0,128.0,58.46951,0.00316,0.43,4.882,0.17091,0.006896,2.191344643966864,0.3983578465644652,0.3773466708229654,146.98192017325,16.476224922839506,0.693266765795498,0.19942564297688312,171.19277230633426,5.3120315243694725,190591.13507836274,80.23246053438477,0.42138802661003977,0.38156618041341084,0.8960372549019606,0.35374892573005795,0.2506203478440911,0.3586330079328798,83712.12646178115,0.3882400772914137,22.517394642771027,94.79064945841647,0.42922282141855833
81,81,121.527,25.1851,142,44.3469,0,115,129,18,125,13,1.00382,118.68297,0.0,0.0,1.39286,3.712,21.4119,0.0,0.0,128.0,58.47151,0.00304,0.43,4.675,-1.0,0.007862,2.034420631992909,0.39928545240433855,0.37780208413416155,146.5873950080275,16.63946759259259,0.6999196439251786,0.20121742879840468,170.87909332872545,5.3934917639616184,191658.42877316498,80.18262408937736,0.42138450939861444,0.38212961429861375,0.8957396078431371,0.35331376164799805,0.2508418289639881,0.35888371501394256,83859.39033539446,0.38929156842722074,22.591444980951003,93.38010532029097,0.42930948723971024
82,82,121.197,24.9965,142,44.7112,0,115,129,18,125,13,1.00336,118.39279,0.0,0.0,1.07143,3.743,21.62791,0.0,0.0,128.0,58.39834,0.00321,0.43,4.522,-1.0,0.008454,2.6072052652668214,0.39970354771598754,0.37828663519249034,146.47994540491618,16.66922260802469,0.698296228989327,0.2034667412866659,170.56572107927028,5.287095013506147,190572.11598920161,80.26088624293722,0.4214043694296952,0.38227949344517337,0.8946086274509802,0.352676098184975,0.2514173629947723,0.35879951693729234,83598.91705130863,0.3909917291514953,22.610904458128374,93.04701938473316,0.4284829573812958
83,83,121.548,25.1829,143,44.117,0,115,129,18,125,13,1.0021,118.79312,0.0,0.0,1.28571,3.716,21.46632,0.0,0.0,128.0,58.31657,0.00313,0.43,4.276,-1.0,0.00626,2.6841914181596978,0.39919071622677216,0.3789350240995997,146.28357332921368,16.71440972222222,0.6999196439251752,0.20622560663829684,170.25932656894196,5.180263557951022,191919.8501264948,80.1810886272107,0.42125028101280415,0.38308938997208103,0.8942478039215683,0.3520248205274943,0.2520057569499665,0.3586488659376377,83775.14248953712,0.39271695913239185,22.660021369839892,87.72335621784826,0.4278227201057295
84,84,121.681,25.5089,143,46.216,0,115,129,18,125,13,0.9984,118.95313,0.0,0.0,1.17857,3.726,21.62488,0.0,0.0,128.0,58.27853,0.00345,0.43,4.206,-1.0,0.007074,2.747608859981271,0.39885109200877455,0.37879999115140905,146.3574589329415,16.794319058641975,0.6999196439251761,0.2082649517010581,169.9537194501011,5.253953109492792,192815.33177993575,80.19400647864273,0.42148180152388753,0.38392766789374677,0.8945739607843133,0.35208121026627986,0.2523159439211311,0.3586673797289771,83785.46604049248,0.3944796066162352,22.654544594847124,90.28055861814447,0.4261979289348897
85,85,122.088,25.8506,144,44.6336,0,115,129,18,125,13,1.00509,119.40571,0.0,0.0,1.78571,3.719,21.90184,0.0,0.0,128.0,58.22499,0.00312,0.43,4.163,-1.0,0.00653,2.556775417588446,0.3986426557156915,0.37940649206044536,146.3612272973627,16.834153163580247,0.7015430588610164,0.2108986288361305,169.6442630379583,5.191597710984112,194345.01285659565,80.18664154502757,0.42140206844079126,0.38459502677667606,0.8946007843137254,0.35292668160841756,0.2523597277311467,0.35907053592655974,83821.65467273179,0.3959125232920277,22.678740324797452,87.7336870257942,0.4260562894088473
86,86,122.407,25.3947,144,44.8081,0,115,129,18,125,13,1.00044,119.68101,0.0,0.0,1.07143,3.729,22.19399,0.0,0.0,128.0,58.20937,0.00328,0.42,4.685,-1.0,0.008447,2.257816718698055,0.39820531907530204,0.3797040507996056,146.48062308653672,16.848283179012345,0.7059783109474679,0.21390502404283931,169.34640165642298,5.2199423553482305,196228.41324775328,80.15606696700965,0.421266313651094,0.38450024594779486,0.8946086274509802,0.35304937687998755,0.25302159353762826,0.3595725798406384,83939.36114976108,0.39740663385911634,22.66353899166908,93.0639288996203,0.42498586286975126
87,87,122.49,25.2167,144,45.3408,0,115,129,18,125,13,0.99822,119.75013,0.0,0.0,1.28571,3.723,21.80361,0.0,0.0,128.0,58.26728,0.00308,0.43,4.679,-1.0,0.0057,2.074080678765189,0.39795653080802723,0.37953042554355126,146.7039919768269,16.921248070987655,0.7015430588610108,0.21634791781312232,169.04892934608117,5.217761127696398,196234.42645517708,80.17202369232717,0.4204382827429957,0.38399316021650115,0.8954717647058822,0.3531225022756307,0.2537409873457078,0.35995916036024567,84012.9720411921,0.3984831787923402,22.690748426649304,95.69573880448759,0.4247780005638558
88,88,121.817,25.3433,143,45.3991,0,115,129,18,125,13,1.00418,119.05486,0.0,0.0,0.92857,3.705,21.65211,0.0,0.0,128.0,58.33562,0.00292,0.43,4.437,0.17091,0.006216,2.1259246814568007,0.3973726255239482,0.37954209512616466,147.01195600715934,16.96291473765432,0.699919643925178,0.21842157778472587,168.7464952558681,5.173198964443584,193764.74172469092,80.21324838347448,0.419739229455585,0.38394588109565947,0.8954717647058822,0.3530678870179343,0.25445082386659634,0.36027525400156424,83871.13053178607,0.3995530432024255,22.59848757143374,95.36635778549574,0.42486951802270373
89,89,121.859,25.1856,143,45.2499,0,115,129,18,125,13,0.99664,119.07025,0.0,0.0,1.32143,3.694,21.75847,0.0,0.0,128.0,58.47751,0.00313,0.43,4.615,-1.0,0.00576,2.4296347769269118,0.39767905818303156,0.3804762676108771,147.2126058215818,16.93918788580247,0.6999196439251759,0.21996752000439068,168.4317846217549,5.210084998650064,194325.0318344829,80.22438027317699,0.41935978237235866,0.38316093268489554,0.8957396078431371,0.35316019164429746,0.2550410923937821,0.3601912044041398,84037.94256826672,0.3998261056559316,22.51243647822627,90.52315989596553,0.4253681252221092
90,90,121.946,25.3011,143,46.1553,0,115,129,18,125,13,1.00273,119.17088,0.0,0.0,1.28571,3.712,21.62289,0.0,0.0,128.0,58.57689,0.00298,0.43,4.801,-1.0,0.004669,2.5466605667990074,0.39817361196359213,0.38133878698352963,147.39163021181378,16.979793595679013,0.6999196439251757,0.22162759617596517,168.12263242379618,5.185683171977801,194538.23148709352,80.22412702749835,0.4188224363792444,0.3824035137549091,0.8957396078431371,0.35327989927957876,0.2556621850357858,0.36098157814886944,83931.86322030293,0.4003809634851147,22.38743704336661,92.34206726094358,0.4257735885457051
91,91,122.181,25.8351,144,45.5525,0,115,129,18,125,13,1.00722,119.40882,0.0,0.0,0.71429,3.729,21.72248,0.0,0.0,128.0,58.71337,0.00306,0.43,4.398,-1.0,0.00762,3.074104361560697,0.3986609881702101,0.382309225687327,147.3442964396379,17.096788194444443,0.6954843918387218,0.22300473379640576,167.81064190250257,5.208854264072048,195910.67549686067,80.20965508314555,0.4182019058133696,0.381448520945196,0.897093725490196,0.3538291435999359,0.25605032157649216,0.36100461437073267,83953.12493246308,0.400600294440173,22.426067964530287,90.6259365166939,0.42659901916784826
92,92,122.315,25.5883,144,46.4208,0,115,129,18,125,13,0.9996,119.51371,0.0,0.0,0.71429,3.707,22.18094,0.0,0.0,128.0,58.84232,0.00305,0.43,4.786,-1.0,0.007267,3.1380064981140636,0.398900290302094,0.38305248418382437,147.67596790504655,17.058786651234566,0.6900199359238268,0.22398228808157497,167.50449929312848,5.310295657412665,196412.76456799745,80.2095720787834,0.41759584641319153,0.380551662051077,0.8974211764705882,0.3538750263053312,0.2565180314468732,0.3614213159969855,83997.85332959975,0.40205873380062973,22.44238375440056,90.67830602035679,0.42863730092853713
93,93,122.273,25.6044,144,45.9717,0,115,129,18,125,13,1.00005,119.41438,0.0,0.0,0.64286,3.73,21.96908,0.0,0.0,128.0,58.85622,0.00309,0.43,4.686,-1.0,0.005637,2.5198892015403267,0.3993550480111282,0.38355986536780107,147.30575530964427,17.01388888888889,0.6872080987731977,0.22493477716535526,167.1953374437363,5.206286218065002,196367.74401375136,80.18778600081129,0.41730591878101203,0.3794939099803458,0.8977117647058822,0.35371278415678586,0.2570313142235149,0.36128909828254235,84156.29162214884,0.4027579634553425,22.57660401897666,94.26304347615464,0.42952384837265045
94,94,121.932,25.7529,143,48.2391,0,115,129,18,125,13,0.99647,119.1418,0.0,0.0,1.07143,3.72,21.98434,0.0,0.0,128.0,58.80233,0.00313,0.43,4.663,-1.0,0.006892,2.5494297081467066,0.39924140287059895,0.3836244750949027,147.3394583604966,17.01287615740741,0.6900199359238277,0.2256949606492641,166.89582110926975,5.233872261803937,194432.18759441434,80.25287706525557,0.41680796084032273,0.37861844801140326,0.8977117647058822,0.3533362935251114,0.25737804814549775,0.3615540201862883,83981.3009002357,0.4033559303258468,22.63099632734134,94.96902212245462,0.43016752576155404
95,95,122.159,25.3726,143,46.9498,0,115,129,18,125,13,1.00264,119.35321,0.0,0.0,1.35714,3.748,22.11539,0.0,0.0,128.0,58.804,0.00307,0.43,4.437,-1.0,0.00587,2.0573672525163818,0.39862351825354414,0.3836445250158512,147.29371987297918,16.896894290123456,0.6960786029461099,0.22569022294423408,166.58468922595821,5.316296876048199,195276.55806768948,80.19268513626616,0.4165854319436272,0.37745464858712163,0.8974211764705882,0.3533748362493245,0.25722111223876676,0.36183581101321455,84006.07954061982,0.40369929263983356,22.686058703763987,90.69341188464263,0.43061073857317195
96,96,121.837,25.3776,143,45.1935,0,115,129,18,125,13,1.00323,119.00305,0.0,0.0,1.07143,3.714,21.78857,0.0,0.0,128.0,58.79056,0.00302,0.42,4.745,0.1713,0.006589,2.038325639778817,0.39836791606503125,0.3828460169561297,147.26415417902038,16.82349537037037,0.6954843918387179,0.22519964114025712,166.27308941304705,5.2239127484379155,193890.46386869068,80.22127786866358,0.4160470743395153,0.37633335083623415,0.8974211764705882,0.3535344014353675,0.2577840575996456,0.3618312915729851,84026.46994783237,0.4044745342649653,22.728008694118923,94.95487106189218,0.43106421597642974
97,97,121.855,25.8358,142,46.9984,0,115,129,18,125,14,0.99877,119.02409,0.0,0.0,1.89286,3.735,21.78842,0.0,0.0,128.0,58.78287,0.00308,0.43,4.745,-1.0,0.004578,2.584898330129788,0.39841645934198217,0.3825880512701907,146.92687868887896,16.72583912037037,0.6900199359238215,0.22502622440065018,165.96861380155903,5.228194999734317,194042.5014714368,80.24842410014195,0.4151334892127767,0.37549827648574335,0.8971760784313725,0.3530731973958339,0.2565276694637392,0.36209334434689394,84054.66315393888,0.4051338196040021,22.895293812692902,90.91386349091067,0.43104371934722074
98,98,122.44,25.7923,143,44.6088,0,115,129,18,125,14,1.00077,119.65591,0.0,0.0,0.67857,3.74,22.18136,0.0,0.0,128.0,58.722,0.00309,0.43,4.146,-1.0,0.005663,2.064957324715494,0.39913620245727616,0.3827785415174469,146.8626855249509,16.80714699074074,0.6932667657954853,0.22530881480606255,165.6654257119637,5.33912513749175,196634.6565206694,80.21232241423498,0.41417082683969053,0.37476215717499567,0.8962831372549018,0.35247976562121097,0.2553547597379253,0.3622017005472587,84146.69168445608,0.40562229192641036,22.956357037579572,93.0008286683606,0.43111449139558816
99,99,122.959,,144,47.9168,0,115,129,19,125,14,1.01784,120.25843,0.0,0.0,1.39286,3.726,22.14522,0.0,0.0,128.0,58.66824,0.0035,0.43,4.535,-1.0,0.006129,2.452445540033129,0.3994889219670319,0.3833424754610251,146.97439486342404,16.83868634259259,0.7011080661399757,0.22552674068127287,165.35983083513537,5.21694974000741,198967.5187046778,80.18470053646857,0.41369752032610435,0.37393823548018085,0.8962823529411763,0.35154755183794273,0.253832071932977,0.36254889671061497,84151.51942052078,0.4066371979550447,22.96504286777826,92.2635137530557,0.4309136265860806
