,frame_number,SITI.SI,SITI.TI,VCA. E,VCA. h,VCA. epsilon,VCA. L,VCA. avgU,VCA. energyU,VCA. avgV,VCA. energyV,AGH.Blockiness,AGH.Spatial Activity,AGH.Letterbox,AGH.Pillarbox,AGH.Blockloss,AGH.Blur,AGH.TemporalAct,AGH.Blackout,AGH.Freezing,AGH.Exposure(bri),AGH.Contrast,AGH.Interlace,AGH.Noise,AGH.Slice,AGH.Flickering,cambi,contrast,staticness,uhdhdsim,blur,saturation,blockiness,cubcol.0,cubcol.0.6,cubcol.1.0,cubcol.0.3,cubrow.1.0,cubrow.0.5,movement,cubcol.0.5,temporal,cubrow.0.3,tone,cubrow.0.6,color_fulness,fft,noise,cubrow.0
0,100,88.2881,12.6529,106,0.0,0,105,125,38,127,25,0.98431,93.84716,0.0,0.0,3.78571,3.681,0.0,0.0,0.0,125.0,45.47822,0.00356,1.77,3.13,0.0,3e-06,96.44742854748493,299.78609157674293,81.12882949137303,66068.80045601708,29.336052977008585,2.6632169987776497,0.38289507655451743,0.3290052605526317,0.28852740670484245,0.29809289309971077,0.1360389322300493,0.279504539465631,0.0,0.3670436825768962,0.0,0.3696916001091846,0.6197643137254902,0.30653158324810104,159.62450723378504,73401.1268573324,1.3810690756760744,0.3254214239186994
1,101,88.385,12.7513,106,14.2608,0,105,125,38,127,25,0.98679,93.95331,0.0,0.0,4.25,3.698,10.86936,0.0,0.0,125.0,45.49215,0.00378,1.8,2.965,-1.0,3e-06,94.73810249591776,297.42505052362026,81.09537246412555,66368.24782514684,29.314959867500967,3.0066572044916136,0.3600586807033778,0.32256440522162705,0.281936659726176,0.2898466835270207,0.13439656008119735,0.2616292890770818,3.222608024691358,0.35104349703711146,4.383904023457028,0.35553056454392706,0.619861568627451,0.28286436692665173,159.64346256643896,73469.74177932007,1.3804748645686793,0.32434014729822913
2,102,88.4081,12.7559,106,13.649,0,105,125,38,127,25,0.97889,93.96459,0.0,0.0,4.17857,3.686,10.95216,0.0,0.0,125.0,45.50214,0.00375,1.77,3.259,-1.0,0.0,94.90616164331495,295.8060559749338,81.12761573717216,66465.09879616751,29.349866137092494,2.562880184433008,0.3574743096683255,0.31767071211359776,0.27940769297236584,0.28473269674650586,0.133494643635496,0.2552330900491146,3.2044753086419755,0.3423935433816195,4.314595758725723,0.3514752733184294,0.6198317647058823,0.27365019015401704,159.66756176625034,73422.1912845553,1.3788514496328428,0.32453522635144716
3,103,88.4021,12.7137,106,13.8237,0,105,125,38,127,25,0.97958,93.98656,0.0,0.0,4.0,3.697,10.9556,0.0,0.0,125.0,45.51152,0.00377,1.78,3.012,-1.0,0.0,94.254244886592,294.3057833579782,81.12936286507872,66303.50635924922,29.303453233506943,2.639566635366821,0.35876551110310034,0.31607870582510456,0.27760504009462117,0.28521826568545744,0.1336787292551321,0.25152531485281676,3.0769675925925926,0.3400808507162752,4.375747198833213,0.3496041887038327,0.6200541176470589,0.2681185537489116,159.59132340327378,73457.7528573228,1.381069075676077,0.3250383493087612
4,104,88.4253,12.9042,106,13.7961,0,105,125,38,127,25,0.98202,94.01935,0.0,0.0,3.78571,3.695,10.92119,0.0,0.0,125.0,45.51656,0.00371,1.77,2.987,-1.0,1e-06,91.9809960807195,293.0537935311509,81.11436731730277,66334.72693838371,29.30529389558015,2.9725397435936034,0.359464067920473,0.31561893644372874,0.2763838509492512,0.28489325596840476,0.13429834427812382,0.2501379525415731,2.8993537808641974,0.33782146521802364,4.376805403501903,0.3479373138261205,0.6202180392156864,0.26791514678934725,159.69278568928297,73456.86254060676,1.3766338235896214,0.32548957151243907
5,105,88.5097,12.9427,106,14.4279,0,105,125,38,127,25,0.99383,94.10928,0.0,0.0,5.57143,3.697,11.08302,0.0,0.0,125.0,45.52607,0.00341,1.78,3.23,-1.0,2e-06,92.04599370638364,291.85426782138586,81.09850843991197,66656.14515770564,29.286310454945507,3.4513067674488305,0.36128171988752916,0.3169406335373939,0.2753380278809925,0.2843956249851563,0.13475296618123717,0.25125250543713973,2.7973090277777777,0.33522145441054524,4.421723643783709,0.34743632312940087,0.6206196078431373,0.26507119744197083,159.64540580811467,73499.36946299684,1.3772280346970172,0.32595515504369194
6,106,88.5057,12.8632,106,14.1062,0,105,125,38,127,25,0.98763,94.10638,0.0,0.0,4.85714,3.692,11.116,0.0,0.0,125.0,45.5342,0.00354,1.77,3.322,-1.0,2e-06,93.9483516684449,290.66446888191774,81.10269471679305,66587.84366356091,29.289720511730806,3.046781962593394,0.36351748004609896,0.3182476618384187,0.27439361510932236,0.28411651913514585,0.13476781815023187,0.25236967071600663,2.6689332561728394,0.3352470450071891,4.502076424232449,0.34634275199705794,0.6210678431372548,0.2638150527117004,159.6866010574287,73412.07735761472,1.382692490611917,0.32582334900536586
7,107,88.4427,12.9423,106,14.7368,0,105,125,38,127,25,0.98509,94.04997,0.0,0.0,4.46429,3.723,11.04719,0.0,0.0,125.0,45.53748,0.00378,1.79,3.477,-1.0,1e-06,94.01614393754538,289.54508667484686,81.11264191784663,66601.42183441028,29.26340041925878,2.81906331329629,0.36657443045178995,0.3216092470309992,0.2732634120283627,0.2845632243201406,0.1346510049739487,0.25291815090682046,2.531153549382716,0.3329527468875923,4.405105887856778,0.3439376830689787,0.6215558235294099,0.2611391394632788,159.73653884672046,73449.05569078066,1.3794456607402472,0.3259702250752891
8,108,88.3934,13.1109,106,14.5922,0,105,125,38,127,25,0.98147,94.03127,0.0,0.0,4.03571,3.694,11.11892,0.0,0.0,125.0,45.53487,0.00346,1.78,3.509,0.12551,0.0,93.91050539232927,288.49647420679264,81.1138501536786,66336.66996272764,29.266473840784148,3.502245518266246,0.368854112452259,0.3219160611438697,0.2725065031398652,0.28503733764397365,0.13552663430375425,0.2524638583041725,2.510223765432099,0.33016231151631376,4.3456989107200865,0.3422509031604893,0.6221619607843137,0.26251705110685164,159.83626805225927,73397.59215385544,1.3778222458044171,0.32609557076779466
9,109,88.48,13.3754,106,14.9858,0,105,125,38,127,25,0.98049,94.12164,0.0,0.0,5.25,3.703,11.27339,0.0,0.0,125.0,45.54977,0.00387,1.8,3.334,-1.0,2e-06,94.12630824503132,287.41906429695075,81.1212014709528,66678.90347609506,29.24283175998264,3.376830417302429,0.368412720470103,0.32275993021258537,0.2716921389784725,0.2856239417543415,0.13644935952382956,0.2520759977833204,2.4720293209876543,0.3278729751847407,4.4885021327074055,0.3402907016936414,0.6228,0.2628392840843516,159.80256045884295,73305.36522039551,1.379445660740249,0.3259586548592407
10,110,88.4581,13.574,106,14.4419,0,105,125,38,127,25,0.98353,94.15555,0.0,0.0,3.5,3.688,11.49435,0.0,0.0,125.0,45.59965,0.00352,1.77,3.175,-1.0,1e-06,95.36669881915729,286.39801267746674,81.12446859396476,66648.31098353694,29.267634827413673,3.956569723263584,0.3649700670041768,0.32569660388842114,0.2710611322189017,0.28643072565447514,0.1366924619237039,0.2496588740504425,3.7180266203703702,0.32662225266264117,4.406789324317621,0.33803783482556926,0.6235607843137256,0.2630844987612118,159.88681044365228,73456.249471368,1.3838809128267078,0.32590225094207864
11,111,88.4892,13.7354,106,14.8286,0,105,125,38,127,25,0.98794,94.20674,0.0,0.0,4.57143,3.7,11.66152,0.0,0.0,125.0,45.6495,0.00351,1.78,3.09,-1.0,0.0,92.96457941694828,285.4041808533901,81.0930065394426,66614.77167577141,29.2713020230517,3.9029203315774192,0.3641719052771823,0.3289751427901446,0.27047059381210864,0.2874021267909817,0.13710934499291674,0.24890238426389208,4.380304783950617,0.325370536980254,4.461093796810411,0.3364658226410959,0.6244666666666666,0.26311138046226223,159.9379972305655,73435.99041428615,1.3794456607402512,0.32599605467876275
12,112,88.5638,13.9755,107,15.1871,0,105,125,38,127,25,0.99142,94.27443,0.0,0.0,5.17857,3.705,11.80068,0.0,0.0,125.0,45.68245,0.00357,1.78,3.718,-1.0,0.0,88.89497195944682,284.4206288677173,81.06820143326854,66960.57798886801,29.27827811535494,2.288180343561462,0.3650886053200839,0.33463095831391304,0.2698297930841869,0.2897490276127446,0.13889279461563958,0.24787541069820204,4.180121527777778,0.32513048915073484,4.448850806871412,0.334929037475057,0.6250996078431373,0.26220365184718575,159.99001935278068,73567.06282367227,1.38550432776254,0.3259208545402384
13,113,88.5862,14.001,107,17.5395,0,105,125,38,127,25,0.99022,94.32748,0.0,0.0,5.57143,3.704,12.01078,0.0,0.0,125.0,45.71223,0.00373,1.78,3.342,-1.0,0.0,89.04696671471618,283.48546428695346,81.08297649942322,67051.33730257055,29.323880796079283,4.106606189639462,0.36399582274838005,0.3394164713144896,0.2686451635525071,0.2900545206990126,0.1414892398640571,0.24691392669980852,3.689380787037037,0.32455279381913565,4.668355177057159,0.33328965182290415,0.6250996078431373,0.26151401566519417,159.98820455833226,73460.84686114818,1.3800398718476543,0.3259371411518883
14,114,88.6786,14.0012,107,16.8987,0,105,125,38,127,25,0.99129,94.44668,0.0,0.0,4.78571,3.708,12.02678,0.0,0.0,125.0,45.72556,0.00353,1.78,3.276,-1.0,0.0,93.29519148186996,282.5535539690827,81.07093205170266,67386.25550696334,29.304964042004244,2.4939175648039704,0.36261278998043217,0.34245678737431007,0.2675252787568138,0.28936165034054007,0.1433919281478975,0.2454296388385173,3.6480516975308643,0.32369521099740445,4.53187790101088,0.3318091108054382,0.6253674509803921,0.2600731555820331,159.97362088701578,73370.81867937022,1.3860985388699383,0.3260783493066302
15,115,88.7498,14.201,107,17.1388,0,105,125,38,127,25,0.99087,94.54983,0.0,0.0,6.17857,3.701,12.02669,0.0,0.0,125.0,45.72547,0.00354,1.77,3.438,-1.0,1e-06,89.07010866814832,281.6404978784566,81.09653766260635,67558.78636238829,29.332095864378378,4.377518540821902,0.36171491228246117,0.3457543171999301,0.2663454063205292,0.2891653303240678,0.14516014223808285,0.24440855476915202,4.642264660493828,0.32286790958512934,4.5418786584061435,0.3307194844722855,0.6253674509803921,0.25851989532229935,160.09269287225735,73414.84428310745,1.383880912826708,0.32598570461395837
16,116,88.8255,14.3885,107,17.3028,0,104,125,38,127,25,0.98437,94.66777,0.0,0.0,5.25,3.702,12.19726,0.0,0.0,125.0,45.7371,0.00354,1.78,3.707,0.12577,4e-06,88.88073646491611,280.7701101204707,81.06215411951231,67898.83149769723,29.374148521894288,2.181126889946217,0.36057002138327243,0.3457032866531142,0.26481906016794987,0.28907480387033874,0.14658865842704813,0.2435998074920644,5.142602237654321,0.3222004412122335,4.587506745406059,0.33012532745316076,0.6253807843137255,0.25700738885213065,160.0978386346309,73474.34256952004,1.3855043277625398,0.32593102437681587
17,117,88.846,14.4736,107,16.8733,0,104,125,38,127,25,0.99072,94.69385,0.0,0.0,5.35714,3.699,12.35834,0.0,0.0,125.0,45.77299,0.00313,1.78,3.31,-1.0,2e-06,89.75237976360076,279.886674957517,81.06056186120128,68006.61907078518,29.410835925443674,2.739333409398191,0.3593856577618076,0.34530070902832277,0.2637540200758966,0.289248632717718,0.14840655270086844,0.24228738709524403,5.203993055555555,0.3224209287620196,4.676602060805874,0.3298222094681615,0.6252878431372548,0.25565570904047963,160.1946172615676,73556.94541543853,1.3826924906119114,0.32572295812472635
18,118,88.8565,14.6837,107,16.746,0,104,125,38,127,26,0.98774,94.71316,0.0,0.0,5.35714,3.691,12.43055,0.0,0.0,125.0,45.81013,0.00329,1.78,3.347,-1.0,0.0,95.16768823317541,279.0021789609264,81.0431140729851,68041.34569348113,29.47532465428482,2.2053877722741535,0.35831229534315806,0.34402465163228046,0.2630836283991489,0.28921038081993905,0.14998557830173356,0.24153733310090467,5.195264274691358,0.3227061897944247,4.674755050277243,0.32940519673992796,0.6256949019607844,0.25526068322956147,160.2442288803942,73600.55487541585,1.3849101166551432,0.325439898974191
19,119,88.8283,14.68,107,17.5041,0,104,125,38,127,26,0.98631,94.68712,0.0,0.0,5.10714,3.713,12.61271,0.0,0.0,125.0,45.83949,0.00353,1.76,3.327,-1.0,0.0,93.16945233460109,278.1507152708106,81.08830794988599,67968.65307700321,29.523364973656925,2.4877544051189986,0.3574355845941583,0.3421063751781516,0.2625872320863724,0.28914690150672745,0.15183360422435807,0.2413124628574753,5.079089506172839,0.32249602601284033,4.77942900178213,0.32891511042288507,0.6259996078431372,0.2549540143381243,160.3243015565154,73555.3196907107,1.3877219538057766,0.3252977233001314
20,120,88.9169,14.6055,107,18.2597,0,104,125,38,127,26,0.98728,94.75746,0.0,0.0,4.67857,3.696,12.61064,0.0,0.0,125.0,45.8771,0.00341,1.78,3.243,-1.0,0.0,94.34545143633846,277.33406791138157,81.08717228554733,68359.8026094473,29.572139787085263,3.080384223263234,0.3566969589215164,0.34066869088469803,0.2619537757355709,0.28941954862063735,0.1531423098488207,0.2409451199254146,6.18677662037037,0.3210906756461764,4.803970883818096,0.3285126511183909,0.6262149019607843,0.2545509841425084,160.33856794873267,73564.09714556149,1.3871277426983741,0.3252008354719842
21,121,88.95,14.5776,107,17.51,0,104,125,38,127,26,0.99623,94.78386,0.0,0.0,5.32143,3.716,12.5457,0.0,0.0,125.0,45.90809,0.00331,1.79,3.055,-1.0,1e-06,92.57920083655857,276.5249205741532,81.05261392128966,68382.73292909449,29.63846767095872,2.7699318859358084,0.35608535295794,0.3397049306885368,0.2613383684839888,0.28991189913464055,0.154610663699817,0.2414906588762263,6.266251929012346,0.319599612010369,4.652737769313891,0.3279940557308342,0.6262454901960784,0.25442354088622815,160.28836568027003,73541.91838250362,1.3893453687415958,0.3251668124999217
22,122,88.9541,14.6736,108,18.0981,0,104,125,38,127,26,0.99353,94.83562,0.0,0.0,5.60714,3.701,12.52144,0.0,0.0,125.0,45.9077,0.00312,1.8,3.319,-1.0,0.0,93.12188440406176,275.7358048504389,81.06151929154973,68470.35758678759,29.661806459780095,4.017369509686613,0.3559260387082238,0.33833990265239666,0.2601915536598237,0.2903646439634364,0.15553721165374818,0.2424534001219628,6.240258487654321,0.31984140061440924,4.584473185282478,0.327456424152793,0.6262682352941177,0.254101410838989,160.3439362277997,73648.12531278507,1.3915629947848387,0.32506905943106956
23,123,88.9368,14.7021,108,17.4699,0,104,125,38,127,26,0.98998,94.8613,0.0,0.0,4.57143,3.7,12.60367,0.0,0.0,125.0,45.9132,0.00361,1.79,3.219,-1.0,0.0,91.37737732692096,274.97173451267105,81.07620834130853,68392.3503562491,29.73106817551601,2.859955624837853,0.3559536058670733,0.3365318356066841,0.25893833418100426,0.29026669614271056,0.15606835083398116,0.2432450289192215,6.142264660493828,0.31959324589135646,4.767484234740367,0.3271061611797297,0.6262305882352942,0.2542532952703713,160.4230501841391,73601.8602335034,1.3915629947848487,0.32489942006782974
24,124,88.9116,14.6846,108,17.1942,0,104,125,38,127,26,0.98857,94.82015,0.0,0.0,5.71429,3.707,12.62896,0.0,0.0,125.0,45.92173,0.00358,1.8,3.314,0.12603,1e-06,91.08755205675739,274.209574924182,81.07759899896193,68535.39421348092,29.780841968677663,2.745786455555236,0.3562200801070906,0.334905306533475,0.2578982508366992,0.29039220291381634,0.15679123877959644,0.2439175285560156,6.446180555555555,0.3196081719085401,4.631137190886571,0.3266142348954781,0.6259627450980392,0.25458707632740524,160.46286792179308,73684.39123084041,1.3909687836774332,0.3247424537739501
25,125,88.8749,14.7404,108,18.0652,0,104,125,38,127,26,0.98991,94.75905,0.0,0.0,5.21429,3.709,12.61614,0.0,0.0,125.0,45.93597,0.00386,1.79,2.911,-1.0,2e-06,92.86811885785536,273.4536101340303,81.09289579167283,68612.33400545915,29.846289175528067,2.657194046007171,0.3564377498615163,0.33382965304641227,0.2569168863830173,0.2903816168199159,0.1570227817091296,0.2444223795804829,7.151523919753086,0.3190249401295698,4.604973307223032,0.3261273775868519,0.6259776470588235,0.254932356094027,160.51315972352015,73712.06085563182,1.389939579848999,0.32462634445997646
26,126,88.8782,14.6582,107,18.0141,0,104,125,38,127,26,0.98882,94.74494,0.0,0.0,5.0,3.697,12.65987,0.0,0.0,125.0,45.93278,0.00356,1.8,3.063,-1.0,1e-06,92.32933619328551,272.71148263237285,81.07409227024885,68590.26676824354,29.865356822072727,4.792562732288138,0.3554868077922843,0.33269471378166565,0.2560277694392664,0.29046055802347287,0.1571474514117944,0.24476428176049844,7.1823398919753085,0.3183357524070309,4.694381865268847,0.3258741984615859,0.6260309803921569,0.2548906296937593,160.5878370729041,73791.6950027179,1.3849101166551432,0.32448560954547956
27,127,88.8215,14.5561,107,18.1092,0,104,125,38,127,26,0.98653,94.69537,0.0,0.0,5.25,3.692,12.59587,0.0,0.0,125.0,45.91173,0.0035,1.81,2.893,-1.0,0.0,93.43059442581679,271.97482605091,81.07377012164787,68223.85537205667,29.890932247962482,4.471790789582234,0.354810863742391,0.33222422693768994,0.25542902137561013,0.2905704291596647,0.15783402805382798,0.24518485067202636,7.088541666666667,0.31752692514858905,4.6819517061316835,0.3255336984434732,0.6260513725490197,0.25494252011375956,160.64116824557544,73823.524263623,1.387127742698369,0.3244749084861975
28,128,88.7369,14.5512,107,17.9467,0,104,125,38,127,26,0.98225,94.62762,0.0,0.0,5.96429,3.698,12.5067,0.0,0.0,125.0,45.8708,0.00345,1.8,3.041,-1.0,0.0,96.71054901675252,271.25812760352085,81.11014487417968,68071.77094207102,29.888892091350787,3.259270389031482,0.3546328386933171,0.33219640747935264,0.25530616114292265,0.2905101892124857,0.1576494989034193,0.2448440934754881,7.078221450617284,0.31706405486223566,4.63796727233372,0.3255555015197383,0.6257098039215687,0.2551079393933312,160.69160181761507,73782.24322680685,1.389345368741606,0.3244405662892622
29,129,88.7433,14.5846,107,17.5064,0,104,125,38,127,26,0.98468,94.63248,0.0,0.0,6.71429,3.7,12.49874,0.0,0.0,125.0,45.85623,0.00343,1.79,2.88,-1.0,0.0,94.73601088553785,270.5554255975904,81.10629709012743,68070.95957956664,29.878587699230806,3.1807101275819387,0.3549066877699605,0.3318684609931835,0.2552217656544685,0.29065464711834765,0.15755002929121534,0.24457855587930294,7.426359953703703,0.31673266540097583,4.683008376154338,0.3254459080279313,0.6258866666666667,0.25511415914961333,160.70799798357712,73798.28499246709,1.3883161649131663,0.3243775875199534
30,130,88.696,14.5645,107,16.9694,0,104,125,38,127,26,0.98129,94.61411,0.0,0.0,6.57143,3.702,12.52871,0.0,0.0,125.0,45.84391,0.00358,1.8,3.032,-1.0,0.0,96.16663280169143,269.87219846331215,81.09420093055343,68033.50638176964,29.86176026897666,3.964687797668267,0.35527202661064394,0.3318232558856546,0.2550009481994295,0.29068579029744696,0.1575222510097624,0.2447338259279581,7.757908950617284,0.31501817724354675,4.769887433859131,0.32544783525313653,0.6256125490196078,0.2551964323461368,160.64562166670316,73775.22402692445,1.3893453687416055,0.3242517663180172
31,131,88.7093,14.6079,107,17.7866,0,104,125,38,127,26,0.98708,94.61046,0.0,0.0,6.67857,3.702,12.51732,0.0,0.0,125.0,45.8479,0.00343,1.78,3.153,-1.0,2e-06,93.20407595835219,269.1805831178908,81.07617614905604,68051.18432070212,29.837511227454666,2.386485383347322,0.3552970101595882,0.33158943202205177,0.2547324208264899,0.2907933258426746,0.15757383796339228,0.24476446902657603,7.705343364197531,0.3138942348352835,4.649320647639599,0.3256713810358841,0.6254835294117633,0.2555064853887324,160.5738927040354,73673.72660457,1.3877219538057723,0.32412179092442633
32,132,88.7329,14.6396,107,18.4061,0,104,125,38,127,26,0.98566,94.61828,0.0,0.0,4.82143,3.686,12.55152,0.0,0.0,125.0,45.85136,0.00343,1.79,3.525,0.12603,2e-06,92.99476961597406,268.52264925340484,81.08098683345227,68119.75411661912,29.799806194540896,4.117320748194843,0.35566969383808833,0.33110826993726833,0.25441787753266043,0.2908550610969687,0.1576395407515693,0.24418088267713514,7.629774305555555,0.31268184930450094,4.74967461185154,0.32558848895371495,0.6256266666666667,0.25576453479090516,160.5239436015001,73794.68967030378,1.3893453687416102,0.32402496045850493
33,133,88.6344,14.5012,107,18.4338,0,104,125,38,127,26,0.98052,94.5172,0.0,0.0,5.92857,3.694,12.57835,0.0,0.0,125.0,45.84056,0.0032,1.79,3.109,-1.0,1e-06,92.49282758764537,267.86307430933834,81.10749662015373,67930.95752719548,29.738566269109278,2.6803448284072786,0.35541609140159636,0.3308271954891696,0.2540808265632936,0.29071653678594345,0.15740623303871584,0.24356648248201657,7.618200231481482,0.3114821253272696,4.801348260603345,0.3258146568579939,0.6256266666666667,0.25577468385713253,160.4978408373147,73843.80593851357,1.38978036146264,0.3239545730062022
34,134,88.5481,14.3481,107,17.6706,0,104,125,38,127,26,0.97773,94.44206,0.0,0.0,5.60714,3.682,12.4609,0.0,0.0,125.0,45.83406,0.00279,1.79,3.109,-1.0,2e-06,93.25989272133174,267.22554309632307,81.10296700006475,67611.82753766466,29.684340488763507,2.8800509924747604,0.35549890730427797,0.33043647823751904,0.25403461427212926,0.29068676451049463,0.1577069615785629,0.24304772959808557,7.840036651234568,0.3106969534492056,4.752026553560149,0.3260498859058052,0.6256650980392158,0.2560844366499332,160.51001350313408,73642.82121366997,1.3903745725700423,0.3238982976425209
35,135,88.6093,14.2917,107,16.9511,0,104,125,38,127,26,0.98292,94.47503,0.0,0.0,5.03571,3.672,12.32891,0.0,0.0,125.0,45.84208,0.00313,1.81,2.924,-1.0,1e-06,93.45396590986086,266.59634109751596,81.1008802121978,67865.84393044125,29.6629067880136,3.210627770908556,0.35573315640322956,0.33037772171478874,0.25395177611727343,0.2907315914611609,0.15766875374279937,0.2425599322950813,8.007860725308642,0.3106085944649524,4.62951885862852,0.32650439633113426,0.6254733333333333,0.2561222982594533,160.48991908572197,73692.94463943267,1.3877219538057755,0.32396566509699465
36,136,88.5376,14.3127,107,17.0148,0,104,125,38,127,25,0.98469,94.39384,0.0,0.0,5.25,3.694,12.27756,0.0,0.0,125.0,45.84772,0.00329,1.79,2.853,-1.0,0.0,93.61572758860632,265.9993177510526,81.09593724548412,67777.48808323548,29.657297581802176,2.5745478221209894,0.35625159026302744,0.3307504326115159,0.2536608048981878,0.2908768344775574,0.15748240794106208,0.24204241578705893,8.00535300925926,0.3096890929848098,4.689393084809379,0.32694566747011944,0.6256650980392158,0.25617456140241207,160.43704663012917,73773.59397159074,1.3877219538057677,0.3239392292789359
37,137,88.4283,14.0682,107,16.9753,0,104,125,38,127,25,0.98102,94.3031,0.0,0.0,3.78571,3.684,12.30475,0.0,0.0,125.0,45.85146,0.00365,1.8,3.132,-1.0,1e-06,93.45406596861785,265.4159313850252,81.08951700782477,67458.0013072485,29.61308721848476,4.140761773968161,0.35650587359111363,0.3313126845051051,0.25344736639044724,0.2908120683841775,0.15745741947788683,0.2414511334814083,7.987509645061729,0.30932258596066364,4.938793196798256,0.3274883684733095,0.6254709803921569,0.2562336445830395,160.4522622242257,73705.26173334145,1.3893453687416064,0.32373718907717114
38,138,88.3658,14.1105,107,16.5589,0,104,125,38,127,25,0.9892,94.24107,0.0,0.0,4.42857,3.684,12.09639,0.0,0.0,125.0,45.84734,0.0035,1.8,3.051,-1.0,0.0,93.46028107250555,264.85415086083293,81.08062598623613,67121.98566155875,29.58538121352961,4.409491322986485,0.3570317760291179,0.3312197218877483,0.2535487465034979,0.2909471799172344,0.15743923350288214,0.24098228555814954,8.052083333333334,0.30868439103972006,4.641729298539031,0.3281535325956074,0.6255329411764706,0.2560774506127488,160.4474484308671,73705.13979225927,1.387721953805772,0.32363415390706995
39,139,88.4173,14.0116,107,17.2461,0,104,125,38,127,25,0.98679,94.29444,0.0,0.0,4.10714,3.678,12.12301,0.0,0.0,125.0,45.85215,0.0034,1.79,3.118,-1.0,1e-06,93.90938163919711,264.3044013958974,81.06285656082127,67376.57998137074,29.585754771291473,2.948340874791059,0.35814638152220396,0.3305367077500287,0.2537106597089643,0.29152622238475584,0.15742103978007554,0.24042102971824705,8.17481674382716,0.30872602162724583,4.613044778767668,0.3288344067276976,0.6255101960784314,0.25603575581580607,160.41154189496655,73716.36383344013,1.387721953805772,0.3235068128963964
40,140,88.4015,13.9014,107,17.1724,0,104,125,38,127,25,0.98421,94.26514,0.0,0.0,5.96429,3.679,12.03737,0.0,0.0,125.0,45.85532,0.00314,1.8,3.091,0.1268,1e-06,91.34477361512062,263.7768833930252,81.07370115332819,67153.48995716737,29.575602778682004,2.5407452686078833,0.35955040858266313,0.32977805093497115,0.2538008531624361,0.29193208507558394,0.15746089451649384,0.24000133359826029,8.266830632716049,0.3088817337222678,4.590144997939505,0.3294653602631573,0.6254349019607843,0.256021397973141,160.4041260356048,73608.12269383702,1.387721953805766,0.32347298812186176
41,141,88.4245,13.8627,107,16.1611,0,104,125,38,127,25,0.98192,94.25711,0.0,0.0,5.35714,3.695,11.94463,0.0,0.0,125.0,45.86767,0.00346,1.79,2.943,-1.0,1e-06,94.76279751134942,263.25169513534456,81.0937243118704,67183.84670629268,29.530442414460357,2.8938399154419976,0.3607256460080054,0.32887068106151157,0.2538536919259269,0.2916652556920549,0.15752990578169646,0.23999755789666577,8.252700617283951,0.3096923835099156,4.738023247513828,0.3302212286289539,0.625464705882353,0.2558556796351133,160.34286278841788,73660.2620970471,1.3871277426983761,0.3233688784387836
42,142,88.4551,13.822,107,16.5706,0,104,125,38,127,25,0.98138,94.28453,0.0,0.0,5.46429,3.674,11.90914,0.0,0.0,125.0,45.88014,0.00322,1.79,3.015,-1.0,0.0,91.69830185850645,262.7247121680756,81.08652929213335,67146.25439728601,29.547575962396316,2.412904032290644,0.3616899987218207,0.3279367701971856,0.25395356765748095,0.29137153795361104,0.15770031635830176,0.2400294031865873,8.292534722222221,0.30940708507260245,4.774321632969563,0.33106925439279544,0.6257848235294107,0.2557456792937809,160.36861906933805,73710.24417910891,1.3800398718476448,0.32324810523703185
43,143,88.4188,13.7887,107,16.0183,0,104,125,38,127,25,0.98389,94.26226,0.0,0.0,4.10714,3.692,11.88037,0.0,0.0,125.0,45.87635,0.00298,1.79,2.996,-1.0,0.0,94.30184524526145,262.206512583917,81.08789056333094,67122.08543463769,29.51837045175058,2.082799527333408,0.3625562533015287,0.3270325743877799,0.2540288174675306,0.2909667393943744,0.1579089086092176,0.24023240892005637,8.411458333333334,0.3093962936610031,4.754265956510703,0.3319037272256684,0.6259329411764706,0.25547427991494054,160.34088234876398,73668.58718314562,1.384315905547748,0.3230879325954778
44,144,88.3779,14.0184,107,16.4478,0,104,125,38,127,25,0.9837,94.22419,0.0,0.0,4.25,3.7,11.85401,0.0,0.0,125.0,45.87461,0.00315,1.77,3.181,-1.0,0.0,91.42099769804987,261.6934214284582,81.07143684436741,66912.7539468047,29.526016423731676,2.1232496728641532,0.36357077435031837,0.32627846619795825,0.25429401696940257,0.2906778680885921,0.15817487205075306,0.24009592695907145,8.415605709876543,0.3096980719236896,4.564630893672921,0.33267510932604155,0.6260301960784314,0.2554082176062561,160.3183552599338,73624.11208543942,1.387721953805767,0.32294543407545645
45,145,88.4603,14.167,107,15.7721,0,104,125,38,127,25,0.9873,94.29451,0.0,0.0,6.14286,3.682,12.05068,0.0,0.0,125.0,45.88069,0.00359,1.79,2.913,-1.0,1e-06,93.84721507145956,261.18950560916755,81.07629384650473,67133.26721757963,29.51550519024884,3.8942609121137637,0.3648913429191336,0.3255576990991668,0.2546010154645718,0.2903054145554469,0.15860783893557692,0.23994203459369876,8.440538194444445,0.3100711312716876,4.804239225759168,0.33347186307187693,0.6262603921568628,0.25539927938234885,160.327760172819,73781.44659974371,1.3855043277625423,0.32283955345927384
46,146,88.4931,13.8221,107,16.4668,0,104,125,38,127,25,0.99222,94.33741,0.0,0.0,4.35714,3.685,12.17379,0.0,0.0,125.0,45.88273,0.0032,1.78,3.042,-1.0,1e-06,93.75104273778484,260.6929998356539,81.06255594795618,67109.68894059675,29.502934397002793,3.450874416570509,0.3657464034849461,0.32496051142712484,0.2546229429519295,0.2901902284691594,0.15959530182306833,0.23984702322096838,8.40721450617284,0.31050000452489507,5.014686138138977,0.3341947435585865,0.626498431372549,0.25530052556077437,160.3169166617384,73736.75289302155,1.387127742698368,0.32264374625754866
47,147,88.4628,13.8422,107,16.1268,0,104,125,38,127,25,0.98676,94.31263,0.0,0.0,5.0,3.677,11.87472,0.0,0.0,125.0,45.8829,0.00312,1.79,3.09,-1.0,1e-06,91.16840354224625,260.19194243200786,81.0726126499081,67028.01496456066,29.477008207344713,3.2828503960481914,0.36654218782970066,0.3245644684932794,0.2547808757747588,0.29011433693556454,0.15990935025761333,0.23975686016213443,8.406828703703704,0.31077328577610924,4.5805146530584,0.3350684624898709,0.6264898039215686,0.25539566198571667,160.2675828998062,73708.08259601738,1.3816632867834775,0.32249576452355316
48,148,88.502,13.824,107,17.0249,0,104,125,38,127,25,0.9876,94.35271,0.0,0.0,4.28571,3.697,11.89475,0.0,0.0,125.0,45.88647,0.0034,1.79,2.925,0.12551,0.0,93.64261422822807,259.7106027890703,81.06061876098694,67032.14839983726,29.448448275342397,3.389999174459709,0.3675042403843639,0.3241947524085481,0.2550557776283743,0.2900825798061449,0.15989440829674603,0.23979485152390909,8.382040895061728,0.3113520496932705,4.5470632615205115,0.3357258214443166,0.6265062745098039,0.25531263671381904,160.21671025937724,73649.47226956852,1.3877219538057712,0.32240743422407064
49,149,88.4855,,107,17.1584,0,104,125,38,127,25,0.9832,94.34207,0.0,0.0,4.85714,3.709,11.87618,0.0,0.0,125.0,45.89025,0.00381,1.78,3.024,-1.0,1e-06,94.55290645982804,259.2287548087751,81.09954255665232,67045.26975214439,29.450758380654417,3.312845332593615,0.3679868553206903,0.3236195072575074,0.25522624539073246,0.2902295874377399,0.16004575126850232,0.23959264165336006,8.356577932098766,0.3117616122002218,4.747386958598465,0.3364177000213831,0.6267364705882352,0.25511455450700327,160.17754250720736,73618.92495325998,1.3877219538057688,0.3223134702347367
